-- phpMyAdmin SQL Dump
-- version 4.5.1
-- http://www.phpmyadmin.net
--
-- Host: 127.0.0.1
-- Generation Time: Dec 02, 2016 at 10:59 PM
-- Server version: 10.1.16-MariaDB
-- PHP Version: 5.5.38

SET SQL_MODE = "NO_AUTO_VALUE_ON_ZERO";
SET time_zone = "+00:00";


/*!40101 SET @OLD_CHARACTER_SET_CLIENT=@@CHARACTER_SET_CLIENT */;
/*!40101 SET @OLD_CHARACTER_SET_RESULTS=@@CHARACTER_SET_RESULTS */;
/*!40101 SET @OLD_COLLATION_CONNECTION=@@COLLATION_CONNECTION */;
/*!40101 SET NAMES utf8mb4 */;

--
-- Database: `drivingschoolsystem`
--

-- --------------------------------------------------------

--
-- Table structure for table `admin`
--

CREATE TABLE `admin` (
  `AdminId` int(10) NOT NULL,
  `AdminName` varchar(20) NOT NULL,
  `Email` varchar(70) NOT NULL
) ENGINE=InnoDB DEFAULT CHARSET=latin1;

--
-- Dumping data for table `admin`
--

INSERT INTO `admin` (`AdminId`, `AdminName`, `Email`) VALUES
(1, 'admin1', 'milad1995@hotmail.com');

-- --------------------------------------------------------

--
-- Table structure for table `book`
--

CREATE TABLE `book` (
  `BookId` int(10) NOT NULL,
  `BookName` varchar(50) NOT NULL,
  `BookUrl` varchar(100) NOT NULL,
  `LicenceId` int(10) NOT NULL
) ENGINE=InnoDB DEFAULT CHARSET=latin1;

-- --------------------------------------------------------

--
-- Table structure for table `form`
--

CREATE TABLE `form` (
  `FormId` int(10) NOT NULL,
  `LicenceId` int(10) NOT NULL
) ENGINE=InnoDB DEFAULT CHARSET=latin1;

-- --------------------------------------------------------

--
-- Table structure for table `governorate`
--

CREATE TABLE `governorate` (
  `GovernorateID` int(11) NOT NULL,
  `GovernorateName` varchar(30) NOT NULL
) ENGINE=InnoDB DEFAULT CHARSET=latin1;

--
-- Dumping data for table `governorate`
--

INSERT INTO `governorate` (`GovernorateID`, `GovernorateName`) VALUES
(1, 'Ramallah'),
(2, 'jenin');

-- --------------------------------------------------------

--
-- Table structure for table `licence`
--

CREATE TABLE `licence` (
  `LicenceId` int(10) NOT NULL,
  `Type` varchar(20) NOT NULL,
  `Price` int(5) NOT NULL
) ENGINE=InnoDB DEFAULT CHARSET=latin1;

--
-- Dumping data for table `licence`
--

INSERT INTO `licence` (`LicenceId`, `Type`, `Price`) VALUES
(1, '5sose', 90),
(2, 'tgare', 100);

-- --------------------------------------------------------

--
-- Table structure for table `login`
--

CREATE TABLE `login` (
  `LoginId` int(20) NOT NULL,
  `Email` varchar(100) NOT NULL,
  `Password` varchar(70) NOT NULL,
  `Type` varchar(10) NOT NULL
) ENGINE=InnoDB DEFAULT CHARSET=latin1;

--
-- Dumping data for table `login`
--

INSERT INTO `login` (`LoginId`, `Email`, `Password`, `Type`) VALUES
(3, 'milad@hotmail.com', 'milad', 'user'),
(4, 'amjad@hotmail.com', 'amjad', 'school'),
(5, 'milad1995@hotmail.com', 'milad', 'admin'),
(6, 'email@hotmail.com', 'uNxc7cBfZv', 'school'),
(7, 'mi1122@hotmail.com', 'BHpHKm9TDz', 'school'),
(8, 'test2@hotmail.com', 'N12T0aXloP', 'school'),
(11, 'mario_melan@yahoo.com', '9T1FULxOC1', 'user');

-- --------------------------------------------------------

--
-- Table structure for table `payments`
--

CREATE TABLE `payments` (
  `PaymentId` int(20) NOT NULL,
  `Date` datetime NOT NULL,
  `Amount` int(10) NOT NULL,
  `Details` text NOT NULL,
  `UserId` int(10) NOT NULL,
  `SchoolId` int(10) NOT NULL
) ENGINE=InnoDB DEFAULT CHARSET=latin1;

--
-- Dumping data for table `payments`
--

INSERT INTO `payments` (`PaymentId`, `Date`, `Amount`, `Details`, `UserId`, `SchoolId`) VALUES
(1, '2016-11-08 14:00:00', 200, 'deasdasdajjhg', 1, 1),
(5, '2016-11-17 02:01:00', 100, 'paid at this date', 1, 1),
(6, '2016-11-29 02:01:00', 100, 'paid at this date', 1, 1),
(10, '2016-10-31 13:58:00', 1200, '', 1, 1),
(11, '2016-02-10 14:24:00', 100, '', 1, 1),
(12, '2016-11-09 14:59:00', 100, 'Ø¯ÙØ¹ Ù…Ù† Ø¹Ù„Ø§Ø¡ Ø¨Ø§Ø³Ù…', 1, 1),
(13, '2016-11-01 14:01:00', 100, '', 1, 1),
(14, '2016-11-01 14:01:00', 100, '', 1, 1),
(15, '0000-00-00 00:00:00', 10, 'Ù…ÙŠÙ„Ø§Ø¯                                    \r\n                                ', 47, 1),
(16, '2016-12-02 23:10:18', 52, '                                    \r\n                                ', 47, 1);

-- --------------------------------------------------------

--
-- Table structure for table `questions`
--

CREATE TABLE `questions` (
  `QuestionId` int(10) NOT NULL,
  `QuestionText` varchar(100) NOT NULL,
  `Answer1` varchar(50) NOT NULL,
  `Answer2` varchar(50) NOT NULL,
  `Answer3` varchar(50) NOT NULL,
  `Answer4` varchar(50) NOT NULL,
  `CorrectAnswer` int(1) NOT NULL,
  `FormId` int(10) NOT NULL
) ENGINE=InnoDB DEFAULT CHARSET=latin1;

-- --------------------------------------------------------

--
-- Table structure for table `schools`
--

CREATE TABLE `schools` (
  `SchoolId` int(20) NOT NULL,
  `SchoolName` varchar(50) NOT NULL,
  `ManagerName` varchar(100) NOT NULL,
  `GovernorateID` varchar(30) NOT NULL,
  `Address` varchar(50) NOT NULL,
  `Email` varchar(100) NOT NULL,
  `PhoneNumber` varchar(20) NOT NULL,
  `MobileNumber` varchar(20) NOT NULL
) ENGINE=InnoDB DEFAULT CHARSET=latin1;

--
-- Dumping data for table `schools`
--

INSERT INTO `schools` (`SchoolId`, `SchoolName`, `ManagerName`, `GovernorateID`, `Address`, `Email`, `PhoneNumber`, `MobileNumber`) VALUES
(1, 'Samaqa2', 'amjad', '2', 'zababdeh', 'amjad@hotmail.com', '42520087', '0598887'),
(2, 'sama', '2ahmad', '2', 'adda', 'mi1122@hotmail.com', '11441', '1441'),
(4, 'fares', 'ebrahim', '1', 'yabaad', 'test@test.com', '244', '355'),
(5, 'ahlya', 'test1', '2', 'zababdeh', 'test2@hotmail.com', '1441', '12311'),
(7, 'name1', 'ali', '1', 'Ø§Ù„Ø²Ø¨Ø§Ø¨Ø¯Ø©', 'email@hotmail.com', '42520087', '0598019678');

-- --------------------------------------------------------

--
-- Table structure for table `trafficsigns`
--

CREATE TABLE `trafficsigns` (
  `SignName` varchar(20) NOT NULL,
  `Image` longblob NOT NULL,
  `Discription` varchar(100) NOT NULL,
  `Type` varchar(10) NOT NULL
) ENGINE=InnoDB DEFAULT CHARSET=latin1;

-- --------------------------------------------------------

--
-- Table structure for table `users`
--

CREATE TABLE `users` (
  `UserId` int(10) NOT NULL,
  `FirstName` varchar(50) NOT NULL,
  `FatherName` varchar(50) NOT NULL,
  `GFatherName` varchar(50) NOT NULL,
  `FamilyName` varchar(50) NOT NULL,
  `IDN` int(15) NOT NULL,
  `Gender` varchar(1) NOT NULL,
  `DateOfBirth` date NOT NULL,
  `City` varchar(20) NOT NULL,
  `Street` varchar(50) NOT NULL,
  `HomeNumber` varchar(20) NOT NULL,
  `RegDate` datetime NOT NULL,
  `Email` varchar(100) NOT NULL,
  `PhoneNo` varchar(15) NOT NULL,
  `Hide` tinyint(1) NOT NULL,
  `ToryaDate` datetime NOT NULL,
  `TestDate` datetime NOT NULL,
  `Profile` longblob NOT NULL,
  `LicenceId` int(10) NOT NULL,
  `LessonsNo` int(2) NOT NULL
) ENGINE=InnoDB DEFAULT CHARSET=latin1;

--
-- Dumping data for table `users`
--

INSERT INTO `users` (`UserId`, `FirstName`, `FatherName`, `GFatherName`, `FamilyName`, `IDN`, `Gender`, `DateOfBirth`, `City`, `Street`, `HomeNumber`, `RegDate`, `Email`, `PhoneNo`, `Hide`, `ToryaDate`, `TestDate`, `Profile`, `LicenceId`, `LessonsNo`) VALUES
(1, 'milad2', 'marwan', 'milad', 'antabil', 860143551, 'm', '2016-11-09', 'jenin', 'zababdeh', '042520078', '2016-11-22 00:00:00', 'milad@hotmail.com', '0595873662', 0, '0000-00-00 00:00:00', '0000-00-00 00:00:00', 0xffd8ffe000104a46494600010101000000000000ffe1008e4578696600004d4d002a00000008000201120003000000010001000087690004000000010000002600000000000490030002000000140000005c90040002000000140000007092910002000000033339000092920002000000033339000000000000323031363a31313a30382031363a31333a343800323031363a31313a30382031363a31333a3438000000ffe101a0687474703a2f2f6e732e61646f62652e636f6d2f7861702f312e302f003c3f787061636b657420626567696e3d27efbbbf272069643d2757354d304d7043656869487a7265537a4e54637a6b633964273f3e0d0a3c783a786d706d65746120786d6c6e733a783d2261646f62653a6e733a6d6574612f223e3c7264663a52444620786d6c6e733a7264663d22687474703a2f2f7777772e77332e6f72672f313939392f30322f32322d7264662d73796e7461782d6e7323223e3c7264663a4465736372697074696f6e207264663a61626f75743d22757569643a66616635626464352d626133642d313164612d616433312d6433336437353138326631622220786d6c6e733a786d703d22687474703a2f2f6e732e61646f62652e636f6d2f7861702f312e302f223e3c786d703a437265617465446174653e323031362d31312d30385431363a31333a34382e3339343c2f786d703a437265617465446174653e3c2f7264663a4465736372697074696f6e3e3c2f7264663a5244463e3c2f783a786d706d6574613e0d0a3c3f787061636b657420656e643d2777273f3effdb0043000302020302020303030304030304050805050404050a070706080c0a0c0c0b0a0b0b0d0e12100d0e110e0b0b1016101113141515150c0f171816141812141514ffdb00430103040405040509050509140d0b0d1414141414141414141414141414141414141414141414141414141414141414141414141414141414141414141414141414ffc000110802d0050003012200021101031101ffc4001f0000010501010101010100000000000000000102030405060708090a0bffc400b5100002010303020403050504040000017d01020300041105122131410613516107227114328191a1082342b1c11552d1f02433627282090a161718191a25262728292a3435363738393a434445464748494a535455565758595a636465666768696a737475767778797a838485868788898a92939495969798999aa2a3a4a5a6a7a8a9aab2b3b4b5b6b7b8b9bac2c3c4c5c6c7c8c9cad2d3d4d5d6d7d8d9dae1e2e3e4e5e6e7e8e9eaf1f2f3f4f5f6f7f8f9faffc4001f0100030101010101010101010000000000000102030405060708090a0bffc400b51100020102040403040705040400010277000102031104052131061241510761711322328108144291a1b1c109233352f0156272d10a162434e125f11718191a262728292a35363738393a434445464748494a535455565758595a636465666768696a737475767778797a82838485868788898a92939495969798999aa2a3a4a5a6a7a8a9aab2b3b4b5b6b7b8b9bac2c3c4c5c6c7c8c9cad2d3d4d5d6d7d8d9dae2e3e4e5e6e7e8e9eaf2f3f4f5f6f7f8f9faffda000c03010002110311003f009e1b7dc1f72aa73c0518c7e153ac9c918566aad0b5d7da216b83c32172bf8f4abad2324984b69187193f5ada7eeb4da33d92525a14e18156461102091ceeedfe735767c2a292ca64c72c5b19a86686686ea4505255037ef50738a8db171ba2725770c2c98ff1a8a8e517cd1661569a8fbd18b1d242f34a0a966c74553c516be64334a58f046195851a7b08b7218e669077390315247f25bcbb559e33cfce2afdbb9c2cb5335594972323862fb1b1908e07cdbcf61522aa6d6f2c0c2f26a4863f3206f332a1b81505d49b58c708c6073b7bd4d150a6eed1ace3350b2dbcc7c7146b08019ba64b7ffaa9f7b294fb108f0768db25456f2080c6a031f3383935295322fcf1b4473c6e1fe35bb7adee3a5cca365a0c9a66b8db140406c16ebdaa4121c2ec6001ea714b14915cdcc6cac0e148f9074a42be582a0e403fc5571946d77a987b2ab195ea3ba15675b70ceccd81fc4e696d644921f3949dbda97619947418a64d23cf147012701b3f31f6c56129c64fb1d71a8a9ab409278848c0a9c67ef7e545bc6ab1322b17f33afe54d663e61ec30054d66c619186f5117fb5c557b6e84fb7552deeea431b3429179ac371181ba9d3296dbfbc75e73b73d689b6ce3322ab6dce3776a679618072d8e795c55a8c64ae8dd45d48fbc4db4451e0821c9f4eb4932cb3db931ffad5e714f12796a33ce3fbd51cd2cecb2f9447ef001c0e958fb377d5911f674f4632de16915652769c9c8534e681595cb608fbdf354f0c998738c01efcd3570d2e4fe149c953d24ae12a6a4b46431a88bcb1c9f52c718a916568179e572714eba877ece148ea78a91a32b1e401c0fba2b48b4fa130a71a7b91eef9b1b7ef53158b48620b9c9fbd9a7c6bba5380689229215f3772804e3dff00cf14dc35d0b6f9acfa0eddb63db8c6da55dadf2e288ff78d92739a91576a9e00c7f76b58a497bc754546a4762bb46ad2f1c9c60354ad6ecaa33c1233b6ac5baed0483c9fe2f4a864dedfbbde4b76dd584b57a1c73fddbf75090c8ccab1100e467e951f322e00352795247e5e18f4e4e2a6b783746c449939e8ddab48c5257b845cdad8aeb6e638f1da9648fe618608454eea548ddd2aaba8924cf38aae7b8acbed30693746721f23fbaa48a6c32b4726d19008ab4b968c8076fb5323830c09a89494511ecd4b660374d1337756d87fcfe34d5531c670001533318d885c52aed78b046d7ff6455d3a975648d15adcbd48e38d995491d697cb31124803352c733e303a0a2498b2ecda847be722972c9bd0da2e9ded3635e30ccb8c545340236de0920ff0d1b59a4daa093531f95724f26ae37f85b31ab2bfba9d86abfca145357a9048e29cb17191d69553683ea6b34f95d8ca9d3e5f7af71b14c2380b79449240e298cbb58f18ff00668092ee273fbb1d69e632c84e40e6b472e6d11a35093b49ea323559d886c801776e5a40cb1c876a8618c6eef5324016325d942e3f88d460244a09e9d9ab9e44ce8d95d3b8c3108d8c9990e7f87ad134a7e48f0c41a5f3c29076ee191f2d2b4ead2300a5411c55c5e8733a7c9a91b5b874ce718fe2ab11c418e481cf46a81643b7e61c1a6ac9333671851c7cb5d0af35a9b536d2d55c7cabba42a0eea6f96573cd3958ac838a70f9a4c738ef5872b72b265ba6e2ef176422c656324e2ab34c768f415626f9b2a873b783b4f155f61da07515bf2a92b1329abd96ac40e59f1918a9197e84e298b09f3833718e9419177679e6a55052d11a493a915a584b740aa0b0c9ff006b9a8e49de599586d5ce1599c5584fbd9ed5148859ba75ad951e5dca842caf242345e591f3ee38f4a70658d0ee3448c55325493fec8a6843b4938f6a8925b21a92bfba46b206538ea2956312919ea2a45554c06db93fc343ed5e9853fdeae54dad88973156698a7ca0f4a6c521ddcf35655048c7b915188d76b6c550c7f89b3c56f19f33d6373915393d50d924f2d4f7ddc8aad33162369e71d2ae48c23877310181c5423637ddeb5335ae8752a765791523558723196a6b46f12828403df23b54d22849b3c924525c36e8f238349a8e961c7924556cf988fb436d5c1e3a9a64dfebcc80039fd2a6690c69f758ff00ba2a13865232109e9b854d48df72dca3f088ff00bb6e7043542b1b471aede8170706a668cdc37a60714b2c4238c27998354adcba04e9f44562a1973819fef62a392dd432918c77ab1228e36f39fd29be4ee0c4918033f354453b94a0a3f132bac8172a3a8a1a3f3304f1c7355e253bb920faed35646fdf83d3158d4e652d0a4f5221bb711f78511dcac71afee8671ce4d2b4c23936f5355e4539ce6ae9d3753532972c5e888da53f763550a3dea29a3669e33b8953d55aa63f77a73de8930cb803a55c9493b58718dd5995e6daa41da0b74e951dc4a638c6060b52c96fbb0dbcab77e6a1663e61463c0e94b96fa97cbadc6472f00b8cb76a246658e49481bc0e39a49ad8c8549c6d539dbef4e997744723803a52bb13dbdd772905122924e4d319a38e26cfdefa5598ad93cb527ef0feed0d6db98b019cd2f69ccec88a6a2fe2dc642dba1e7bff001545e47999c74ab2d205ca63b629aaaec367dc35ac2a462fde475feee31bdca4d6adb576f5fad4c64dc1936ee38c1a62334ac47ce369ff003fcaa52a23208e4f5db594a6dbb23913bcb7ba1b0a6cebc7b54cab1c6bc00280cad209368c1ebed48d0fef19db85350a324ee6d28b5ac5dc8bce78db94215ba53c4e19406e86a458fcec1239150c969e636e8c2ee1cfcd5a59495ce64a72968f42cab2edef8ff6aa2661b88014ae31d3ad491c6db909c53a48d54349838feee286b5b17672972df41d0c7e64180a361e08ac9f135b86f0c6af0c6446e6d64c6dec715b36df2c79fcd6a878a22f37c33aaec1999a0c273de871515ab3a1535192e567ca97fe7dc4ea2293747e50cf1ce7d3f4aab74a23923ddb77638dd56ee9bcbb89d9142fcc41556c8ace851daf1a59a3668fef2f3551e5b68767bbf6b737e3559a358d82ecdbf5c7141baf241f2a33281fc23ad4b0a8f2338da7180cb55955608faf1fde27ad70c9de5698bd9abddb1f1f9f756e92200b3119daddaaf5e463cf6741850a9c28ef8e6a8593491b300c32470b9e952c772f70c154e5b03343a76f7a2757b3735742b322b0320c376e2a78255f298caa49fe0e6aaea0855432866703dab474d8249ac44b2801ba95ce7a55a8ab5d3d4e7f6524ee98d6ccd1c7b0639f4edffeba96288c21c4a54a63eee2a7b5b37963631040633b30ddc51736f70ca094223c677118a9bd567451a2ef79125bb2c56b950093d02f6a7d9a99a42a9c77638e955606f2fcc2016047cab8ad0b08e4c4afb58285dc4afa568a9cb97de6538c39bde637ec8d112ed20ff810eb44c5a1f9faaeddd56a190f964e32a7f89a9ba85896b7f3566620f48f1c51770577a99dfa459ce47189f568a5603e56dfd7ae3a7eb5d3d9ab34255802a7a5725034b6bad473960c91f4461d7915e8d6719d41a49044908071b517bd6939de3a32973a57e6b89671cdb51b780a411b2ae2d986898863b80ce314eb58fecc24f3195f8e38a75bc7ba6c93c9ace3539b445ab5af7d4a30c2566692300b6de57156618cfda0c926e00ae02e78cd6949019e10b1f12aaf461c9f4a92e22863b7588290e070def572969aab99e952e98c8577423392187157f4ff002219158f9c0a9190ab906a0b589e0400c637629da4453c8f23315daabc7b9cd524ed6804294e3e86aeaaa27b2919427233b5f8c9ea2b91b388cc7736d39ea56bacb8825bab291445bf9e7d6b94fb198d9cc40c4b8dbd726b5518463aabb14e52e91b97bce450063240e5594e0815d5784606d5af2da68d2482d96448cba8299271d3239ac5d32ccd8ab9134939383920715d9683e6cb631a166502457899642bb7e70303f1adfda28c1a484e3c90bccfd7bd0f4f3616502b6e322c11c64b75f9540fe75a54c89bcc40dd88041f5e29f5e23d64cf1aa34de8828a28a0c428a28a0028a28a0028a28a0028a28abe6ee014514557a00514514005145140051451400514514cbe6ee14514551a5efb05145140c28a28a0028a28a0028a28a0028a28a00fcb68fcf6539976855c00e7ad3ae6791668f6bee8197e6d8d9e7fce29eb08921cb3924e415c557855e07c16cd7749eb7d19854c372bd5d89edee0cc49e430183cf34cba07e588dbb37cb9de7a0cff00faa9f0ac0b234a072c369e7a629f33798ac63c06c609c72451fba9af7a26ce328c7953d3d46453161f3c870a0b12d4347247661e32d2ab00e57a605259c62e1a02df2009f371d4d582be582839dbc0c572ca5183e58910a308ead928be8a4b2588298f1cedaae34ff3217937365870b8e95247b1572f9e2a0907da044496450ff3286c71fe7154b55b8a55ea42f18aba259acc32c8e933c32ae085519fad3da59e75fdecd2328e8ac78fcaabdb45f67503ed323063c6f038a93ccdcc403d3ad5de295998c6b4e5a495862c8d631b2c4c0a1185e3a54b6b1b347f3b4720c72bb79151476e92484e5d476653d2a58e510c44162693b68a2ae76c22a51d07c7d08ffd069915bcca77993626482acb51c3344d24522c8f139eaa0f4a9d243248e4924b7f131a1d28c754797f0d4e5881565e841e3f885411cdb6660cbcf6a9a3cc93052703d7ae29f258a5bcdb966f3723fbb8ac649ec91d57927aec0aaacbb490a4fad22afcaa0601c60b53d57cec80b961d36f7a46815158b1c4f81b518d68a4e2b53a62d7c4e411e199c0258e70770e9491c6de674caff2a5b784aca7cccedc7f09c1a748db73b11c46a396639ab8beadd9132e593f798d8d55a6da5722a5b75db249bb18ed4db1b5fdd963919e9bbd2a668faed23ad63274dbbbd4c5c614ddc8a5dea4edc1f4a48e42ae4b1cf1da9b1c32c3cf9a5947f0d4be489306b6be9ee9939736a8264f2e3dd1f07fba68685d970082d8e39a8d94cdc6f240a9e3936aeeef803f2e29f338c6f2348d4e55ef0d5827b71996340bfde561534919554e01dc338cd205338058293f7b0ddaa28e365c824b328c05ce702b38d653d222f69d62ec2dbc8565dae0e0d3cb6d63819e3ef0ed5019199bf771313c65b1562390f92170413d5a938b4ef2674c270e5f7ddd8412f967f78474e686c6edca36ee1d3da98b06d5e0934d9b7cccb876c463017b7f9e2ab955b9a3b19baba5921f24fb9402322a3f27bafc9f5ab31a99e30180181f7871514986215b248180d52add158cfd9464ef364619a16c36082386a9d1bcc19a8f6955280920f02a4b75ce54d5462a489f675252b4761aff0031185e4756a6f3b7218647b54a5be60aa0e7fbdeb49222c646e382c785aba504f466fecf915e4c8a342c77375a6c8cdb828193de9eccb1918269428b8f3072be5a83bb1ea7157caa2f4392525cf6b8e56318001c1a74cdb604c28693be4d10db246a7072c47dea6796d1ae58e4d118abdee69ccef6686c523f965b69eb8a7231c679e7bd2361971bbad496fdc12303fbd4e5dac5a9369eba11b332c6c99e1bf4a8c46ad20c0ff81355bf2d5a4c76a8a68f6cb81c2d6719b83db43394bb8c92319191d050d2ac8bb028db44930da40e69218c48b94c835d0dc64eef4147e2bc989f66db19cff174a86453bbad49179de46d6e4f3f7feb48926e159ce0fec99d49294add05661b463a53a191738e707fbd48abb474a6347e66e1c7fc06b58c3ddbc8b8da2ac3e6cc721518ce377cb5146cecdbf3fc3cd3e350adf362ac4788c330e564529b7ea39a894e3b40994949588372478e7ef7b52ed2ad1e17231cb522b2c276e014feed4bb863000c7d29f3c52b32a9ca317b1148df3050383d6a3b889548e2ac2a8dbef502b4be69dc772760c2b0e695f44757b46dfba867f0e074a747f2b60d4b22afcbb46dff0066a1e5811eb5b39732d4e575257d58c937738cf4a62b158c06393deacc79503ccc631b69ad02a8cedc8278a57b6a916dae5e65b9134614eee2a1fbc49ab3244471d05578e02b312c78ab728a5ef19ceabb7bd11638ff0079b87191515c47f3727fef9ab1374f94e0d42cbbb8cfcd593a8fa6c656968d913617099ce69b1db191f8eb8fbb4e921ead81baa258cdc10a79f4ab524e3e67a1cca30d751d228db960378a86460a06dc16a96488c51e063fdd350a7ca84e326b18dfa8bdd4b51b0e5a42afe9814d68d198291f8d2aed727390d4ef2c264b139aa7cd3d11119464ecc4f25618f6939cff007aaacca9f73d2ac336f5e7a552fbcc71bb1fed51cb38ab1b69177611ab6ecf4e3a53266daca09f948c15a9a490c6a800edf7aa264f3002460d1d34dcc2556fa244322ac7828b93fde5e94c1208d58c84e71ce2acb482350a1723fda355e44f9491861437cda3562f9a6f65629c7e6cf209703d36d3f69593e63d6ad431feef18cf7a49a156c027071571b2d16e56dac9146491579762a3a0db50b6eda3049cd5868963270589cd37cbe9818c5136eda9b424a4ac886787747b7f896ab470c9246e641b31d375682296c96a859532cddaa69ca09de444bb5ec54fba06785a245322e5791de94fddd981b69fb9638b0b8c77a55269bd1684d3972f522915563e3ad44b3056c3b6d15666883306180be8b55e781675da7a560e3cbac0b77de244cb1ac8769c8a65e2b2c24ab60ffb3dea492355618e074a4587a96cf14422e429454a2ee578d9a1881dbf3775a9597ccc1033eb44b6e1ff0088edfee8f969e14c7112a307b569271899c29a92b5ac2470c516ee412c7eee3a5132e63c02547fb34d858cd92060f75a7aafcbf374acea546ac696f67bb11a14955178c7f7a8585246943eec28cfcb524518dbb7bd091e323bd7528a8c3996e2e56dfbaec2fcca414e54547e7379814027039ab2a851319e2abb4815c82318fe2acd5ad7149b8fba9dc9e15dc4e3a1aafaf3343e1fd51a2e5a3b591d78c9c81562dd4aa3b76a75f452c9a4ddc8238e54304824dedb38c544b95c7b85393e6d4f9566b60d34d1ceac24c027771dab367b59b6abc418851f794e2b6a385e7b6917ed08f2ec23ce63c0e3ad665ac3259aed964dc48c7dedf9af379a57d1d8f46ac5ca3ee93d967c86560781bbaf7a91984b6e622a00c706ac5ac6acbcfca2a0976360a9c10715b7342f6bea4d2a52e5f782c60f27249dcc78e9564a8560c146eff64555b6b848a73b873db7743524508563279e080a063b83532738c92dd1d94656562aea172ccc62329503fba056c69b72b1c88a30e0018e3b567dc4027da1b6b30191d8d5eb1b848ad517ca024518dd9ebd6ba1ca3ca95817346575a9a135d4b35c63e608570194d66ea505c5aab3348db08081909c9157e162c8371273e947d955a3dccc1514e3e614b997a19cd3ab2b6c269f70268d76abfdd03e7356d7cfb79808b90cb865c64557d2ed24588fcbc76e724d59b1f33cf6425b07b1ed8ae88cae85c8a3d1b658b5665203c60a9ce171504370d730304015b91f2f38ab6d098e4ddbb200fbbeb5147208f0a9fbb3d97b509a347256dec725249246bbb823070ea6bbfd0f740c184c15d864afa8c7a5711a869fe44c61561b5547de3d2bbbf0fe9cd1dbc5e6f9731283f79dfa0a894d72e8b52631725f116ee124c762a7f894d5ed36d5e6889236ed180cc31ce29268a09182e0070bce2a455658caac990c39e2b15384b7dcd254e1cba8d824b89aeb709a3f2a3e02a93cd68410150edb7248cfca2a9593796b8c640fe2ad2d2e2759e491c120ae073c75ff00eb555e09dd3d4d23ee46d11d1c05a32431c915734f8cfca130e7151491c56b1bf1f3b0fbd56349b64b5f2a567c1ea147a513a8a2af2644a1d65234f548cc3a14ca88881a3396ee39c5716d184c08fa7fb46babd4a41a9c2170c8075f7ac01a58b7918ac8c549e15bb56f869d2b5d9b41c230dcb56b03c11900ee246372f18af45f0bdb8682d5e17596791e218c6704103b57090fa1c807ab0eb5def85ada4b69ada382769099e348d5860e4c83d2b556aada893282e5bbd4fd70854246a9bb714014fe5525252d79934d49a3e7aa3d740a28a2a0c428a28a0028a28a0028a28a0028a28a0028a28a0028a28abe6ee014514557a00514514005145140051451400514514cbe6ee14514551a5efb05145140c28a28a0028a28a00fcbb919a0b7b8134a30f80bb54f14d10055dff291f5a95ae629233181b90ff7aa08ed5a2ff57b5c63857ed5a68b45a21d4ab3a92ba49892b334924718c08c6fe9eb4f897cc3f3f422a78b2ab216c06c70b8aacb0790c0990b13d169d15272b3d88929c9ad09d5446c14719ab4176a96c83e954249bcb9612549e7152c51a35e96cf4050af4eb555a9537ab1c9251b5b51f23fcc7e555ff7684811c6e0d86eeb529863998ae0fb542b324308529207079e2b18b945da999d19497c4b409a01f670a00fbd9a8041f32ae720f073deac799bd73160b76534c56f9b9fbdfcab7e676d772a494ba590f584afca830297cbe39186a7dbb16c8eff00dea46c2811f94db80e595bad3553d9c6ed5c76f72d1d862ec8c70806473c5496f08f298e072d8e9f4a658449e49596599a6001d8e381f8d598ee8ed3132a26de8d8c53559c97325630a6dc657ea5695d6d5972080cc13763b938a96f2192dae8424ee0cb90545472f977190df329f9be869564db271bb38e5b15a53e47ef5466bed159f321eabe5ae2404902a1f2b7cdb8a95e301734f5dcfb71b79ebb8d4cb1ee386201c714a5529dfdc666aa45c74dc58e16e7383e951afccde5e4966ecd4a655b35fdeb64827e6cd12289b0f1fdf1fc4c48c54249abb215e7d07dbb3348616380298ab236422b123f89b8a9608c2c67240351ab155ca9c6ea9508d35ccb534e68c636931d1ce116420a971fc39a7c1745633bd163ddd19734c48d5a4c7019bf89aa548b74803e0803f5a8e6e63929d495ecb61618f6ab67a0eb50c58682752165604615c91fad5b69c7965471bb83502ac512952480dfdd15bc3976675a5d1ea241bb904018f434e65fde829c9c73ed53c73246b201d08c5530c992324c98fe1a9e58a95b6319cf97dd7b0ff2996e14ece08fbcdc53e693cc6c215217aed1cd39db76065a9ac9e490d1e1477ab9c34f787529b51524c6adc01f2ed241a7c8c2355da3af5a66e1ced19cd4d1c41a0248fbb5ca972bb24671e6b68451b49bb78388cf5fa53ae1a3594224818719e29db77c6caa36f151aaa3aafcc14818f9ab7d5edb8d4e5095d21e73e4ed3cf1c362920883152fd69c7cc0db48dc30288233196270493e9d29479bae86ff005872f7ada8f59961f9f19c5423ca9646f3618e42dfc4c3a54cac5410d8e7ab536368bce195cf3f7a9c6128bb8b9ea54e839614da49348c8acb9c7ff5e92eb2180519a6f946551c1005692a9e4472abf98b0f723f9d26e19c6e04f7a7aa0652bd2a3f291644001c91f79a946698e329c7dde83bcb18273814f85628f20fce7fbd492342bb43ba834b248995e5507f78d125cdaa368ca9ded61983b8e091cd4d2425c74c902874e7f7793fed6288e6f306cdc727e53b7ad3e7bae5ea73494652b107d9c46c77738fe1a5575553f28527a6d150c91c7131784b6d3d771cd246db97ad4f2b46a9c622bb7ef07539f4a7346aa3818342c261c1ee7a53d9877e2ba236b5d226ef7488a3532373f70d2c910fe13ff7cd363cee4da0f153451991b006dc756a1d5e84f37592d48e4806d51fad3c41e49049e287f99aa575f3b033803ad6525ccb40b27ad88258c3420af0053a384bc6a73820734f66e484236fb542b29593009ac6cad7ea6d18f3214e59b0074a49103479006eec5a9c8fb0e00c9a0b6f279cfb56907663bb6f4643b8aa1e9cd45b5970793fc3575f3e4845e066a346f9b1950bfed56eea595ba972a69ad595268c95a7dbceeaaca40231f5a9963dd1e1b04d5755da4fbd652a8d9c6ed17a0e1f329ed5148bb98734f6976b6de94d75fe23d2959496a6ce4a5ad8698f8183c8a026ee3a7bd05777f1103bd13ede3617181f76b2953ecec44651be8c864428d8ce41a8561df2ed071dea6b8b79b00864dbdd7bd112ed5ce79ad57bbb21cdf33ba2358cb3307ea2a3997c961b7d39a74ed1c6a01dc41fee8a65bbbc85cf053a1dc69cf9a5b8fde92f7968317efeec0cd23c9f37cc067b53a66126e5191c7515195d91e1b2d4733846c8d23257b448d9b736029c776029555235e79a2165627923d55bb50d246cc5003eb9a8929b5713e683bb7a10ae246701780bc6eee6a38d5a38ce50e7d1aacc7b377c8437aeda8aed8ae0e703bd73d3e793d51b29425aadcad3279cc3040f556a62aed8f15659919722a06c3127240c76ad2f28cacd8e3277d485bee91ce69ad1b4880609a97785a062435a46a4af62255b5d168508e3f2e424b17cf4dd4348506edbb8e465569edb55cf0400698b871cd29b6f73653d36127913b0a899449132918ff769d346ab1e71ce476a6ccc563cae14ff0079aa63cb1275be843f665c0eb4d96011ae33d6a7653e4ee24161d5aa359be5c919a9941c95cbf855e48aeca631c7dda6050cb9edfdea9e49d980c8151c83f77855006734a2a56b151e592d08998e063151b4cea304001bfbd4e9564c1f2d49206714aca5946f5c12391570b47e264c5462c856195b952a077dd4d6678e3f9b8a9e25f9580dd814d918332fc8781cee150f927a1acb96da6e2dbc620567cf6cedf5352433ace0311b4f4db4bb0c91fcdf29a608ce474eb59a86b6b98d9ad592ed58a4dd80decd51c9179b2764047dd5152bb2aafa935043098e6de793d07d2b4b5b762e74f7266b75b441f3311f4a6dc2a48a9b473fdeab0f968ca9e87ad46f0799b40c2a81f7a8751b7648caa494761d02fc8e4900639dd51de40b79a6dd40ea4c5242f9c77c0cff004a708f76541dca4d4d3663b69938dc6228ad8ce38ab97b38477d4eba6a2adcc8f90a659e48d6290244be56482b8c124f18a885b344a595b7478e8074abd7a92dadc5cc0c774cac4170b8ddcfff005aa05904366dc98d88fbd9c571f373ab45d8f43dd8e91562c585b2dcc00898371b82b7269a57cbe36904f3b69ba4c90ada97846582f3cfa75a9e4984b8c8009a8e48545aee2872754436789273bc0e06455a32159008d40e796a9059b2aab0251b1f748ab31aa347b1d0125719c77ad633fb28d5535ba7729cb6e5f2c1f6c98c06a7d941b634c9e71cfbd3995558876cb91fc3daaddac28d1aeddfbb1ce68e7e4d2444f57a32d470ab469f3b055ecc296f362af9517ced8c945f6a8e495955847c0031ba9f6ac5635257048fbc46335a28f36da914afcdaee3749bc692490745c0c2d692c10cb96dabbfb37a5675ada95ba668df084702b5eded5959492a55bae0f344969b9dbcf08ab4f7238e158e3c3360f6abb6f0ac8c40c0931c7bd4734424c02b83f5a7476623c0721a4ebb7350a2b76ce79724d5fa9ce6afa62fdab72a88c9c8656f5aeafc2f0452dac5e5f9c244501d9c1c7e0718ed587ac450c1231571bd86719e95d47876412d9a2890989a2042e73838e6badd9c2c8a84232566ec5e8d44370540e48e7777ab2d8c98863711fc5e951c76e2ce4041693230bc722addaaecbb20a9f3193f8bb579ca8d9ddb378d0e556b8c8e32d242a80f959c3605694cbf61b7c96ca9e02af5a5b7845bb03e586fe95722db25c659430ee9dab38af78e88c572d8a979098f66e0d96c55db5d2bf784872ca070abc55abe8218adb71dcb276c73552cee2458c162436786aea49d45668e59d05bb44f710ee9fc95db0c6abf7bd78ac1b3bb9ae8151012475da7a0ae87535860d2f69cb3cc31bd7fc6b32d7100050e09ad69c63076335116cd956304a9201c6d6af46f87eb6fa9788b4786306763711848101cb1f313031f81ae1228d557a7fdf35eb3f08f369e2af0d1d32dd45d35e41e579c01dcfe72773eb5e853e58a6e48b9d941a3f5368a28af1ea6b26cf9ba9f105145159190514514005145140051451400514514005145140051451400514514005145157cddc028a28aaf400a28a2800a28a2800a28a2800a28a2997cddc28a28aa34bdf60a28a2819f9711cccd2331c33b1fe2152f2b27072c79db55ece40ec4a838fef62a58e7492446f9b8380c2ba6516ddee75529ae9a9342d2cf230f248c1aa774d1dd1550ac5b91b48c568c923c6c361207fb3555559663d49a54e4af68cb53095654e579a1b66b1d8d9b992262724aab7e94b0b06549827967ae1475ab0c9e61c13cff00768590f97e8075a22a2e56933372751a92764206df1e01653fecd2ced22b44541618e7753238cb3165665da7d010695a491a731971b587f17635b4e9a4aeb6349f2596bf783e206249c67a6da6b2cd181f2020ff001d3da21208c120e3a53db11a81c907fbb5cb394adeeec62f91ecc8d6e1629086c64a71fe7f0a9e4895ad4b8043919e09a85a595b022740a4608da3f9d362ba76b899252a48d9b78c76a883535623da4a2b51fb8285c8dac17f87838a7b36ec3ab63fdea86762fd0ae40a55576855641b587f74e7f5a6a51bf2ec4bad193e59227971cb00013c96c516efe62fcc320f461491f5c373c52b7eed704856ed5b7bb15b5cc254d296fa0adf78d26e2b821598679dbdaa2b5478db731cb7d6ad0f31a270b2300486daa6b3e5fe556365462a3cd123895599d00e7193f9d2ab066652c3ccc647151c19604e083d0d322f33ce3f21e07d78ae88d37f6b51aa9a587aa98dc9739cd3e0911d4ab0e87f8aa53148d1ee30e3f1cd11c2b90186322ae71825aa325693ba444acde667aad5b0de51dcc8586335198d7690a7047eb5249741b9c1c77ae3f67ccf9a2697a695ef61cea259b0838c7e550496e1ae6225ce631f76a48a6f3158a8200fe2c75a7332601eff00dead22ecee64aa5bde4c8a48cb61493ff01a9b698a100f4c63a546328c09381d73523387523b8af4629490dad2ec8e16923259f017aeea9ae641b002304d41b4cd0faffb34f9612ea15c6d2475ace5182dc85cc382aee504633fdea492411c9e5a139eb4afd464e714e8e05ddbf0013d5ab37692d8d21cd6d16a336feec7cc491c7069ad02b1193f55a91a0f209c1dc0d3550375ac53e5dd984a76d25b8fb785154e38152c4b1f99b54eedd559d0af7c8ab0b32ed0475ad3ddb5ee5466a5a5ec3666fde8247cbe829a637dc240142fd689a3f2caf707da9fe6798c22dfd07f0d36f955cbf69c8ad71b70ceac06320f4a41e660908c4a8c9e290db98e400392714ab26de0f5fbb4a2eeae9110a8a6ed7147cca09e33492630b8ea06292490aaf4e29ab9604e71c71531b5ef634f6d67cad0e87190c092d8fe2147962690eecf3cd3972be9f5a9376e560a70c47def4ad2525d10fe15748163f2e320138c556b7f2edd64c3ae3b6eeb4e8fcd8a3c34be69fef6314aca8b18c805cf3d2a5cbddd16a72caaf3691dc895b70c1c53d2308a30a3f0a6ac23cc0c0f1dc1a9dbeeaf65a515cda171e66b518d968d4370474aae4f393861560e59483cfa545e41889200298aaf6aa0ac8b9d4e5d04864daa7cb5da4fbd4ab232c654f1ef50b2feece3018faf7a903168c6eeb584649bbdb52232527a5c6aa97e7bd4d130ddb0fa60d467e5f94039a236da082067fbd8e6bb1dad73a637ea366862b393747b9988e571d280db8f4c669e72c718ea298c85b1cf4a5ece125aee5c3955eec661b078c63de8b7c649dd9352a296e0d3246f2173b71db34af083b5b5264e307662ee191bb80698df7bf76091d969ecbbf191d298cc62e839a5276d50dcddb422e5720e573fc3d2919bcbfbbcd4cabe60663c9a48f0e480a41033f353a495b6d49a51d7de572266dbcec19a4918b630383d5a959772fdedd48b36d5c6d245673567a0fdd57be8304659b9e71d69ad033365480292393a83904f5a903738e455c637e8674a3196ec62b6d5756c9247cbf9d41329e31c54dc7999cf18e94329ea71569a83d8e955211d122bcb218d4000e0ff00153225daa5547cc79ab2cbf2e7829df9aafb9bf780600eccb55ef49dd054afa6886b288f820e4ff1546b0055cc8c481ed4ff0031b6f3d6a45cc96e40e1ab9a4def2229f36fb1578763f28c522aa2b37cb918e6a5917ece8188c8ff006051231914641c9a9f997567eedac530a2024a67fe054c9a67f2cedc027f4a9da139a6c8abb31b79ff00669c2d27a19d349ea505567e371c77e28ddf3152303f9d49c22b16041ecb49e59922623ae38ad2718dec6b3e586b72bb46038149ca499fe11d6a7872a30541634c917e6c1239feed651899b9297990c989a40001555a0666233b706acc8c2ddf2738c7f0d43349e6287524b11c2d5b8a4af2675adbde09176c6b865e7f873514cc25511e30473f2d0611cf980371fc5eb50862aa7080126b1e45d3625377b31acadb64c64e17a7ad45b4a8008e48ceda9958ac8c64039181436e924ceece3fbdda9d9773392e5dcaeac23c83c1ed4f897e5249c934be6af9c498c06c7dea60f965ce0f3d2a2d2e8ce8d1abc48d94a9f9b826a2662a09c934b333b332b6378feed0ca238c0e4d370e6f88cb99deed82ce546d017e6fe26a591bcb000ea6992c664b7257238e78a92d608d638b76edc4721ab48aa69590bda26f725ff59f393ed8a8e38f7312dbb38e3d29d337cd88f903af14e470a05633a726eeb430954936204e314acbe9da86cb498381feed1e60e83ad09c96eae294a6d598a15d71cf34fdc59581eb4d8e36c824e4e6a565f2e4c9cf357ac9e9a1b45c6dab0861f9830624d2de2b346eaab9628c00fc29cad8c11d6a556fdec40f526b9eac7957bc744256ea7c91a94d347aaea0b3093f77214657ec7dab3da33342eed8c0190b8ce6b7b58947f68dfa432fee7cf7dacc3391bfd6b1595a786651e98e47b57245466fb1df26e4b524d263115b2941b571cad68ae9e27db346e9b47de56f5edc552d0e02b64e25221c9de0a726ae5ac9fb864390b9e0fad692938dd2d5131e54ed344b1c9be4cb75a99ad8b290bf862b3da6686600a9e7e60d57a39a58c8e083fed514e0edce91d11a6af75a19fa858ccd1830b95933cf19ad1d1da4fb3b48cc0c80e36e31d8547b8bc64b8c81fc429d64d1b03b491cf3ba8949ab330a89c657b97edfcb923c138cf1f2d2bb32daa2b6d7da701fbd476f6ad1c73b8cccc17e58d7a9abd670b35aed92011b9c678fc6b5a388e5d2c55296b729dbc8cb380320d6b5acacabb9e319e31cd675bc41afca6d707eed6b5adb96dbc6e61fc2b4e7515f636f8a77b92dcc459448b9cf75f41538b6dab1b39c391f7735105999a652846dfc78fc2a4b8d9222bca76ff5a9825277b9a75b989ae4290cc0850f900b35741e1195bec4e7646b1b11b7008e955af638d6121943ee1cd4de158d58345024a1719cb9385e7debb2553960f4214d296d73a387cd55b89b1848f0a33dea6551e7a4a78f7c558b4cb408864ca8fe2c5585b78fa31ddfef5795ede535748efe66e3a22c5a42ad2076ced231f37157ed6d554b329dcc05672c4cb0f951fdc1c6e5ad8b0b64c2b8627e5c7e3deaa127d4da841cb7d06ea1118602e4a8503277565d9b4322a99c0c6e1df8ad7d5b6c903467773f29e2b1a3d356e188de576f4e339aeea6b4bc8e4af17096e5bd498c562c2065f249f4ce39aa71daa4dc82587046d35b13da8b5d3e2631b3c4c396715862365906d7c01ced02ba23357b9cdcd293b17b4fb65999d76c887b33366bd3be17de3697e26f0f285f39ad6e629d6623a157047f2af36d358f9994600f7e3ad7aefc188e19fc6de148ae258e5864d46dd2612700e644e2bb39a3522d9d352118d3bdb53f5068a4a5af0ea2b48f95a9b851451599905145140051451400514514005145140051451400514514005145140051451400514514005145157cddc028a28aaf400a28a2800a28a2800a28a2800a28a2997cddcfcb7917fd5fd9e55f2ca907611f4a9e3892dd70431ee5bd694a9c2e47b0a194ee036e07f7b35d55a524b6d05525252ba177c92796172ab9f4a59242b3e70bb42eda6b4be4c91230c86feefd71533470292cdbfdbeb5cb4ed6e642e455a3672d48619da5ba3b705071c8c7e34f9331b1555e4d2c90c5012235db919ce49a58584eacac09ff00694f22b5517295d0d61e4959c8586295a3201e405cab0c52ac4acc496c1feee3a533ed0216da390783cd0db9543152430e38e2b6ab4e76b48a94209ae7207c7da0eddc17bad2b6e58b11e403537da9166db244e38fbca323f3a58ee21f3157cb28b8cfd7daa63cb4d6c73ca1172ba9115bc3f67b791b2ec00feefa5492431b4cb328c6400770f4a249d962f291d82907ee9e7f1a48f2d1fa2aff00131ff3eb59f3734af18d895ef3bb0b956d8bb36e33ceeea29cd209540ced2463a53818d98ef6118033f35259af95192c013d7762ba6175acd1d718f3af75217c92b102198b01ceea5ddfdedb9ff6a9646f31b8233fed77a6f9626936b2b01d9b3d6af4b6a73d4a718751c17731c2f27ad22ccd18e9c7f3a6c92981630aac199f03753d955646f9707f95256b5ce9845c23ba278642cc22202ee3e98c9a8d76c53ba6c1c1fbcb42b4923295700e783e94e69195642cc1e5cfde6ac79aebdd6613abc9bd9a1cce595557279fe2aaf233b480f6feed2c72c93e3f8719fbb52087e651b80ff7a883e7f7592b96a2ba9589a054f2c97ed4db6589a3c0ee3a353049b5640594760b91cd4bb8c6aa3cb0b9eeb53649dae65c914ecddc6c6de5c7fba031da9615ecc4034f8611264c78538c7278a6790d1c9861b9cf4e700d75463ccac5aa69bbcf443b6ee38ed4d919a266d83a8e5aa56c5ba94921589b3c6d62f51adc1c038ebfdea9d9d8d3ddf86f7448b0058f717272334e2be6461c9c62902990e79db8a4656b83b432c51a8e289c57733a92707eeab8c918361719c8a7ee558b96273fa516f10573b812714b2461738a705d09a6a751ea0b216f971918e288630d18ebbbbd10a9dc09ea3a54924de4800275fe2a9a96874359d38c58c65e31d587f0d38462356cd3921f94b64e4d472aede48ce0566a2a4acd0ea422acd3b091c65bef74ecb4471471c84b9a779dbb9e3da96455f2cb3c9cf6db5d3ecb9226518c67a5cb10c1e746595949c6edb9155043fbc65ee0669d25bc525d5bf901950a72d9e723ad288df712463b1a88cf94c676a7a223f336e108c8c7a54ad1a281c7fc0691982c6df29c7f7ea38d4cb264135714ea3bb35845dec4be67eedb318e4719a64110196e453c47e672ed83fddf4a36bc2dc722895a2ee8e8f66d3b5c88b6e603040a56dad185c74a959976e78dd5145fbcdd5aa95f468c6a53507a8d550c71bb069fbb6fca7914f8d42afca98e3f886298dd7ae3358546d5919293f910c79590b8ce48e94e9a4dd2007a53c49f2ec23a5232c6c032870ddf71e2add38c95ca9c1d456176f943b3678a558ff767a6053e4b70b0ac85864ff0d33e7da42f031d69fb3e4d50e0dd17e4490b2b488a78e396a8636124acc09519e33405f32dc8014b8ef4410968f93cd0aa6b665c9fb4775b1348c0ae6a19546729d0d3f6ee520f4c6298157cb18fbb59cf57ee99b9252b362a657ad3266170a51ba77a9a3db70a41c86a64b6fb41dbc9feed4dafba17326c864fddb16e29ab373bb19c5296dc3691838a48d77215714dcb4d75355cb7d751de6051f2819351c32156382724534aae0e3a53a15656278031f7692928fc26ae692bc108b1959380314c930cc428e956a3ef9a8245dabc725ab68c9ee4dd4973322f2c305c81ef51c8db540ed566352abf30e28db1eece73fecd4ca7ccb446128a93bc4aa76a8181d7b539986dcb0c01d734f68e3ddc28cff7a9bfc241e86946575d0d6114f72aac8678f91853d314346b1818c935311bb0a01db51c8a5b9c702ae5249686b78bd11563916567ea0aff000e2a45cb61500ff8152b29de4a0e9d76d49226d55619ff0076a124d6a6a9a8af7995867cdd84123de9970c636dd9271d16ac4986507eeb542577706b2e4527aa2650855d995a29249dbe7db9f45a5320e8450502b061904524bf3f624ffb3de946124f4d0e471945da3b15ee31bb8c1152478dbd36e6976ab4790074a8d58283bf35bca2edab3a6ee4ac324fbdc0c7bd67c8c16ec0cfcc79aba1b7671cd40d119245c90b8ae78defab08c575dc86e177673e951a22af238602ac348b93c82054335bef0369c5295fa9704deec6336e8cae3e63fc551b2aaf1ed532284049e805412af9a3032314d544dd985fa95e4db212bc16a458cc6c40e78a94a88f9c73490c8796231814e5cafa58d138cba6a46b1992324a9463fde15106daa40e455976f317daa268b75bc9b17e6039db51f122e5eec6c990b4217e738dc7fbb4d6843c6a1fb1dc29d1b068f07ae38a648dba3dbdea6ced648c7e1564895577290ac54f6a8d5595403f7b14eb77555c1ceeff006a9923853c75a230486b96c3dd8c4801e86902a343c7048a7ee5750ac3a8e699e50652a3d302b75b194a5cb2d4916e216655c80e0636d12c43ccca8c669b0c8b080a465b3cd48d27cdcfcc953af62a3184f56246de56013cf6a964d8ea77e1b3fc34c48fcc5240fa6ea0655943801bfd9aaba054afd492d610b20f9c98f1f91ab88e239787098ee466aa2e1640b86cf5a74d232c5218d419769daac7a9c5735592b6a54630beacf92b5c8e68b5dbe8b7af96b3c802a0e3afe95496dcf92cfb31230fe2adbd4a156bfba2400cd33938e99cd65dd4d26d310503b16eb58c3d9c773bd5d2b264ba34ebe5e4fcf195dbd2a466f2d89192074dd55b4bb6f2f0b9daa071cf1572158e5dc410ea383b6b9a71bcad1d0da33e5df51db62ba872c70c7e520d5e92e8486348a13855c63fa5502fe6e2320800e47357604c31c673fdeae9a6b4b33a63284b66477ccde5a150562e7727a53b478cb348bb3002efdcdfcaa29e449dbe618e3f8b8a7e972feec3443e43d1a9cb7b5ac635230bde45fb78cc37426da770046d5ef9ad9ddb616c7248e16b374d659a4944ac778c305c56948cacc141193fc35c72872caf13a29d3a725a3b1462b513dd664505bfbcd5b9636b270e18a71c8ae7bcc93fb4a3055b6ab6c6d9c71f8d7596321f29138d8ab8ddeb5aa8b4af6d4d27462b7208d59bcf57ce641cb77a85ad561202af03a330abf2798f958805390371e9526d962832caaec3195c641a994791f349ea42a6d47731b53b1180de6ba920642ff9f4ad9f0b4be4d818779dfbc8f9bd0f4fe7514f6a6756965033c7c8b49e1db96ba5854a6e901f9b6f602bae94d548d99317152b1d643016830739c536d2da48d809a4dc8470314818aee037671cb75ad458b746a4f414a2a54dbb6c7af1a6d2bc64416f1f93a81662de530c7ca6b7608a1f2c32ed653cf5aca81bc8b88f7279903020b2f38ae934c8ede2b7461b66880c166feb5c55e696e8e88415ef7327588a5fb1a4a1a30ad298c22fb0cd51d3dd95971b4b1eaac2ba3d6ecc2e9b3322ee58fe754ebcf4ac1b18d6e230c517cc5e8cc3a57450ac9c6c71626a4612b34747b9a7b2618ced03777ae2ae2f1a090288b70c73b3ff00d55e836b6f67a6e8370d2bef9e68890f1f2727a62b8c58c614b0dd28e4b7bd7a546dbb471d3aea2f95226d2228e6c9cb2c8472aca411f9d7ab7c37961b8f1d785ac97c8894df5b866751f28f310127d2bcdad6158fe73b81ee16bbdf034769e1ed7b4bbfb896e1e459e32c9c81b77a1c631d7815b53709b69234ab07c9cce47ea95148ac194329041190477a5af2eb46d2b1f295370a28a2b0320a28a2800a28a2800a28a2800a28a2800a28a2800a28a2800a28a2800a28a2800a28a2800a28a2800a28a2800a28a2af9bb805145155e8014514500145145007e60b36dc7a0a84ceaaccaa048f8e7e6e873d2a6dbb5941c377e68ba9218ae02cb22f9920183eb5dee719c796454a4a56d05f2a0bab72c7724918c8546ce3f3a4552b0b9672eca3866ea4fe15142c236765dc5f001551c53a3b8f2df64832d9e5bd3eb5cf4e9a8bb1b4138edaa2499b6b0707e52146c351ac23f7ad9c65485e6a5f23e53c8c1e76b739a58e28a366665cf1c2af4aea54d456acddd96b24451d9c1e5a8432072724af6a7c6a208c4225328dc48ddd87f934b02f96be9f8d23cd248d11c81b411f2f7ae79a72774f438a518621d9922e61b8deac7a7dca491bce997e500e78c76a7ab06e0f27fbd44789639997f8481baad72b56bea5f2423eed8042ab9f9867bd33c856c8ff00c7a992483cb2b9c1618a2063b660c000b8279ac9c64ddae7245453d8965b349add9496cb2e3f3a5f2e593e4543ef524370638f0815bfdfe2960b895ad98b66324edf93e95aa528e8cea718f2dd6c4324714522e79cf1f4a5ba83c8903c6588e86996f109079782db40f99aaccd34923700004f4c66b58a7b5c233825a954410ac91ef567c745de6ac4932c923c8ca1108f5e950fccb31ce30a083f5a6ee3206fbaa3b543f716a886a2f496a3ecfcb666c3640e381534db24e3cbdad9fe2e2a3855a3d91bb01fef74352dce66b897b127385ed9e6a7d9c5fbd16690a706bde8e8346f5d8ac4ed14e917cc603e5c0ef4821f9b25cb014cb7c492924e46385abd65a239e54eeedd07adac4aabe6e198e73cd0cbbb807e945d333797853cf4a58e0c3704e453e4715b19c92a7b0e862e08dcdff02a6b41e5c806792461aad051e581d5b3cb54322ee93246714d495b564fb4949688248e463990e7d3d2942fdd18383fc5e95234fb57057f2e694b060170727f8692ab17a2265251df720334a8c067f74bfad4b1ff00ab2ca3e6a6b2ed010f56381c54cb6fb93087803ef575c631b58da1393d37232ed043bbfd638fe16e2a56b7668d77021bef6d1507972ac98daa47fb5566499f83818ae6945c594eaf2eeac33cc0aa723e7151dc4c1a01bc63771ba9caa66ce0e0d4ff0066468b63b28c7f13529325cdd55ee95d643e590092bdaa5861fb44720690ab6df97eb522c2b6ebe5e7355e3656624640cf19a88bd6e8c392ff00131a1551b6175dde99a72fde01393524d127cade58dc0637546abb492bf7b1c56dcee4acc99c6095f7648cad6ff3a9ce2a68a1332ee39191fc550c726d5db24837f39a48e66695c027af1f95632ec5423196b625994f9051464639a86df2a3a6da9e2ca12ac060d22c6165c3138ef5ac14a06aef15a11cbb78f98876e94c5cb460313bc5585519c8ce074ddda98abe7650ae0fdecd6b29b4acc97af5116dc32e4b52c7e57443d29cb185076938f7a8cc03cb6c1d8d8e36f6ac9a5f12654f9521ecc3ccdd274c6369a7ac10b45f2855c7f76abac7f285fbcd8e77522c7b9318ebfc555ed21b5b5239538dd6847b4c84edc03d7ad4d0c3b53939929b1c7b49624118c7bd272c413918f7a893ee631b26d3bb116de691f74847a05cd58784b43b49229e32dce7e5a48f1b4f9993e9577718e8ce9e5e55e4431c623703d7f8a9645da7727f1547bb77cb56638432aa0ed58f33dec1294a4b4455925750140cd31b2d81c83fdda943ee3260107b548aa19897c63154a528174f956b3dc84298f903aff15273b89c9cd4e546dce7e41500f98f1d2b68f3cba58ce76be822c1e6007a9a6f97cb63a8eb532b34638e052c97180dcfeece3b54db5b22dcd455922aaa9c91d2a4f27cc1c1c53a161d5802698d249136028358b8bb974f5dd90b3157d99c63ad3d5467069ecc5872067e941c6410306b7d1ad1136d6c3067a1a81b0b9db534928e077a8d97cce4527156bec4da2bd46aff00bb9a637cdd69db9e338ed4d91be6cf5a94b4d1171bf51ad8dbc5325dc5001f8d3e360c32aa324f3cd31b72b60726aa309333d62c646bb0f39348d8998aa9e9ced5ab32e17247155a281198b0214f4aca5f11aad5d8826fdd903b530b05e3aee153c91890a87551e8c2a196dfcb627a915d3cd1e43a1ca305b106d489732be31fc3eb4dfbd18751c1ab01832f23a546d96206d217fbd5ced25bb21253574569e02c9907616a8fca65006e127ad5b239f5e3a5568e32b9e015ef4e295c51538bd0817e6e829b332b718c9a9db0cd85e38aae1430079cf7a99c2ef7359c53b365668cb498ff009678e696f155645d87008c63d2a62eb9c62a09e1f3171de969cb60d2d62393e5538e56a2560a0e47269f04661fdd93c3525d41b5830fbb8c5472bb91cb6ea57661bb2c78a64cae155a33f29a75c401624c13c9a48b3b5418c155fef512830e6d3dd226ddb7774a6c7e642c70c46eeab52492a4b21c4657148ec768cae5bfbcb49514fde7a0efd64233051c8cff00b5506e56e9820d4bb8eea88468bebc56bca92dcbe6ee3a355f9f7a9391c37a52c9005c60f34cdc5ba548ca701b391fdea9e651e81a26488ab1ae7ad319bcc520714e932d18da777a53971bc976036d5d96f11d4514aec8d608e651be304e39a49b62f6e3fbab4eddf31a8595a460a8bc9a12e8609c6f745c558fcc062dc531cee34e9238e4c105c483df8a861508303eff007a9554fdfc1600735328c5a34938b1f1a9534fdabb83312a172ff28c9e39a6438f2c32e734e6915486727039f9695a36b58aa7cb27647cada92fda750ba9d0068e599de365ee326b26eb7e096cff00c0474ad1d55962d635030e56013388d7d066b2eea47f2c8ddb41feed71ce11b9e938439526c96cd1fc921a41c9ce71d055a86d85bc926c004720c1e69da7c4ad6a39c9039345c2865003b2be7f86a536b4b1b51f6695ae2c5665642724a8e9cd6898656b7cc454376dd54eda6f998330200e17deb42de55923639c63f86a7e195d0d422a5eea33e4b66924391bb3c9ed56f48b76490c7b488563c2fd78ff00ebd0ccbbc852016a5816649a4db202a006da9c9fcab7f896c6f18a4f53474f95d6e4a3840bfdd357aeadff007826565031f76a9dbc4d3cc182e08ebbb82056adaa98d949e48e9594d4934ce96a2dec67f97fbc0d8258f35b76bb9ace129c939ceefad5268196f0cad81113f756b6ec2de4dabf3e102f19ef4e4dc96a814154959dec16d1b2aaacca54373e620e2aeb45f678cb38c201f7daaedb59acb1056cb0fad38589b5b628c43478c02ddab8d252676fb18c95a26248ecca644e76f349e198c41336fcfefb9dca391ed4eb985634c4472a0e2a5f0acbfe912c4a541519fa83c7f4adaee96891c0e31a6f96713a458d5616f2d4f98790bef53d9472c918130233df145bc7e6333b02157033576cf649919e9dab295594ba9d909422ad6d0922b658e31111b47f3ad9b1dd0c715b10a448dd5b8c647ff5ab261669e49267c24502eedbebc815a71fde33107cc6002fb0ac6556a49591dd46a476649ae5b1fecd9b054421403cf3cf158763e6c76f8923503b7ff5eb435a92e574ff002e3da6232027776c7a567e9f334d24712a92c47a715db878a93bdcf33191873688e82e6056d2e0940e44631edc572eb96b85dd1b7979c1aec2dec7fd0f0e422e39cd731247e5931c993f786e5af5e928cb4b9c71a31ded7112f9a45611a15271b769cd7a2f86e37f30ddcf998ac21e2878077e53f9735c158c4b0608c1da73babb6d0e668e489a4f955191f9ed923fc6ba14234dfba75f35a0f43f523c3d67269da06996937fad82d6289f9cfcca801e7ea2b428a2bc7c46b3b9f255f59dc28a28ae639c28a28a0028a28a0028a28a0028a28a0028a28a0028a28a0028a28a0028a28a0028a28a0028a28a0028a28a0028a28a0028a28a0028a28abe6ee014514557a01f976909ca9121007514fb91279e37a08d633c3119f6eb5346dc7283afa52dfcd24d0e6255049d8cbec7bd6fecdca3cc74b8d3a2b577625bca3cbc44c8ccc796e296e210d2cacc548639f94547636e91b60c8defd3ad58954cb1f96cf8ff0073ad4a946f6672fb476d0a7e5347855194ef53b5b35c46361f93390ca693caf2a4ff00584a81de98d037d957738f2e33d33f5c57473394746691bcb49b25f2cc9180461fbfb53164064640bfeaf8a20d91c2cde628620ede69b2453300d0caa03632187eb59c63e76224d527a32438699831f9fb67f950199632a8db477e3ad48aaab92635f354ed0699f68f3246764007f7453b383b9d119292bc47148a46058038e9ba9e23f323620a856ebc75a8a4bc896390a8f9c0e8d4e877cc0670bc6ef979a6a726f6b0a5284959ad48d6511c85304803751b9dbb1dbfdda9033c6767de04516be5ab0196c0e0eeaeb56e5d3731a94dcd7eed5858ff0076b900034e698c9c1e303f8475a1976cae3208078da7ad242dfbc20e3a77ef4b48abc8ca3eebb4d6a3388d8b905b7766a6ed000e302ad6d555db295418e38a864c2f23941d31deb28f34bae86d393d1ad87cd089248e6e8cbd3da9371da2407ad3d946dc7cdff02a58df72aa3853b7a715d328ae5ba2feb1192d10efbcbe949b8230c853c755a8e38db3e59393569561661b93711c67d2b0f769ebb8a325bf42091f7e3e5e9fc58a9236311ce29cd2edcc6a0e33c52ae37004120d6f1a8dee63eec9d9b25b7c2fcbc9cff0d431b6e8dd483bf71cd3cb04932320e2991dc1f3b246f27a71c56134d323db3a6f956c3bcb6520670474a97cc68648e46cbf6dcdda9924a649031e3d02d3448edf794e2b06eda582a54d74d446b31248183b6339f522ad8b718f909f6e7155c4c55b01481fdea9a190a8c1c926ae9ca5157142d195ec2eedbcbf6a26511c2f2606052c9f32e0e01aaab3ba8da3e61fdd6abe6e6dccead58b7ca490c25806725233fc75219a346504939f414e66f32166c0c01c0cd45b7cc6590f0aa385a134d59931a4d2f76413aee62ccd90dd36f6a63aac2a0018153c7224926080d19a83cbf982bc848c7a55d38345462dab4b562eddca0a9253ef0a9046323675a7afcb1e314d58b733499c6da348bdc8847d9bb342b42be6669bcb2f19cff7aa568c6dc96069f6f18607902a95db3a15de912b2b4bb8eee3d29ed3233772d521c34c0e5b2bf9527905819015ff0076afe27ef12ef1df521652c7e563b6a4b78ff7a5c3f014823df8c52c6bb5b3da9d23066c8aca715f6595a7620937ac92e7842b81b688619182e3001ebbaa555f9b93914e66da739e285aead98ba7ceef712167dc4328017f8b1448c323b50cb248387381fc3518cc8d83b722a972adcdda7156b8e2a1b914aac982701b6d471abc8a028cf6a48d76b0c029fecb53f76d7b194bdd438c8eca074fc28897f7657078fe2a72ef590e7eed2b5dfeec840377ddad2d1a8573f2c7562451865cf1fef5376b2918c60ff153adfe68483f29a7962b1960370514a4d474338b93f7a2caad1b6ec9e0ff007aa65ced03a8a8e490edcec35299bf760ec20d44947a33aa54fda42fd48e452d19519029163da98a95b2caa57bd2ccdb572010c7a71c565cd2d933962e6bdc1bb44808ee2abb43246bf30e2acb2b34608c17cee3b78a3ef45fbdff00c76b45156bb66f69456c536f5079ed4431bcad92695d82f38e2923593390085c51cfca8984df542c9115fa7f7a98519474f7cd4e582a1e793491e7000e951aee8d94aeee8aa73bb795391fdea53f28c8e86a59d5a4f978cff2a85be55c29ce2a5ca72dd90dea34c9e72e0e16a36b70dc0a93c9fe3278146dddf70e0d1cd28adc7ed249588218444afc9151ed646cf273d6ac3aaad42d96e9571a8e4ac0af264677331f434228e454a3a63b8a6ab18ce7031dea39949d96e6bbe8f42bc9149d5581a7cca163c93cd3c386271c5473a86e08e3bd6918afb41eeec52663ce39cd3fcccc64100524ea23c01d2887e60431e2a6514b6337cd1764550c77e0751521cfca58f6e6a5f282b1618c1aaf2b6d6c1350a2d1b539c9e96126802b07071515d6cf2581e0918cd4ad9db8cd56b867c2e460d656bbd4e9e556d480c68b1821999aa12db5f730c1fbb564a22c4edbf047f0d566b98947cdb8e7a71c56da5b432e7e57cb106658f071c543249b9bbe2a6322edf940ff007ab22eb5886d9889498c639c8fbbf5ace2a44cdcbd116266e828572a306b1e4f15695159bdc7dbe0982e788ce4d269bac43aac42682512464643678ad7debe88529b8ec6b3375cae16916e38c05aacda9c7e62c2e841fef53e49e35388e4567ce0807359ca1292348ce3bb62fd9ff799078a4658e3f9b920ff00154325f0854ef91211eae714ab289a353b83a9e8ca739ace9f3ed62399cba0ab8ce5738a55f97e55e82a7e154703653a180fef1c7403f1356c15fb8c45e9f362a6dabde9a23f981206defbaa42abb7e5e94a12921a69e8d9098c2fd0f4a7ac2abf364e6992cc1700f5a7386f2c704554b9a4b425a8ea894b7985dc603118dd8a6ffcb3c13907834346c8b95e49fe114f8fe55f9b19f4aca2dad24472ba7b2046ddb571800629ed19691555725b8dca2a48a3122f182696de5f26662c99da0f5fa1ab96dee1ad2959d8f94b5259adefaf76853e5cd2019e0f53ff00d7ac1919e4b8fba872771dcbc56debd24526a575244860f3093b739e7279ac6dde5b65b9078dd5ceae95da3d8b73c0b906d6b598be6300851b7ffd553a45e746e72dbbf85b3d2a4b2b395acdf6b06c9c85f5ff0038a9d94c718e9bc0e76d4d3a8afef68823076d195ffb3fc939c92719dd5a63f76aaaaa0a8c7e3c5565df1aabe7823eefbd6859b6fe00cb1a27692bc18e30a9df428df5b99159a3da9c7ddc54ba1467ccc367eeff0008e956efa08a151b8afcdc6ceb9a8f44b746ba1be59338c845e335cdf585b6c6b18ca2f73760b4897e62d893e956e08a3e9bf7b77a48a00d53d9588964676254a8e17deb0a924f58b3be1ef2bf52ade44d6eaa5b853d2b574d82e2dda251b5d4e32ae4f1fa5569224db2334cf271b426720574764a65b3b697383b0657152b11a59b3aa9be5f88b16ca7765811c7dda9e4b3f363691236329e391c0a758c6d35c2c87fd40fbdef5a53ef82d64f2e1f367652ca8ddbbd737b7539591db46d67747053c0d14b32103764e76d4de10455bcbd5231844656c75e79fe952c7710cb34824564218fbe7f1a5d36d8c73bbdb9249e3e73ce335ee46ce09491c32b395a47551c9fbb65c9c1eacb5035d6e2b6918de71f371da92da76f242b45b9c8e557d6acc16ab6c5428c4b27de6f4ae46a9d37a94a3adba17615696073e581128ffbe8d5fb58e4bafdec87040c05aaf1a9688410ab148c72ed572ced760ddbcf23eed73c1c5cae91bc6328bd362a6b0fbb4d772c142e0fd6a958ab4b1ac906d071f420ff00915a3a9431790c1ca85c7f11c567e9f208e4daa420feee3ad7a14927aab9e4e2b9b9af23b085608747335d169940f9971ea700715c55d395df36ddbfecfa575b756eeb67970de4000fcb5cd6a188526b8900655c62361d79c5775074e4f4645392b6ac96155bcf2954945e3715ed5da784e2967d6228555a7f30471918cf5718ae4ad311aee8546c201c3751915e85f0bf2be38f0f3404bdc497f6c62840cf98e250403f538aef4e3a9a4f485d1fa874535776e6cf4cf1f4c0ff00ebd3abc6adf11f2f5ece570a28a2b98e50a28a2800a28a2800a28a2800a28a2800a28a2800a28a2800a28a2800a28a2800a28a2800a28a2800a28a2800a28a2800a28a2800a28a2800a28a2803f326e23f3ad4cb02f91c6555cfe9546df72b10cc72703af5356edd5e458e1c336d181ce69d246cbf2fcb8eeac2bba9ca5cb6e853a5564af31accbb980e003f7b3518ff00565524dc718fa54c2dcb095b0a10938da7b536dadd1bcc1f770392a715a47de775b1695482b257444f019240d9618ea33c5128dd0b265b18c9553fe7deaced585725831f45a5758fecf2b08f9200dac7d3ff00d66b4738c7e244ba49da6ca50c114b1edf9d71cf5ff1a7f2bb5065a303f88d16b1b498da3240f5ab5e418d6353b41604e2b452a7256660e0af7b6c55ba8c4a13670c181db4c58e4dd866071d38c54f1c626bc1b0b614149171dffc8a749185908c8e3d2a25cab62e9ca17bc559920d9243e532ab1239e05106e552c00c0f7a62c607ef33daa458d1a23b80cf5dd5367d36356aa3f8c8e46f3a645185c8e79a586039e0ae07f78e053047e7631f7b18dd572387e51839651552a8a9ab3667cd284b94ab71e7479263e338dca69ab04b2db9250f1fc59c0c9ab33332c38f2d79fef54365396f98a90b920ae7d38ad2318cd5d9728a8ebd48c655b13727eb526e464033c8e4524ca646038e69e63fb3c6a7393f4a87c91e8649bed70666981c6d0075dc69eb1ee19078c73f5a6888c8ff0030655c7a539a3f2570849cf5ad23284b5358d48449179ce7a0a7ff00cb33b703fdac5558bcc562a4d4e10ed233594f91bd1993941cb993b88cbb54316e33526c570324814c995a1b38e3daac4b6e2d8e94b1296552c76fab37155caa0af71ce719eb144b0db2218a1dc0328fbdea29b24621986482b53490fca9c02cbfc55018bf784e7f06a956be8732a924ac9048cd211b701454d17cdf2d3215dcbd3a53c2a46cacb9f5da79ad1725b53a29fb46b542ac7f352ee1e5e00c15fe2a6c93347d0024fb74a37186470bca9e9bab3779bec853f744697cc6000c9a6490c90c64ec27fdded520859a446e060714e9e59a35299d99e37629a4e0edb99c6316f99ad4455970d18e8467e6356a3c2ae063701b454316e6501584840e5b38a8da491587ca41a99ae6775a0efafc24b34124cdba42015e8abe94cf2c471973205c7f153fccdabbb934c3b998caacbf747cb8aa8ce5056639a70b242afdd073ba9f228f2fe53f7a9268c2c40f98a589c7ca3d0535576a819aa8af68ee14d47790f8a3e30c4ffc0a9a711aeccf34a909995ce4622a15fe51c015aa8ebb9bfb4825a683f6955e4734d48cb31c93834925c3300aaa18e7ef520dcab8079351caa4ec7273ddddb1cc83380c4529daa78a48e32bc1c93521b669393f2d54a0adca549dd5d8a1517073d6a02bb9863a53c4223e3396269b2432ed006dea33cfbd472f2bb22e29c968c398d49e48c51b42a86c60b0a9be5560d938c636d411a962539355ecd4b530b4e2f562c3e62e70714e550a41229155bcb2571c0a5fde2a8e371233b6b295af6227ca9ea2c98ebdb151c7b546c3c1156036d03720048fcaa31f3f0474ada3a150e693d5e836384f27922a50a5a32b1c9b58f5dc29f1e55429eb51bb796dc726b9e779bdcd24e34e5711613ceee4f7f7aa877b63ae2ad312dea09e94d11f96486273eb4e298dbbfbc37eec74e5559a304f245218f71c755a62a95222c1db8fbd5aa9a5b931975b0922c91a93d00feed36653bc035623c2ae30401fdea64ac1790326a972bd6c6caef5442b09db9c52967c95ec0539a63d36f34f560abc8c7fbd59b6e4cbf677d5955b1e9934a32bc52c9867249e942a865cd4bba66369a95a3b0d9a36f2f820647deaae176c41320b9f4abbb77478355da11c301822b669385b735bf2fa91337ca1718f5a46fba02fdea98af9839150f28d8f5a874f4dcb7ef22365f97e7a8feee0724ff7aa768cc8a491c2d4183e8d59b828ea822acecd0eda1573d4d44232c09638a99718ea4534b0db83fc42a524f548728ab5c8976af2b835148ade612d8286a5d81172298586304f5a5cca2f534847995d902cc64908db802a1687748704807f86a65b631c99cf18a6babf383cff0079a8e6bb09455ee402468df8e951bb09083d854cb850777cd55679176fc8ea807b8abbc7a995e29dd0a587af3515c4c3cb6191835466bc0d2346c4478f7cd79178d3e3d785f405bbb48ef7edd791b1845bc39e4f7e7a0ad6115ba2e52bad19e9f753caa58800a0e39e0572bab7c4cf0ee8b66f35e6a0a854ecd8a0f27dbdabe62f177c6ef1278998592ddc961a7007f771b72d9e3afe75c6cd751790221c91ced6626a2528b7731e5935cd73eafd7be3f786f43d3da786ee3ba97198a3404ee27fc8af9e758f8b1ae78826b8fb75cc91ac858ed8db0083ebed8ae32e6e9b6aec1950785a679de700d20238e950aaddfba8b84f9a5a9e91a2eb5e6787ad1526930a8432a360b649e2ae68be369b475d902c825ea033fc9db3c5717a3df26d8a24184c70315a0cad6b386008041f9b8a5ed257b5b43a64d6d63d1f54f88da8ced6ab1b2dbb483ef4649e073deb2aebe2cebba7c92c16d7309593aa3c2015fc6b978b508e43b987cc0fa545ab47132a4de63163fc39c8a6a33de26368a7a23a9d2fe296b56726c69a1ba8bf8a39d7f91ad7d3fe3b4fa6b4cb15a0920cfdc73bf6fb835e3619e3ddd4fab7a9ab3677272416e1aa973752e4e4f48a3e92f0ff00c72d075a885a5c4dfd9b7a783e79c231f63d2bb7875a8678fccb7bb8a658bef342e1f8f7c57c793471472032461d7ae08e2b6fc2daf5cf87ee64bab39447b970636fb98f5c0ab85bed239b926ddf63ebb5baf3e3521832b0c865ef4fb7ce09cb1c0cfb57cd11fc44bf5d3fcd49e586e5412b246f80d9ec4574365f1aaeafb45fb16a462882c601b846f9e41f4154a9c67aad0ae457bb3dde372b7280fcb9ab327cc719e2bccbc33f11ad7305a4f2c9328418baec3eb5e89a5dc26a0aaf1c8b2a91bb766aa568ad0ae66d6a8b51ee560b8238dc294a8dd827ad599a3916342070b50b28900c8e45732b3d4cb9a57248f36f9519e69d1ffae1c161839dbd7a5360cc92303d051cf3b7a60fddfa565cc95ee3a4f9e7ef9f24dfc52c5757314d015b8123ee5cfbd67dd2f990a047dbce48c56ff8ad56dfc47796f0ae42b1323f521c9e467dab06eda2b501892edd36d72fb45cd648f7e9a51764b434f49dcd62f1accb0f18defcf34f86268a3da49707ab7a51a7aa4f64aea0ae47f153d6331e7b934ed7769686b2518dc58616f322512654f1863f8d6adac3b67575e1b18f6aa31d919230411d38dd5b3670ab44a58286006585725471a7aa62a3cd7d7621b8b5dd70b26d0180fbe4669fa6a886e0610f23efe2a7b9579a30152934fb45baba40c4c455701569b74e6b9ae7ab7765a1b96f18954c40e243c8ad0b5b19620770ce7a6da2caddd6445037e171b8fe55aab1cad0b95c7ca335c33aca0ec9a3d2a706a29a4625d5aadaaa9cf078adfd1775ca88491e601f2eeef59eb66b34c2790703a8f5e2ba3d121b7daaf146165c6dda4571d69e97b0e34ef2d51a51dbf91022e41f2c6485ee6afdac6248fcd983a310474e40f51552dedd64bacb67318e3deb4638e4c12ac09cf01b8ae7a1cb26bb9b4a8bdada1e6aba6c314727952b48b93b59f8efdea5d1637defce0af3b477a74e92fdaa48dd4c59241453d2a6d2d596e84516dcb7ca19abe85c9f258f1aad35196a7442248e2693cb5dfb723ebdaac46c21b78b7e16798eddbe83fcff009eb55c79d26e002f96a39dc79ab51c8d24318503238cf5ae55153ea75535a73264d6f9453f4ad4b5b7690f5c281f9d664318c8c1cb0fe1ad8854c71e722b5e5e55ee9ac2a47ab296ad079d1b46d186888e1bd0d65e970ffa6450f92cc76e42f4c74ad7d615a6b1017391206f90f26a2b2decc1ba483207b57650e7b5da3cfc43e69729bed1b7d8f6b825541fc6b929e2df719751e5039daa6bad9639a3d35212cd9da07c8793f95723ba669e68a48c663047cdebc62ba2945464dd8c61474bdcb6cc26c0e36ff756bd0be06c13afc55f08c926d8edd754b60bd33feb5318fc6bcded55931b8053df06bd57e055a94f8a9e0d9a45f30aea51305ebff2d1719fcebd584ad16ec152fcbef1fa6545206ce47a1c52d78f59a6cf9aaf66f40a28a2b98e40a28a2800a28a2800a28a2800a28a2800a28a2800a28a2800a28a2800a28a2800a28a2800a28a2800a28a2800a28a2800a28a2800a28a2800a28a2803f31d176b719e2a3b890ac96cbda562199bb6053cc83720f9864ff08a49137165906e047dd6e4577aa5ab77d4eda9525f0a123df1070cf95fee7b555b6b50b23315520ad5c924372e18b1055426d0a0034c86268d999f271d150f34e3eedd3dce594d456ab52686302395ce46e1bb731f6a69917c950e0b2b7e14d126d80302e430c6dc539552457dca401cee6e315528296ab7348ceab42d9b0899f6e7601d3340f9a50833b88dc2923991a12aaa15b8f9b1d69f6eabe664e00fef7a54a8ea12729bf7f61ab2496c18385049c920d42b22c7b7037138f97d734fbe756caa65830e5a98b98bc97da322309b71e95db1a7a184633bde1b0fb852ccc8010a0f0cbc53a26fdde41071fdeef491798b18dc0b331f5a94322aec9721b1fc22b91b95edd04aa73c926c7c6abcedf978e2a3859a13825b38e770c54b1463cbdcad938a64cdba5f9bb8a99453578dae69521757886eda1e49599876dc7a5462e0483721ca7f7a959bcb9d4469e647b413f5a6cb36d1b426074381d29c64dbb4889376b31c596590618e23182ca2ad42c8cc0798323d475a65bac6b1609279cfd2809e73775f465ef5d0e29e8d94b9e31d1e83e590fefb3838fbb8ef50798d238c0c6073cd3d77479dc471c52489b5411c127b55d2b27cb11fbb28db97526117593bb000fe14bb4ae339c0a85566ddf7e9cb2ba83e6f2c3d0554e308bbdae428c796ed0d937bca4024a1fe1a07cd889b208a96190b4c36a347c7f153954c923161923f894573cdf36c60a2e6ddb417cc7ddbb771e94c78cb485f272683961ea296356500e4d3e551d512ed7b244b651fca5a4206ee36d2cb018e4caf43fa52732703185a6349229427a1a77d79923aa2a3cbb92c6be6371d4536e23656041007f7714f8dbcbf9cf19a91a413c64a650a8cfd6b64eeeec8bc1bb8d8db72e0f04531945c02149f9688e12dd5a961c419d872e7aee14e4b5ba65c9a4bdc0b76f25b0003e8d4d9a47f2c9618ed4e0a238f27915396f97079c8f4acb992315bee57b790b4801191fdda97cbfde6e3d2813f912208ff001661d69d24864c8e335519464f51c95d59a215512b6324ed352ec14d873b8f031dea50eacc077ad24b97644fb3e55a86eddc1c631cd425bef7f7ff00bb5624c31e31ef51b2851c0e6b8dbe695918ca0d493439620920c1e29b35b6e9321ced3fc3e94f561b40ef4e55f2f71724e7a7b56bcd35a1b3d36576112c8a3e6c50ccdc1e2a38d42b1e4629b2319186d385a2d7d5b22527b342cf06f5cab9dc3fbb52c79588e41cd2aaa2c602eedd9e771a7ab06f9739acd5e4c5156d56c42232eb92314ab2086891ce318c7fb39a8648d671cb2c67b07ef5d50dad2644e5297c287c6eac1b61cb0feed3fe790863f78555b450abb546066adbc8628c608f9ab09596a5424ad7a88469830e68fbbc8c64f4a61539e475a531798a097280565cf7e8394dbf856824db9908ce2a4861dc3e63b3fdaa736c6553f9539947c8738c7f0d6d1a8ed6b0465d7a91c4a6dd42b9dedfdea6b2ee6c9eb5216182d9f9a9a2131aab1627fd9c52d7765735dea4522b2f4ef4d556e3279a98a955ddd7fd9a66ee71eb5695d0afa88d2ede0e3351ab06352c91f98bb4ff00df5de99247e54995fb98e6959ec692b26b511be639a8d72cdf3ff0d3998ee070714e97e65e3ae28e551d533a229cb5b916df324ea08a1942c9e503c814e870b83de891595f728eb52d26f7096844cdb5769077638a7ccdf2802919b7365866a30c142824927be2b49413574670b363559a261d0d210646cb002ad36d8149c03c55532966ce060ff76b15cc68e304c64920d8460ad36360a3e514fb8549542377a8ee262d195180c071556722a52f223452cd8db4924615391cd11b48b8c8c9a7dc7ef1573c52b34edb914e4dbb58ae5770e3a535a25ce4e295772376db51dd3aaa939e947239236e97b91b48aac59beee3f3aa179aa5adac134cd20db129279f6e958fe2af18dbf87f4d927761e61c22ef1c027a66be60f8c7fb425d6a76f73a268ebfbc59364d7981b3af20528d3e5d2e7329733b23da757f8f1a1f8715d754b98209a38cbb22727d80f7af15d7bf6a6bdd4a361a7c6c8d20388dc0231ea6bc0b50bd9b5090c973335cc8dd59eab470796c240a062b48c9ad2c747b356b58ebb54f895e29d69ae0dc6a6e3cf72e5138f6ebf4ac055f2c6ee039392dea6ab090f9cac71914fb89fe6007a73cd449b4f564aa6d3f742698bb6efe3eeb508df24d9009007de51da944cb3a804066e845248cd6ec04780a7ad6692bddb2e578bf32e472fcbf300f8e951ee0c70580269ab2158cee040fef544d19e240722b48c799e8cb4d9ada7caf1aed1c0cfdecf35d141706ea4da49638fbd5c7437239e482066aed9ea7e5cf137cc0ff00781f5aa6e4b4339ba9d8de175bae9a20ac06dcfcdeb52c9741556190b8c9ce54d2e8f790cb71860be73038623a8ea6a85e5b3c73316916439fe118c0a9f7a3b97084a4bde2393cb5531e481fde6ef50ee59197ca2c31f3540cd1ca1b0dcaf5c9a4865f27327df1d973d6b3e65157644a325b3d0bd34af1c5bd8e47fb5491de3aaed2386008e3b55396f1a4fbb85247ddcf4a915bcce4924e288d5d773371f336a3997eca41c15a92d74a6ba657808f3fafcc6b2e19c60c6e0153d6b6ac6f9a39a27858601e578e477aea5514dd9a3a69c1246de8f7514122c73b6cb871b02f383cf35d6e99f14ae7c0d71124764b724a9cb4b27047a63b5717a835bdc4809955891f73bd62ea6b713df069250ea170bcfdda9b422ed739aac52768c8facf43f8afa6f8b2c6d1911adae1977ba3741c73cfd6bacd3665beb791a2cb042013eb9af8b7c39e28d4fc3b31653e740d1f96617fcc57aa782be3a368174ca6c5e4b092205d15bee9f5e6b4e5854564f539e31717796c7d0aac5999074a92dad4b4c83693960c7d315c7787bc649e26bc9ae209921552331eefcabd3adb4b4bbb0916198bcfe5646c239e2b8ea61dc6276c2713e36d5ad53fb5f502a082d732fcff00def9cf3c5604d6de6b48481951f7b15db6bb62d1dc894ab7959281997a1cf20d727aa63e7c10fe62e372ff009f7ae054927747a09c946e8934b6f253f848c6ead08e4f3a42400062aae931edd3c34aa016638e39c7f9cd58b7658a50983d3ef56f656b1a4345796ac6798df6a6673b54aeceb5bfa6fcb1ac7d45650d3fcf9030638fef7a5743a7c27e5040c9fe26ae3af18c9591e9e1d736b61b32bac2fb154003939a9748819a74f90b31fe15ebc55916fd78dd8390bea6882778ae44bb4ee1d1738f6ae48fb90d59e8defa1d3ac1e5ed2912e48e771e56ae47a65c4e5402040c3e665e7353c9a7bc50638dc79f9bb0e08a961f33061059a318279e95c12945be65a1e9538b8a572826c8e320a611780addeb634db7765595015ff631dab2f5394c324784dcbfcaafd9ac924b1b6e1851c56359f32bf31d91935b9b516643bd0367fbb8abb1b06c027693fa5374f9a39044d1f32850255e99c719fc7156e4b667cc96e8646ee8a79fc2b3a34d27b9bba7ed15d1c0eafb59a41000ec189257d2abe9771fe98b16cdac149cb55fd4a768ee9c488f1a03b42b8c554d3e78a0bc91dd49dd1ed1b47d2be923097b3d19e0574dbb1b515c98071cf192c39cd5b595af963103626039561c5508fe58fe6039e9deae5a42ab2f9c9bb72f407b573aded6308fb9a327b582696419e2507e6fe1ad7832ca572148aa30c9ba4dd9c31abf16dbaff57b7cd03d2b5778fc4cae572d5116b1ba0b58b6e5dc9e303afaff003aada74edb997c92c33f315ed9ad0bc458add6698f11ff0076b3b47f96e18f0011fc5f5af42949db55a1cb8894af67a1d249753359ef50a9228cfcc33d0572975752ff006accd27de6543f28e3a576d67a799acde43cab282b8ee2b8fd6b6c13aee56121c82d8ec2baa293d91ccf9e31f749234f323567c00dfc35ea1f02ee4c5f157c2662c36dbf87703dff007abffd6fcabcb2ca7658f2a7208e14d7b27ecd31c72fc66f0a4573331b632b4c107fcf454dc3f502bb23cfc966633e7e5e66cfd1def4b51c44b2ab91cb0cfa5495e2d6dcf0f10d37a0514515ce718514514005145140051451400514514005145140051451400514514005145140051451400514514005145140051451400514514005145140051451401f98cacf1b1cae17af4aaf7139daa58e40e86a7961f30c12acccc80ed6ddf438fd6a29a11245bc6d65ce0f35e8274d3b347654a69abc34632dfcc5914be427fb26adc8ad2297084271f335568144ac1170083d14f7a2190dac0b09121ce7f8b2315717ef5a272fb3f67f1ea58b391638f6bc8c464e31da9936a06e16758d8853c6f71da9d1a98d4fd3f8bde923b75685f74ca8aab9c2e335aca2d6a8756b271b4086172b12961c9eb53ae64dd8e42d0ccca98c714b6b02c1e6125c13fde6e2b95c65296e6519f3ae5611a19393c0a6c8eaae17afa542d75b6e8c203053cab60e09ab125bb44c019165006f1c8e6bb3d9595d33ba11508fbac746cbf2990950a79e2964f9b9ea83a36298cc92478c10186de6a5119da00391df754c5417c4f539a7cbcadadc596591780c06450cdba3cf527a2d472c03ce69705be5033e9490b88648b8f94e7b7f9f5a9766f415394dc7563e38ca81dbfd9a74d24ab8880c038cfbd58671e667000c714c6b85b88fa1c83cae2a64bb21f3293e56c6c1122ef0cc58e395cf4a4f3446b81c8a42ab19047e34925b9511b6321bf8476aca5cb7d8cea4b955a088d9b6b1207cadfc353c2af246415247f77229218fcb5f9bad298e56591a376523a6d35bc24a1ac4d1c9ba7a8924655b764e7be6917cc78c310303f5a95584b1fef17e63c75a7b5b9857e6e07f76b673935ef9cd153b11ac8ad8e594d49b840016270df719a991c5bb2075ed4b329db1966391d16b36a9f44633a73bdda2c6d2b6ecc40e06ea6cd27caa1140a74cbf28c38391caa9a622fdd23a0a9b27a22945bd5683d9833631c7f76924b82c40da08f5a538697774005359834c1432ecc72d5b26e3a23a348c747a8d9f6f00124e3269d0c7b7e62f4f6555dea3680dd1a923b428b9c938eb4735df99c94e2e52bc90d6df1dc16f394053f2afad4b2de0b8c9040e7691834df2e3e3905a9d78db9479519cf7da2b27cd7f78a51827b8abe863cc4452b4826e1383db7522c9fba55e538fbb9e942c23201257fdaa257b5ac68d38bf745f2c2b0cf2f4e5f979fe23eb4d9a178d838eb533379c838e688d356bc8d5733d16e44b1365c9c0ddfdda72e23c100134f998e4290052c9b631c77aa849dedd0d57bcbde191cccb21c0041eb4e5842a93b89ff7a856db1f0295662c718e3fbd4e50717746527ae9b0184aaa9c7069d343fbb18e69159994eca1b72fcb906a23abd592a4dab0c55da30dc8a55646c8e87b50559862963876c8a4815d32765a194f6b30198f048a8d41562715349f30c0fe1a4321ddc726a5548ae84c559590d561e6734b22c49267033418c33118c1351c71b6ecc84923a6ea98bd6e64e9c931f22eded8cd4cdf710fa533fd62f3f7e856eded5a69bb45abded611be6e98cd246a57766a416e31904d2ac7b968bc24bb1ba49e8c575132ee1d6a1f2b7679393562351d17b5364dab3639e4543b53575a99ca9f24886380b679ce3ad1b4ab1cf35232ed8dc0e33fc54c48dbe43d856574ddde855ba74244c2c750c8cbb49030d4accde663b50b9ddf30e6ae2e37bdcd6f4d3b0a23fdd8ce73f5a8a4cc6d4f31c8cdf2e33fed544ccccc3d475a73926ee8346ae88b749bb038144b332fca075fe2a7b2b49d38ff006a99e5b2bfad4df4bec38be67a3b0f8e12ad9dd9a47dd2484738c52c4afbb24629eeaab26694251ea36efa5c8e38446b8ebfef55596168ca00dd7ad5d79338c0e2a19a11236e27155f03bb1276e843b772e1b9a6f9617be455910aaaefce52a028adc026b4e78cddcd25ef6c8899cf200ff81540ca5b9279356a48c22f0724d4727cca02d44edd1583d95f5b916ef2d70699bb8dcdcd12347cc649cff78567ea9a82e9f6665ca95efcf229453be8178c572a277bb8208893bbaf3b467f1ae2fc79f10344f075ba5c5ddfa43f297dbbb9231d00ef5c27c51f8e169e03d19676dcda94fbd20b547ce7d09f41d2be42f1af8fb54f186a31dd5edd46b22a85291f53cf1fceb494a296bb95c978e8767f183e355df8dae7fb36c257874b85c4c1f0637738eff4f4af2b1305048273dd9b926a2b997cc391f788e4d42b1baa8ea45722e5defa950a6b62ccd206180830782d8a6990ac6307a544df2b0f98671f7697771c74a9f68a2f735f874b8ad26d1c1fad35a3321c8720d22c7b9bdaadacd1e00d9cd36e2ddcd6e3638c0520637d364ca81de9bb8420b17039a53f7810739a12d0cdb4cb0d21db9e071f76aaac9d41ef56d71e4e643daa18d6372723fe05494acecd96968451e7cc3819157ede31c1dbdfeed430308e01b80cff00b34ff3d554f382471575251e8c994acb72ec3aa8b3ba565190a33f29ad79ae85de9e65c8f3597015b9ebff00d6ae5ace2699f39cf1d6ba2d3e3558d8ce76a81c3564fde5668e750d6ed991f6668240705f3d6a7f391d4fcb8f4a74cafb58e415c7d2abc56eacb91818e36d38463b1a4e5ca87afeed65907503f2a79ba1e52c847cd8c7cb54d6397cb6cc876b755a746c38524640fbb9ad65c94ac68b95c6ecb7e679cdf7880455881678dbf74c4646ddcb55dad3742a48201a9ade76894af5c5119464cc9db78a2f2df4f231130ebc5695bcfb613bd40503358ab26e933d0f7ad5b7bc11c78719078e9551b27a8a318ad644909666122b08fd38e956f515f36c0c8c181e01603ad3acad5668d44409dc32377bf35a96ad6ab18b3b86d84e11b693c7bd5b92da20e9c64f420f07cf7da5cc56159009b0022f522be93f86bf112eacededac75027322140db0663f419fa5785ffc23ef1dd44564fdcf043e7a57a2f84239a6b8820be53149e6044b903d71d6b5945ca36b8e545687a0df7842c6e96f212acab3e4065933f8d7cf3e32d067d0fc48fa61fddf93c95cfdecf20e7e95f5be9fa4a35b797b9a52bd71d715e6bf1a3c3d6da7ecd60401da78bcbe4f3c7ffaebcf9c6307a33b68d4a7a26ee78840cdcab29c0e871c53972adb9b97ed56245fdd8f28003d1bd2a3914f94091cd652a965b1e8462ba22c595cb31607f86ba6b16324708405a52385c7b5723671b29c29e4f4aebf4db668e18dd25ccabd196bcaabaea8efc345736e5c92dda22ae5f076f29e86996f666e6e95738566f5ed569ffd697f2d4391c8f5a2dadd27b88d8f084fdd1db35e6ca4d267aea8c13523ac5666b703712e07734e5b86b58f014499396a9618245b367600e1777d45416f08db93963f5ae6a51537791e973c5c524453289b70e76b0fe2ed5a1a3c4b147b7e6602a0fb36e6c8040fa558b78a58a4023c60feb5d5a276326d5f566dd9daff00cb4842c441c7a5749a52c6a22962cb4918cb263935856aacc8402368eab5a3a7dbcb26a56e903329cfcec064007d6b9ea463bbd0eca7249593380d725315fdd45223285724230c6d04938aa1631edba5707181baba2f19cc2e75abd914031e1139c724572fa7c7b2fa460700a918f5e457b985e5f65a1e0e25ae6b5b53a21b6539efdcd5fb56db1003059bad55b3b531c7b8905bf4abd6ab1f4c0cd74c6a28e8d1cd18bb92fd9e5cc52211b482197dfb56d69acb22aa9c2cb8e78eb59b1c2d128fde6463278ad1d2f6ac32c9203e696c2fb0c571d4e4bde5b9badfdd63352513d9b82484c7f5ac8b1510c871f30230375747a97d92d6d6327739271b54f5ac3b75f25f7460631f76bd2a35538dac73e2a0dee763a5b17b6fb31cb607ddcf6ae43568566d424059656518dc87a735d868f98ed4edf98939ae53589566bc061568f701f2b0e0574d29ca4ec72c62dad1956de0ff0096630081c57ad7eceb6713fc62f092f9d2aafdab0cea46de99c1cfaf4fc6bca76f912c60a6f217ef7bd771f0bd574df881e18b98c9f3dafe101d5b1b73227ff5ebd084d356ea735483b5933f506393cc79063051b6fe80ff005a92a9e977135c5be67555986d0c17a64a29feb572bc8ae9a9599e05756760a28a2b94e50a28a2800a28a2800a28a2800a28a2800a28a2800a28a2800a28a2800a28a2800a28a2800a28a2800a28a2800a28a2800a28a2800a28a2800a28a2803f31a2c5bc654f7fef52491b32e3f87ad0caac1959723beea71658e3da06001dab7f65ae9a9b53f755e4ee4312a5b6d2a18c9b83efa49332c9bb238feed4861dd226cdb8e9b8d2bc72c782aa84ff00b478ae85cd1d63b915a6e4fdd446b21daa30083eb4e69847e6b4a8071d57d053449e636c2a030fee74ab11c714a245941e945e5bc9ea6708a1bc48e3e6c03fdea7c122cabb59770a81a02b1a15ce33806a6b75f263e707fdd14d524fde3b2318a57b6a45751a5db184a930800ed534e82d9238768f9001eb4a2755ce0803fdaa9638cb46491cff00769b4f6d8ce7cd276b3b0b0c09e56dc2b27a119a8db65bc0b0c716c6079603ad3e3fdda80b48de7a1383e66474e951ecdecd93cca9ab0bf7b0381919dac6991a88e46dc3b605243e62ca7ce4036e08dddeacbb891b18da3b53f6734fdd3095653f84823632607207bd3dbf740f400d321fdf4c304658e33e98a92e94370705d4f15d71859de43a7f15d223584e46738353c936d651824e38150af9bb8018db8a97718244638c67078ed59d44ba335959bb495873395206c1923eeb5453a8653b8b2fb29a9646f3a7c70a7b3524d21519e3e5fe25aba74fddbdc52a5192b73680c8eaaa50e33fc42ac46ad32b6f258ffb46a386533c6700b6066a559d563e3ae7159cbded1187f0fdd5722923dadc1fad4b1a8620b10571fc5504d1ccb27c8a6427938a7ae639d4104647dc6ab847d9eb225a76bb279a45ce157208e69be5885770070692e18b70a707b54f0fcd1857ace49cb54cb8ca12d0a91c6eb976208feed3bcc0d821541ff6462a7936ede6992aed910e3f1ade32b2b32650b3d18ad2289556484b0c6776dce2a62bb949032b8fe1a158303eb44788e3605ba9e2ae4d7435f6775b91436a241c3618511b3472796ca586382b532af96495209fad3b699394386a7bad591caa9bd066c19e9cd2aa9e048369a0acb1a873b463af3558b4b231f958ae7ef5651bc9d9bd096e4dea5a98b2a8db1ee3fdda68631312430ff63bd3bcf7664079c53da2f98c841f9bf84d0e3cba5c6a2f7b82b6e8f2cb8cf4a409f2e41c834ee180ce001d293cc0ac7154969748734ed7488a4631e493c629e31b7191cd3563f338619a2381bce0410231fc356945ad4e64a537762c310863c0248a686f2f8ab6cc238feee47fb3504d0f9ce36f6ac3d9b4ee6918b80e59368a5593e5e9cd22a8e33da9ccbb9cf1b6b55eeab98d4949ec46ac777152c70855273d7f4a6c6a231b8f35344d9527b55c5ab5ec3a56b1046c76b86049c546143306c93e95695b6b1c8c67a353a38b8dc78c7f0d4d47d49973736e579222ac1c1e08fbb51afc8727356030914e48247f7690b4722a823fef9a22dc8d935242c726d52ce3083f8a9ad0f9d26edc4607153c6dbb80063fbad41511fddc7fbb59f2bb8ecdab58218846b9e2ab5c2b6e18f9aa65cb29123100fe94cdbe4c6c32093d29f2e9b12d4e486ab6d4da79a95725403d6a28d0c8bc8c1ab2aa1579e714b95b56438a6959a2bb46558536453f535638c9279a8d7f7d93da9fb356ba1f2f98c5dea0e3926a2684a83d41fef0ab10e558e474a24fbb4e3ee3d4de33e556201955e99a4da79cf27daa56c2f5a673c1a99bbbba2656dd0c326e8f8151f97fbbeb53f0bc0c6293c83d7381445396c5c5296ac89232ab8a1946d27a01d6a43f2ad4663ddd39f51532decc7523a5e2c86493728c74a8d621b4ff0078f4ab4d086da33cd34aedce39aa4d2f84a8a972dee55dbc5248aab1e475a748a7a1e955a65924fdd042d91c6dea6b67352562949bd0e1be257c46d27e1ce9515e6a8cf189810ab8c96f60057c5fe3efda3bc4de28bbb9b5d32e1b4dd2c49f2fc83cc651ebc5745fb6078e21f1378fec342b659447a2a324dbf3feb24c11fa6daf0a58430daa00c5635aa34ac8a8c5c7e2d5135f6a177aadf35e5f5c49733b7f1c8c4e381fe1542e9a38da2c60965c9f6a7c8a63dc09e6aaac666e43038fd2b8adcdadcda31874258182b6ec67356e49cac4523c723f2aadb9761c1c9ed51bc87f84f3fecd57b395ae86e3a0a72ad8239fef54a3eef03934d56deb96e4d32352a0927934475766cc1d3e696ac90b7ca70791491b6df734c68cc8dbb71152c6a14123ad6fecbed23a25171d816059e4c3548adb580038ff006a991c9b6427a53da60aca42631d6b9e49df5304b5d01a7dab8233491e31bb20545249e64c1896208c73da9436dc82303b568a2ae6d2e5d901996463d7346f0df7bffd54d68e38417c649e02af6a6ac619b71ea055b8d9dc8e569ea6ad8caab6f272411d2aecb78cb0c50e4e3ef7d6a840c24b7cfa0e69648c36c23aa8c7cd56ad20b16a4b90dfba1ce473502c6cadb0e0eea48633e6e73c63d2ac4711e644e581e57b52e5845dcbe556dc916d835848e36901821e79cd523627ce1e49cb1e2b4225290cebb789304d4ff6616d64b31e1db353eec9ea737373697228623010acc65c8c7d2a236f245312d1b60f2adea2a3b8469645f4ae8749ba592c3ec93ffab0a543f5fc2b4505f64d231d75325a58a16c1dd823d2aec2c1946dc1151dd588b57505bcd89bf8f18ad2d32cc7da0800811e185128cba21bbdc9747ba78e70158230e473c1c76aeee6d161f1069a2f2ce05fb6ae3cc8d09c91f4ae2a6d29da6f3e0386279451cd779f0df5ef22de5b0922592ee33bd24ee50e7826ae3172dd6a6528eb72b787e5f2e148240de4a3676e0fcb9af60d074a686f23b16990eefbafb4e01ff22b8bd62de0b5b8fb4428592e7968fb02319af69f87ba847a959cb68e448f6b123b484727278ad795dacc2528dac75be17596312472afef8b6c39ae23f6918e6b3f04d9948d03c931c16ea01c035e99a65bfdaacd2e1240929628c98e4915e6ff00b4a4d711f8774d4984793960a39dc011fd48fceb92aa9589a30f7f63e768176a85380e070b515cc4194bf70318a9e38cee05f8908c6ea5921ed9c62b8a5796ecfaaa71518e8c92c195a212101401f9574da3c4721be75039dd8e0d7316abf391eff9d76be1d99ee2368ee4f41c32f39af3b114dc76958e9c2cad50b77107ef031c89318a7e9f089fcd00112467041ab12db2c27cc9189dbd156920916daea4b8f2d9bccc657bf15e3caf24ec7d1c1393d11d2c2d2b5a9859427c98dcbd3a62a9d9c6f210bf755bf315b10c7bac5f8e7ca241c7b66a9c0bb70c4648af3e9a9733d753ae71b251487c9fbb62012cb8ef5259dc6d902f42686923519000cd2dae1e43b704af5aea7cb2d1bd4c6a53492d0d98e458a30f9cd6d69ca63b51081b659a40646c6309591a5c65a70c48d8a01da7b9ad6854c385f99a4901dc54e315cb29535eea7a9d94694396fd4e1bc57705b599a08a358ade30132bfc7c562c32a2de285078072a4707a574de3a8d2dee2d9fe555688faf515c95aca1a42c31bb15f5386bfb1f84f9fc545a9ddea74b6374d34657cb000ee2af43fbb6c9ef59ba5b2edcff00130e57d2af59cecd70e82167e3e5da335b463d09a71bea5dd3648efa46c106241cff004ad88f118672aaa31f2aad655bc7e5858e38cc383991b15723f32e267604aaed036e7835cb38ebb1ab8a83bd84d412592d7747f32f75aa7a5ccab7881f3b4020aff9fa55ed414fd8e5084eeda70b59fa6c3f6a6201549715ebe1da50d4f2314ea37a33b5d2e35fb29787f77bb80c7dab96d421682f655794b8072adf5aed345b48a4b758b3f2af1d6b93f1747fbe0b0ba82ae7bf3b2aa9da53b18d9c637ea672cc59f0dc8adcd2e596de48678c0dd1b2189d8720ef1d2b9b8e31248abbdb2064f1d6ba4d16337845a4b218d42e4498e8473d6bd58a8c59367cbcdca7ea0780b54bad5bc2ba65c5e8ff004992d6191dbfbc5a3524fe79ae8ab8cf83b7d16abf0bfc2b7310e069f14233d46c50847e6b5d9d7978bf88f9cc44b9a57b0514515c0720514514005145140051451400514514005145140051451400514514005145140051451400514514005145140051451400514514005145140051451401f97f246d3407cc2633fddc0e6aca2af9219b248e00cd41f68328cb29424d0b1b441c82181f9bd2bd1952e58da52b33ae15a9c63cb244ed23b7faa0a5c763e951c711daeec76b374dbda9cafe5c8a5860138cad2b65a62411b456504fab1d385df3741be5959066527d1b1da89a0956397618f0c31f39c1a648bb5864904f4f6a9255768c00c57d5ab4f69192e5e639aa4f9656e83a1568ecd51c0dca49cfd685deb938cfa52490349202ae467aeea7b46f9c54a9469fdb22357b6830c07ec3e7bf03760d2c3e66e0460aedfc68763e5b4258ec62095ed9a59331c9956565fbbf2d3a93f696b19cebd593e54f4137166e0ec1532f51f3ee6c7f0f4a842aae0824e49a9237c723f8ab751e6892e2d257102c5f32b3796e33edcd357e55e49db8a7b4693372013fdea41208fef631df756906a3a0e3cb4a3763a0fddf23ef7f7a88d9a49861d413ed436c9b05181a659e3ce6665019718e79a2a68ee44799fbd61d6ec5d885c919fbd5626c342729b88aab6fbe218c00b93568b2cb0941c4959cd46aad742dca5276d8679ffb98f71c11c7cd522cabce15718e78a863ccca5531bffdaa90ed484a839623efad10728ae5435170d07c320b74e00c11c537cb0e3238ef48b03c80b336e503eeb1a7ab0752076ada9f2b767a07b6e5d0485b6cca719e3eed49e46ebcdf91c2fddc532152b36e0376d07a75a4663f6a8dc4879eabe9572a5ae83a751faa24584ee39cd482311ae5f240a417032c083914236e67079435972b86c44dabfba86cb22b2f4e3b558b7633a88f69e9cbd41b559703a7f7aac47858d7071b453947995d8d549c55889a130c80161c8a7ccbb631c6481d69b26195987240a17322927803deb38be47a11ed35b21239e3f94a8e7a1a91a37e4c4ccaded508616ea08fbbfdda719fe62c3213e95bbe493bdc72928abb24f2cae031269cade48f981c0f6a62cdcab799934ebaba2cab83c0fd69e96dc719290e69b74a04683eb4e59fcc9f69c0f97ef5565c492090120f7dd530c2b67b8ac1c6eee90e7169ef71f348ac7680540a9238d63387c66a169432f4f9a963f9fae69f2e9d88555c45dde531e323b54c165563b8706a16531ca9d5d73cd4925cb3f38c0aa8caeac8c15557d459197cad8db81c7f0e31514199002a47fbd9a9e262a4c8871fef0a5da597248cff00b23159da4f766b1926f6216b7dd9c7e352ac65bef9a3718d7de9fbfbd54bdd5b9ac9a8a18d1edc639a779616318a469163504f7a983074c01d296bd192aa69768856332b6451033f9843647fb2d44726d6ca1653fecd3e471f8815d0a3a5dea72546b9af71ab6ea8c58818a632855017f8bf87d29c64dd1295c93fed538b056184e7fbd52df22ba35f68e5b221858c6c7d0d58450cd834be587c3600229db773060318a8e7efa1ad39596e452623639e94ef29640090322891771e4669ef9d830706a94d27612935218709d78a42de67ca17ea69c543280dc9a444653c636d4dd3db435e677b8794aab8ea6a25b6dbc6703b54fdb1de9af9c7bd095b6666a4b988bcc31b15da71fdea857321ce78ab4d19db55e38d9723b544ad31ce4afb0328ce0f342aa28fbd4ff970df2d31616639ed4acd2292badc4e36fca3e6a6c6b22afce723fbb52ba954e94df9b6f34456bb8e2922166a76d1d45205eb491b0627b55a5e41adf51fe62c7cf7aacb1988f3d3fbd5248bf375e054334ad232855247f7a851d7b1b46f6d762166fde1c9c8aa5a85d1b6fb5496ee866860322a3f4ce38ad0954373d38ae03e23eaa749d3e6b88b76f8ade42db4f5041c53f77a11b3bc363f3b7c51ab5e6b9e2fd7350bcf2fed77176ef26c18f9bfc2b2a59b6b1f51567c556ffd9be23d4e3f33ce1e6ee2d8c125ab25b7337cac467ad73ca37773ae351a56b84f26c526abed2dceef998638a9648cb29c734d68f630258018fbb9acb9609ee2949325f2cc31a0e08c7273505bff00ac22a4490b290c723fbcd4d876ab1da72d56a5743e6e65616656dbc9c0ff0066963ff52086ce2a3ddbb78720b7b5316565e36823fbb9acad17b82d1ea5c3b980c529c2f1f8d2073e5e4001b14db8946f033ce2b757b6e1cce4f4121dd21c800254c57e6c638a8a0639c2e4d485773f53d297b89ea2938a57239331b1206e1fca9e64565c641a6f967a374239a6c7b558803f3a2567ac4717d5124919688e0807b547146cb19ce09c7ad4a31b0f5350b49d4d09b4ac54df72f5aa18e17909e31f741a7aceb231006303ef54104dfb8c281cf3d69acc768c6467dead249dccacbab2dc571b1485233fde6a7c731db90416fd2a0b5557f9707247dea8d9b6b74c568b45b9a5b955d9d2476ed3c2b22156240e1699a940f14510ea470cbe86abf8775202e0a4a4ed3803d01ad792cddb509d6501549c8db59b690af196e6259ceab70b05c1db9e8d9c56935ab58cc4990796dfdd3deb1350d32559cb3487218e7d47a56f69375f6e2d6f7512c91b2e43a9e4102a94d2d513cf24ed1342d6d57508c02ca00f6cd3edf314c1075ff66a9dadc35ace063071b4735ad7ba698d20d42390479701b07f5ab8c935e60a4e4ac9ea6e59422e601b5b6be39565a92ced9ad750f3d08f9632a39c726abc7a8c36b22f9991113f7bd2ba99f4b1247e605e19012aa2b4a778eec9968ad267aa68fa6daf88ecc59cfc318038f2ff0085f1d455ff0001c12f86f54bb8fcd5686e2308379c1e3a571df0b7c6434db0bcb29238cdcdac8264dcbcb478e473e86bd13e26787e78ac2df5db256781621e6c63f8323391f89ad5da0ee9dcc69c145eacf42f0ebf9f05c8f33748bf363a579f7c7693fe120d1ede7697cb8ed57600a7ef12fcd3341d7e5d36f15e19482d807737de1583e31b63ae290bf318f388d7ebd2b1af3728dac7453779ea793bdbc8c080a060fde6a8e58c46bfbc3d6b4af2095a12421560395ef9fc6ab48bb2dd0b601207e75e45a49eaec7d053a6dd9dca89132f9655b696aee7c371ff00c4be1dc55a5c9dd818ae3a38cb0aed3c33672496f6e4019913afb572626a4546e7af878a93b5cdb6b312fcce327f9d42abe548772fef09e76f6157648dad632c4f18e17d4d578602cc4800c8464e2be6257927247bb18b5f09d458dc0834fc4cb2326de0b2e78aa03ce6ce0ab2e31d3ad68dbdcf95a6b4726f9432ed0b9fd2abdbc134521631e500ddf2f228a3522b7dcece69dac8ad70cdb7210f4e17d4d68e95a535ac403b032c872db79c7a535616561732a2c6cbc223738f7ab16b3196601479839cb29e062b4a9574ba264a5bb376dedfc8d8c0f118c9cf7ab16b23f9df30fbdf4aa175b6da3822704f98332329fa7b56a5baab46245e71d2bce8535cded04f9a4b5d8e57c74b379f69096509b09e9ebdab94b7b68a3959981c9007cbed5dc7c428f7436c40554601048bd435705a6b4925d3b9f9917e43ee735f6184aadd3d0f17172e47eebd4dc894daee9141f2cae06ee71fe715b1630344c92312b2c8bf771d01aa96ec15704102b4a291fc9f3b04b630377615a4eb4bb1cd04e51e625f36469d600a09232cc0d5f45db18c75aa36ea154b9c9948c7cb572162b1e64e3d371a96e16bbdcde9cb99d9b0bc47f2498c738fbde959fa35bfd941dc4bc9dd985694eacd09dae403d57d6a1d3d564931b94f3f77bd77d0abcd1d0e2c5b77e5476be1f916cf4f06445ddfc5eb9ae3b5fd3e56b96b8dcb9639289fe7dabaeb080369934e436d8549391d79ae7b5a91a48cc9cac98c055ad236e6ba38daa9c861451f9918563b5c0cf5e6b7b458dd577020e395563d4d6343098d4b1cc9237bd5fd36478f006d561f37278af570ff00bc924ce6d6d67a9fa27fb2fdc4b73f05f437954a13e61507d0b93c7b735ead5e1dfb24eaf25c7c30b3b19a789fc9dde4c48bf32a8da5813d382e3f3af71ae5cc21cb23c2c47c4145145790728514514005145140051451400514514005145140051451400514514005145140051451400514514005145140051451400514514005145140051451401f98975345e5aac84a90770651491c671b64593b61d718e69ed6fe646acb823aee6a4ba88b4d210e5a1e081f4aed76695d97eca16bab8e58fcb6c3600278e6a49b6ac05542963cefaa22dd24605463e6a7b6f80c9f788ff7b8abb39594515cd2b59227f2849182c0138c06a17c9b60c1836d23ef29e951dbcc5a2e71806a4f9645918b8c8ebcd6decd456a6728392e6648b13c67cc3bcaae406cf18a789c4842e3048c8dd4c8dcc90795c80692e1bc9b70081f28e36fa572c9d393d8516a2bde5a0e917d401fecd42f95900f6f4a7348fc64629eca8ca09ed5d3085969b1b527193f7511eee71ed8a6daee55c11b7f84548db7e5f94e29ff00672cd9c13e8b5a4a56dcceadd3d85894aa9248e7f89690401adfaf348d20dcaa01cf40b8a7491ccd0808403939dddab151b3e63154f9ddda2365f276f18a9edd56556e067b523472c91f38381fc3490c6238d7e639fe550e37776cd21a3d7619b7ce6da80923da9cb0c90c87cc1838e39a9762c3cae431fe2cd32569a660415181fc5eb5d4b99c7ded8d676959a621cf980818c0a7042dd3a0a982ee00b019efb6919d76ba8ee3d2a1495f6b9946d52c98830f184c91c7e74aca54a855c9ef52c6b1c6b8c8c7f7aa2dc770da46335af3425ba1d5a71e5b0793ce7a53a3c2ed18cd32459370f98e29d0abaf2cdbcfd2b294a317ee9c3795b9624acbb9f18db5342bf65dc581393c3556566939c0cad3a46924b58ff78c48e36f1cd5c94a566d9d54edb324dbe76769f9453958347f7482452431858fcbdc77633433185416209fa553bab5b515470bde08718fcc80aa2673c1a45cc6a1714d8ae4ab1638200c85515219239223280f8ff6853f77ed18422a6eec59212a3af5a99a11f675dd80d8fbb55771dbc9247fb556198490e4f51ef58ca1adcb94149dc8a1dab260f03fbd51b46bb76e4924fdea9368923cf4a194280466b4845fc8c5f3ed6d09e1b789738c1047dda8a48b748780173f7569cbf2a83c8a4914ecdc2b7e6e43756b7bc234423e952c4c9b79cd469389870722a631a32e0f5ff64d7336e6ecd994a4edee0d661b97b54c36eeed503aed9318c0c511e5796c28ad538c558714a4ad6248662d13315da4120d323639c939a9e1c347c6016a64f6e16350a48c1dc76d67adeec39651099b728c1c53e3fbb8229218fe53919a196463c74a2f1ec3e671d521f3445a3e2921fbb81d695959ba310298b1b2f7a96b99dc2a4fab7a8e68c6ecf7a1232bd3ad49b0e338e69a3041c9c0a995fa9318c64f99ad46b36e5c8193fdda94b05207ad3778da3038a477dbcb67f2ad79acb6b85a51771eaa19fae38fbd4a3a9069176ed0deb4ddcca6a95ad7355dc938d94e44dc39a61cf960e314072aa011c567bbd0e7b253193215ce39a137628672df4f5a6ac8186410474aab4ada6c6bd47b2b3aeeebed4b3cc76a8db818e699b596418a2466e9c54c628d396da88d29da076a6aee66c9e29c138eb48df2f1d0529455ec8a9453dc8e456f50d447218d79e68e179e4eea6eddb1d6a92b6a4c7418d71f68ca676b67fad4affeb318e833baa1f2ff007a24c6e22a7337eec961cd64b47a17ccd7c243333638e298a81463029ee4aae7191491c63ca04e431fe16a6a5a93cce5f16e44f19ddc124523371c74a976ee1c723151aa86c93d2b2a8e527a171e6968c62c619493cd72fe21d3e3bcb1bd49d54c524653fddaea19cc284a819f7af3df8b975f65f09dd3175b532294326ec6063ad1a9776f448fcf4f895a6258f8fb5d8237f3e159b08ec3a8005725b1b790081fed56d6b774d79ab5fdc34c252d313b97bd6336598956c5632dec8d634ecf518acd12b73bff00a50d10930c4e78c524985ea291a53e5e141351eedce9bab6c48d1858bd3151dbc7b55b2334e1bd872368c535630abb812c7d2b5bc5197337a322650cdb5461b9fc69ab1bf240e075352166972c53030714d8c9f9909c67dea1a77ba63e57dc9c467008c927e5e944f0b2b2f3f5a9cb855c01514cc594141934277dc52b475b16ad595531c5425cf99c714e85374277f1c557672b32e23073deb48f28be45b9d7e55c91b88e6a9ac26163f36722adccc3350853baaf45ac471777742daeeda79f987cd51b47b98eea5858c726fe0a7d6a4b8994296c1a5a2346e2f71d0c6cadc0e2a5b9531b0214e38fceabc32b7961ba7b55ff0039655cf24e3eed4c9b39b5bd9a22b393c99509e99e6a7d4140f9829cfe9545c957e7e5ad48e58eeac563dc58e3ef7e34e31948da366acd19eb28504b1c6ee2bbfbcba866bd8dd41c6c0096ee6b8058c331593208fee9e95d4add79a106d662781cf35a539c6fcad95a6c3bc416f23db9b88c2e17ef2f1f415cd5bdd5c5ab6413b97a362bd034bb54d6adeead9f2a045f79bd6b929ed6283692b86231b54554e9dddc994517ece537891b71f30ced5aeefc32209ec5acae5c7972138503079e4d7985bb98e7531b052a723d2bd134d5f3560997955c12a0fa8ffebd6cb9144cf9629e88a1ad68de55c24ab2c920dc032bf5033dabbdd2af1ad986dda6261b48f4ae7b56682cef045c14963f30339f722acdaea76cb612c4ac5e5033b71c73ef4b9a16ee1eedf63a0b0bc8748f1b58df052b1c8e23957a6ec8e7f98af56d6fc64f1d8cd6714e7eca6223f79d09f419e95f3a7f6c335e86dc6390633ce6b4aeb5cbfd7ef360964655e42838033593d7e134f77b1e83a6f8a0c971e51324ea1b69918703b575d7d379103905b705c8d8339c579b5bcb2c766f0c8aa3239dbd4fd6babf0eea769e4ac2a58cb1c4032b8fc2a654db576c70b296a8e6b50b97b8b8695c80a09c2fe3597346ecc6562719e156ba3d774d8d6469550246cdb82af41ed594615f27a93fef57935a493b33df84d5b46416acd2648c63bd77be135dda7c31cb84249c6e3ce2b878650876a8c8ff0066bbbf0fb5ac69180c4295e1bdebcdae94a3668f6b06df35cd899918ed625f68d83daa9f9df6738196e396a9e75dca59061c633c67348b2ab46aacbf31fe1c7a579516a9e8b63e9b96374ceabc3921f2cc98ddbc04895863249eb4fb5b82bb5884921271946c8e0e08e3f1a8347697fb34984052bc461b9e847ff5e96cece2b58fca725d63cb9e7b93ff00d7ae492d6eceb9c22a375b924f2b471c92c922963c227a541a56cb58d79186e599bb54d7902b4630772b0e0fa5672cccb208b6e791f77d2b7a5692e59238dc24d7333abb5896e331484e0afca6aed8e2dc8898908381bbbd62d84c3ce117f09c2865e315bd6f034b88643f383f2b9ae5a895396ba20829cf430bc7f079f6f639c18f7484ae7d876ae296df6b2471280808fbbd0575de2d85dace20233ba327be300d7310aaaae1988c9afa4c1568f268ee7818b5353d51b36b1b487cbfe2c6eddd855b8e4f2f104cd8e3e5dbed59ab78f0b04d809e86af40ab35bf96cc49ce57776aea94db77e8650924ac8bc8cf01f989c633cd69a61540248359b6bbe5bef2672154a02b263a915660f32099a298e7922b069c8d7dc8bbd8b972d12c2b9382063e5a8345b54966655078e76fad4774a1632436dff66a5d258fda0471b6c2dc6eaf4f0f195bdd383132ba3bcb35125aa5bed0b104d8557bd727e26cc7a849128ca43d5b3d6bb41f66f2226816446c6195db3e9ffd7ae53c510097f791ee5c70def5d09b8cacd1ca9b7039832b46011d4d69e9f0ac854b332b1209f6e6b2d6067c147d8a3db35aba2af93b8c8e5988c0dc78af6f0e9f4d0ca09d9b6ae7d9dfb1aea4d756bae5b29cc16cfc2e3a16dbcfe3b7f4afa62be59fd8b6e23b5bdf12e9eadf3f970ca5739ce0727ff1fafa9ab8f315668f9dc4caf3d828a28af0ce40a28a2800a28a2800a28a2800a28a2800a28a2800a28a2800a28a2800a28a2800a28a2800a28a2800a28a2800a28a2800a28a2800a28a2800a28a2803f31a367f2d51db2dfecf14c924dbf2f402924dcd8381b8534fcf1e085dc78f9abd095189acd54946d0d894b1da0055503dfad24d1f9d03060584983ba98bbe36e4e7d6a7fb43f9242806b4a6f9559ea2a2e50564c8a3b748c6420db4a446a58851961834f8265f2a4f358291d2a1596392360a4f5f434aed6b109f3745626590c60103a53bcc69b76e50118f2adc8e69f6518b80858e0679db54ee6359ff0070007dcdc6f1594537a9cadc9bd342e345e7c65948fcea2f9940f738a48e06b725506050ac6e269d0061e5606ec75ade34db7693d0e8a7eebf7996638f6ccc38298cf5e68925f2f0c0853da98bf2918348b01571e6602e7217ad44e36d3746b2a6dbbc591ae77898932303bfaf5c5588af0c8d92001fdda7cbb16e39f9811f757b55565daa5d63030385a74df23dee71b52a2d93c374f2c6780a41fe1a8e0cc9230dc31b718a9e38c45f30e45430461646724963fc4d5ab8ebcc823193779ab93c7086dc038f300ce1a88d5b6862081da98b1aee130dc1b1ebda93cc1858b190beb55294a48399ddc56889b76e0431e3fd9a816d4ab7999240a5f2ba6093530dcaa4638a74da4694e0a9ad508b13c8ae72bb47bd344638ea48a48d57058e558f18a9e38c2e57afa3529fa68434aa31d1c88ce171b33fc5e94432062d9fc69ab180c7af3fdea235fdeb28cffbd4a95383774854e0a0df524e23fbbd5a8f2fcb5fbb9a8a4cae0e06efe553f99b9066b5a95231d0995ef6431f648c055b38f2f0c3823154a4fdc8dc39ab722ee5c039ac1defcd736e7518f2b23b5592d9f2a793ea334f3f2ae1b0734d556f5149229db93f356b16a5b9cd29728ad116da571ef436303b50b2160003d694dbab295624a9abf713b1ac64e2bddd49215565cee053fbab4d2576e0f4a45d96d190a381fad355848573d1ab3945df4d87273974258e45ef9cd3a46f90ff00083fdd34158db81c1ed4363ee63fe0343b325735ed2d89225d81085a74d8c820fcd4de768c74feed47f78f3551942d6ea12925a22c70dc9e450586de718a8115f38c9c3538a8c7964f34d49376b18c6738bd091b6ede1a9ed96518e6a331058d0a1cd3849bbe51c9c54f3728e351dc97cd0a1723934e8dc4633dfd2ab2c6ccc4118c74a9e1518c4aa37762b5518c6d7639494fa11aeee7775a7c717cdb98f14acb4d19618078a851e77eea3354949dd8f9260abc824542ea557033cd49b475079ef4f0dbba0ad791445ecddf5646318031f9d39631b406e8050b2069391834b229cf144dab1acad6b45881c28c7e54b1d34614d2aae4e474a2f192b5c5cd2564871ceece72052952d4aca1b1b4e0d22b95fbc08fc2b071b3bdca7fde626e2a982314e8d5561036a9ff00786714d91b78e3b526f3e58da3241fbbeb4972d8d528450e5f94e4f35106f9be6a9597db15137ce70179a4fddd52159ee3c48bd319146c0c0e69817caeb479a581c569cd7e8539dd6a2470ed23d292e943285048e7f869cacd8cf6a6b7cd512a767a68669dba10ae54718f6dd4aca778e29d3467239e0524521693151a8dcbba1b37deed8a6b2b48b8c62a592dfe638cd44ca63a39ecacd1295b51b1b185474ce3ef544ec17daa4de1b83d6a3931b7d6a9773a936e3688c7cf9781d5abe7efdaab5cb1d17c133c13c724f35cfee5114f7cf26bdf5b7b36c43872701abe1efdb3b5efb57c48b4b11719860b60ed0a9ee781fca9c938c414a373e74ba8e3b78c22e41fee6738cfbd67c9232ae0820b0abd3c82494b16249aa93a8f2ce467d2b85496f6d4d39db76437ed1b9412402005a45987151ac798f793c50f8daac3f2aa8c5ee52e72d4526e3ce294b46dc007dea3b78c491d4be598d78e6b572d75456cc62208d48cf19cd43300dc8eb4e58cc8acc5b1c50237dbf2e371ead59f2a96cac0e4c7c0bf2e79a4872ac55b8279a991196301f04fb52a26e6f9a8e56b72b7d588d2794a6a3690af9671c354d710a336793b47ad41365e320702b5f777b09ec4df2b0f30f7aaef37ef31c8349b59612adf854ab089234dc79e3bd119c6e115d8585965560ca463a1f5a9dfcb7b611a82477a8da1f2d881f731c53e35fddb05e30286aeee5cb4218f6a9f2f3c8a9c37960600383f798533cb0bf31fbd4b1e5982f19a492f431959ea896753247bf1934eb16587872703a7352c36ced19404163cfca2a4b78bcb3cf1c7dda6ef04fb19dfccb2da78f304880e48f5a7477522b2edc0c75ab36b9b9b59117fd62a93b7d6aa4501ddb88c528f2bd8d60f9958dbf0fde1b7d426259944b1153f98ab5ac58c532412c4010dbfeed61869236574c6718e95a767702e6cca3cd20954e473eb5d5a587777d0cb86c596e1776146371dd5dce8ba818e04320c8e9b7f91ae6ede113b1dadb9875addd3ac66f242a45238fbc1715cdbb092d751fad466f2e12704855e36b1ff003e951ab0b78b278cd6d3682245592612458e76e2b3f52b5db82a08526895451d2c5f2a5ab33ada2f34b30271fde6aebbc1d6260b96122ee335b0936f60723fa66b92559b2228be5dc7ef55cb1bab852a6590acaa4a0d9c0c74ad69ca1157685eecb747a2e9b6f0dcdd2ccf904004c79e391535bc62dfc66b180d141e5729d33919fe66b9c5d4bed56b123b08e565c12a315d24d3db7da16549010aa1373714a52e6d90f9a11d11d36a1143790b7eec1f9703fa5715711bc6acb8f31ba10b5d259fda226c924c6c06066a8eb1188896652b23e1fe7e323a570d650bf33477615ebaa3197f75182460e39aecfc2b08bad3526dc594311f4f6ae3cfcf81f7573cf15d8f86645b7d2e248d86c24bfca39ebffd6af3abda4b53e93091f7b437829964113128d9e1fd685b63e60665cbaf4a91ad44a01651fd696d7cd924d879318e4a9cd78324af689f489c97ba91d168be679280a6c1dbdeb3adef239eeae2d88dc147ccdea73c8ad0d1dc48c15cfd1aaac8aab7b71288f6f98e49a85cbb4b73b24e4a167a037fa3ae0e4ab1fe1ed4c6896065604fe740dd8cc9fc5491b793708a70d1ff00b5dab58c5df446136e31352c57cc09ce0639ae934edb3c91c130383f764c6707b5635ac714fd87fc06b76c7f79343028e09dce7fba3d7f4ae5c45a52b48ba12495d2333e224a3fb362836013c6dbc3e7a8e9fd6bcfa64170bb4fde1d1bd2bd13c7199f4952eecdb5b0abf4c67aff009e2bcfe35122b386031d4357b997a828da479198ca6e7a6c5db79cf985e4e72380b5ad0ec9962318cb18c39f62473595e588d57701923f2ad7b39042b90bce31d6bd392845e88f1bde8b2c5ac62f25304c17705c82deb915b505b99155650a640bc3d63c76eb22f98a0ab1e7af4addb161711b44ee55c28c1c75ae7ad3bad0ef84b9d72b2adcd996b570ff00bb651f2b377351e8b70d6b75b5a32401c73dcd59bc6f94248c3701c550b5ba5fb580031dadcb2835df87ba8eba9e7e368b86a8f48d1e09ee2c4dc089d621f2ed6ebf5c5733e2882592e5a32c7c9237fa64915de7805bccd3c3966dbe61015f3f3702b92f1d4074fbe10ee4db8dc3d7b77a2353f796be8715294b97de38ab5631c263c723af35a5a5dbf9d75e533009b49f96b244091cef22120b7515b1a3c6d0cd14f9ec475ed5ef5393d1442a545cb6b1f4efec877f6f6ff12aee0856677b8d39a37661c64146dc7fef903f1afb1ebe1dfd92af0dbfc60b747183756b32af38e02eefc7a1afb8aa3328b495cf9ec4257b8514515f3a718514514005145140051451400514514005145140051451400514514005145140051451400514514005145140051451400514514005145140051451401f984b70ad20279fc69b7520565d832cc6a53861f7013d06dc0a49144582c326baa352715efea765483a7aa5a0430c83031b8b1a6ccaead8c60838f9a91584e57008c1ab4df78312a33d375375537a2386725277b91987cc8f900e7ad3ad6d92393733050390b9ea698bb9a4d916d27fbd9c62a72aab6e3a492a0e5fbd74fbd64e5b1d34e5251d885be57f917e82a16cc00bb7ca7fda153c321690f25481934f78de5b851e41913683d381deb49384b73296ab9a48209bcc8d5b20e7f0a69f33cf70b924f348ccd04c9920b6e3f2af6a412bc726e2bf311f29ce6894572fba64e51dd6a49b63560a5bf7a0729e948667858e4061db9a56891d7cd7c6e61cb77a632ab288c1cf3f79a94612e5b0e51ad28de3a22d40b0dca92c9875ead9a8209049c004ae785f6a4930abf213d369a7c526d8f0bb723a562a8f5b18a5564acddc7994c8e11460119dc697c9768c6dda5b3fc54c91768121424aff000ad4d1c9fbb05b806b4f81591d1adb96e422d595998afcc38f94d35984330c027775f6a9249258ef11500f28756ebdbfc7146d5721b8cd284945dd93caa0ee3b6c9049bce428a9567122f4c546cbb94127207bd0aa181ce47d2b4e58b5cd722a36dec2fde900dbc7ab53a3fdcc8c198142015a93c91b47cd5148c1b92878e375473452ee12838c6f12558fcef98120669db7e6c745a90cbfb804e06074a81a60b19675c81fdda22bf91d8c5ce317690ef2c39084e3fda5a74b08894004b9150dadd1da76a82d8fbde953c3199012430ff7855f24af790d5ef78ec47341e72a91f8d58dbe4c0a7716e334d4df1f51d69de6055c9395ed571d74454a3cdd48972cf900d5919db8c2907af1cd47031619c629f1cbf7f239a99455f564f2c52f7d91aedcaa2820ff00b54f57eb9eb4c8d56e24396c11fc3eb4a70e78e29c3953325eebba02bb9491ff007cd2c4abe5ae7bd0b85ea7ad3ca061ef5d2e2eda1d51a92b682b3234871d87f0d0d1191a39013f2d2fc902e02f5eacb44727cc7cbef594f9ad648ce4ddbdfd47f9a576c7e592ed9f99a9029db9239a1999981607e5ab218491f4ea3d7158a7dcca9f249d8863cb2d4d13056ec7d38a8e365f2c03c1a6731cc187dda7cb6d58a7cf0d22f4267937938ea29d6f10639006ec72d4338739ef4ad31897e4009ff6aa95ad765465ca847c87e3ad1f7aa23297dac00cf7a9d13dc574c796daa368d9a1a177e7b5280553763914dddb5aa446f5247b54b6a246917b9177e98a92352a723814ddbcf1c0f7a906580ed50ef25a0f44aec6c8db88e29777cbc75a56c32e29aabcf1c8ac391c8ce31b7bd725de197814d0aabcd1c671eb4be5f38029a518bd4be74dd86c7b5810c38a78c49b40ed51ec2b9cd2c6c7bf02abf7770728dec248814923a5089b8647143aec38ea294fca9572d5688e8e676d87b2a88f27b52a3471a86233e8d4c0a1a3e4e73fc268f418e82a231d2e995183b5e2f5192b193de9a53b00066a5183e8287906dda00cd64e72339464b720663b70bdaa356656f9b9a795f973de9b12faf5a98b7277304a5cc2b309307a0a58d467ff0066a7b21c74a8a36f988c569e86eee3d98eee391fdea8a76dc318a99b0dd2a191b69a5a35a8e1196ef6218e3f9b9a24b72ca70d52b1dcb81f79a9cb1f970e1880454f3456a5c97631af27fb1e5823492052e817dabf36fe3aeb475af8bbaddd300e91feec37aff9e6bf457c63a87f65f8775094b00e60601d3efaf15f971e2290dceb97b3296db9fe37c9ea7ad126e4bc8d69c7a98d75ba59cc806d1fdd5a7aafeec6ee4fae2979656278e38a6c6aeb1f2466b91be913a23a2b1198c2b796178351b5b85c8a9e36efd6a431ef5dc781446f17a92b99742b5ba32a706a5562a0ff0011a7ec2a3a54d6f6e58ee382bde9ca4db2d4bb95f6855e87152416a5db8cedc66ae343b97680327fbddeb42d6d5fca42c147033b695d26538fb4d968642d9bf4ce4e3a354eb62563524738e6b662d3bcc6f97924f1baac43627773823182a6b495a4ae9171a7d8e3c5bcbf3e72304fe229bb772e31c574975a7ed9480a361fe1159d369fd5542ae7f2a98a264da564672c6cb863823fbb4e0cb2a90473db6d59f259a4f2f8ca8e69e90edc0c0cd68976325cc9e85448cb0c67e6f4a458d924c11cd69d9c1b6425bb8a90daee93231cd5b8f98dc57da33cc03cb25b393d156a68e058d508e59866ad7d99d1883ff8f0a72c2acc32c3228545cb533e6d6d124d3d4413066180463e6f7a5bcb70b34840c03c8a63b723d2a566334414a74e86b4b74904a1ceac36ca56b73bd4e41e0ae2ad5d406597cc040ce3e5c5476f12f979208c55ab78a4b997291ee5e00f6a4ec9682a74dc3a8c6b32cb95f4e3eb5a5a6e985a4c30da719db57edb4a3c2ec321cff0835d258e8b34d6ab285642780ac87f4ac25292dd1d293bec50d274c0cd88e25cb7fb3c9ae84e8772bfe910152aa3f8783e95d5e83e09115c25b9b49a4b8993e6da08c57b5fc3df843fda0a10d9a88e26dffbe7c8159dfa1b7b396f7d0f045d06fb5050059c8514125fae2aa2f83f51ba03746b04520cf5dee47d315f675afc1d8b4fbe86531402d8a92de49c63d0115663f87da4d9dd19e5b382e2655c2330381cd28d69c5eab41385b567c27aef83af3c3cc92bdb48d191c48d0907ad62c96220bf55dad0b2f54618fe75fa37a87c1fb6f1b785e5b3b8b78c5c484988a920f5e3b57cfbf143e02eb1e170a2f6210cea367dece4763d29ca4d6a3e47f651f3cc713c318628483cee519adbb1586e1123b84dad8cfcbc1aecef3e1ddfe95a3c02658d8b7ca191bb03d6b9c3a589ef960ce587475ee6b5a352efded0c5da37524757a02ef9d23605a251cb7b638fd6a6f1be98b75a6c134614081b0cb8c12847ff005a8d3521b30e5cec7c0072726ba4d3ec61f11db4d0ccbb622366fcff009f6a8af66ae91742718bdcf1e9a71215c29031d8d763e19b745b7f2f39dbce19b9e6b9bd674d167ab5c451828207d85b3f7aba5f08c656dee1d8a65d8617b8c0af12b4a318f767d660e4b9bb9d15d4bb235248fc4d4d64af1f98ca3e69300ee1dbfc8aa1cca55ca743c2b54f1dd4acc63db838fbe38c57857954f751f550a36f7d9d2e9114725ae1e35970cd87cf43e94be5c6fb95d7aff10355741fb3dab1f3bcc31ca396504e0f1cf1d2ac5ac8ad3385cb4409daefc77ac61467195a4ceaa92528221bb4d8bb54e477e2ab5bc63cec9e540f4ef562e993f7ace42a93ebd2a9ac924ffea706253cbe6b58ca51d2e72b6a4accddb3db0c99f6e2b774b62865d841924504f1f74560692a5a4504021464afad6e4d70b0e2351b65981ddec2b2e6b3ee7561e9a8c79b731bc75e64f6324a595123e23427bd7090c7716f1c53046950920aa8cf4aeffc4d2491e89214456031f79726b9282ea6930b8d898e15457d06064a50d0f9bcc2fcf745a876de479e778fef56ac0de5a2e71903f84565d9ff00acc0ad2591519049d0f5ae87524dd9d8f3e3cb2567b9a11cbc8db5a762a17e6762246380beddab223459e78d87fab4c65978cfb56ac178aa59d80c91b557deb06d49ee694e31a6eec9b505852d580264980cf5e9cd66e976e62ba624b3a75f7cd4f731bac7239e598e781ef5169ecb3c8bb89033f781af6b0ea1c9ee9862a7ed3647a4786e5794430ed656c70ca6b27c770c110fde3c85c8dfbb3939f4fe55abe15f3218c9c12c17cb5c8edc73fa564f8dbcd9272ef3b3a018d8ff00c390338ae68283a8704547a9c33edf2c12d835ab639f2a28b0ff0081f5ef59b756f1cd8dc323d8d69d936d5510ae36ae02e7f4afa0a7282b244fb38c9e88fa0ff663bb8ffe171787adc79804705c229238cf92c473ff007d57dc55f03fc05ba367f133c1e9b42379e55ffda2d81fd6bef8adf344b91347898bd2560a28a2be5cf3828a28a0028a28a0028a28a0028a28a0028a28a0028a28a0028a28a0028a28a0028a28a0028a28a0028a28a0028a28a0028a28a0028a28a0028a28a00fcbbf264ba5058a81193855f4ab2db99413ce3a511aaac3d3e5c7dda48d448a465801d3d2bd1949c9fbbb1ea4bda75d855c44324927fd91515cdbdc492238dbe50e9f5cd3fecad1cacc645db8000c7356550ee0aa7007278a25ceb638ea61dcf5645140c18b6fea304522c6ea180e076a74919e0e4d232cab196e08fad1eddaf75b395b9d38f2ad81e195a1ca229cf059a8b791adda566c904606d34aaa70e013b8f4a61fdd92af824543e5bdd6e4d39549e97d0b0aab249b9803ef8a81a3fde005d885fd29df22a93b8e4f45269f1c2645008dac4fdef5ade1561b48e894175d062c830aa4f41f7bd6a78e352a477a632855200009a8e290c79ce4e7f4ad6a4972fba8ca755db9122cc91431c32309727a05c77aaeb952981919e69ed22b4780b8f5a7dba96c8ea0f55ac2351c16a7128d45b0f9a71b8aae391f76a259b691bf903f869eea91150146475a5501642c73c8a3596a8d94a5157ea3fcf3244ea9f213fc54c45ee39a48fe619c63d6ac2c61ba6d41dfad36e4df2a1c25524ee908db648c4641538ceecd11c659b1daa4b5517721f30855ecd9a4908b703a924ff0d5f2ad8a937256b0430169fcbf30ec1c9dc7a53a191ada52339ff7685586058d97efb13f351361707e5152a2894f4b206549e43b999091da810bc6d8ec69216136e446dbb46e2d5379824e339c7f156f0b0594af26884617e441c0feed5bb766589fcd4da83a55511b2b0f2c8c0fef5279ccc70e739fe559ce4e4ec8e694db7ee9697f7b1890720f4a90463ca20053fef0aaf1b151e584216a6b3f98101ce41e55a8db546f7972defa8d551de9abbb6e48a74beb4c956568c9c600fd6b4f725ac86e2a71f31f1a86c31eb52b47e5c4c47248aaeaa635c8a58e76ddb474c7dea8e552778a22376f950f8e1f30963d69fbb7371d4536352dde95504278c93df755c5f2bd4b8a8f35ae4c1437dff96a285514600c1cd3e46fb80e0669e918eb90450a519751549422ec98f5c32f3cd3043f29c9c5490b2ab628b85f99092369e2a5fbcec999a7a5e2881632b27aaff7aac850c327a542ca146e14a143633ce28e572d243e652d1ee4ad18917e5383517cdb79fbd5347858c100f5c546df2cc075cf5f6abf67a5ae4a49eec917fe3dc03f7b1cd22aed5c038a72b0dd83e94d8d4b2f279aaf76dcaca728df424110e09a4f3155c71f37a5319996304b00691200a7712598fad65a21f2f32bb257fbdb88c52afccb48643e99a4de7e95bc1b71b0ef0b6e31d4f998246da72305c01c0a72ed60771028d81b918c76a852717690d6ba0f551bb3daa476dbb7660d4518dabc9a70f9863349daf7bdc395847866c138a248c2e48e69ad19519a5552a01c96159e9261cb77762797b8826a575555c77a4760ca003cd2951e59f9b91572e54ad734e6644115b8a59232b8f4a23c6ecd457119dc32cdb49e39e959a95b542b72eac7ac61b82704d3648ff778cf34043b47269532d907f334b5dd14a69b23dbb47a8ef42a8dd9e33da86428df5a58d4679aad25f16868e5e42ef31601f981a372b12718cf7a42cb21c03f35288cac7cf5a4a296fb197b457b323651c9cf4fe1a8d555a5dc4e40fe1a91bee90466a2586355cf5a72e58e891d3cca48565f9be51ff02a8f76e5e69e2669242a06053032f986339c8193b6a1c5bd4e7e595ee8f13fdab3c50be17f863a9a42f2457778560b7653b396ebcfd335f9e4197c90b2ef2cc325b3cd7d63fb6f78da5d4ef342f0ec62486284f9f2b37f160607f335f29cdb5a6298c11d38a52dac8da9dd7c4548d4b00b9e71fc54c11966e0d4cb6e5a4c76eed5623b45c8c9e00e57d6b89c7debb3aa369310590550150e4ff163ad5a8f4d792355505ce3eee2baad1f417921e06d9248cf967d2ba187c1676ab44771651cb8c01eb49c95ae74aa7d4f345d35da3242b7bafa56ad9e86de66d20631c6dcd7a8c9e06b1b5b88f6c218119dd8c56c5a7867cc5766565888e15178ac556bbb1b7b07d0f23b7f0ccd282305271d323835a30f84aea451189543aa6769538fa66bd3a3f0ec71c2aac0b05cfb0eb572d74348a32cd9724636e6b29db9b42e34dc4f33b5f0eb4518cae65fbdd78a917c3ebe613316c11c8e98af458fc3e1a16507cbc73bf1c9aab378702b005cb28f988dbc9ae84e6e3a14e167a1e5171a6c91cdb4872a0f0f8eb546eb4b31b6e24b2fd3bd7abc9e171379b22ab4788f605cf5ac0d4bc2737d8c08f6f9b1300377f17bd4c2a38692392516f53833682455dc06ec71baa8cf6c5a460b1b023835dc3691243018d932e067eb8f4ae72f6d5bcd95911c2ede7835d719a93dc5cb7d8cc8202c42f39ab5f676b39339edb69f636d279c3ae4ae78fc2a5bc81a31b47cc4fb74ad5a5dcc547bab99f70db989ef55bc961231e6b4fec2587cdc1ec71565b4f1e586c1e38fd6a76ea4f2ea64430998fde19ad3b3d3659463e5c55b6d0e5f3e28d63396c7ca98ef5d869be15696364dae090075c7d6a1cd5b51ae6e6b1c8dae8f3cef80a1d0f5ed8ae9f4ef0b9f2e33111b06072320fb57550f856dedd9e1b71203e5fcc58eff00f3d6b7b4eb786c6ce28146768e777393dcd473bb1d118eba985a6f87caf952330dd9e76f6aeaf45d262f3910e783b82faf7aa030b20da4ed07e95b16574ab828181c7a668f6975ca75249eb63d07c2caf36a41f019caf3cf4c1e6bdcfc2d2c36d7eb14442c32c6485c8e702bc23c337515ab44cc55c31e5d7d31cd7aa59df45b55e060ca07ca4528c631d5b2ad197c4cf4c6d5a1f2d94e09ed55f4ab695753019830c823dcd715a55c8b495dbef093aee3d2bbef0b3fdaaf23695d4395f957f962b58bd6c6728a5f033d4bc0de1e9352bc88fceb1e705980d8057a278cbe0cd878e2c426a16d1c92c6a046563c8618e87d2b27e19e9f0dc311e6b08e7b60fe5a03f7c119e6bdaec55d6d210e72fb466b4945b470caa4e2f73f3f7e2c7c0f1e1d83508d34a86d5210446cb297c7a904fafa57cb979e134d1f548277f9d73fbbebc30ec6bf60fc79e0db5f1568f730cb6f1cacd1900b2e483ea2bf327e34f856eb41f136afa523348f0c81d531c1e87f9571b9ca9bb1bdfda476bb3cab50d3de6d4bcc2a406501bf0ef5b1a16f818c04304e71df18acc5ba996456237ed3cafd2babd22de1bcdacb846207dd1d41aee51e68dce38c649ea79afc40d1cd8f88a797728b79d526d8bd8f4fe94ef08db48d6f96f92dccbcb2f248ef5d2fc56d164f2fed11292ad0e15d7b6d3deb2bc06cbfd962391c677172bcf7edcd7cee3af15a2d0fb6cbe564ae6adf79503a320deb227c9b7af18ff1a5fb385f3173927afd29da92edbac3285200dbf434c85474f98b1fe2af1e152363e89d49736c6f787652b0c81b6f9518003550b5ded3ca70366485dbd855ef0f59a7db977f299cb2e3b76fd6a7565b9b8995cac2aa5c2b76ae394a1295a27a514e71d0cdbc88c8ad6ea332b0186f4cf7fe750476b731b496f0ce62518dcfb73ce3b56a496df670b9904d732650b2f3803918fcbfce2a899375d2aa12531cb7a9a74ee9d8e774dc159a3674989e0b78c39defc92ed5a76d1bb5cb1652eec3ef7a62a85ab16b71b7f87966ad3b1ba0d203dbdab652495a512a30695e2c8bc4d66ede1f9ca385e4123a1c0ae12d99146d078ed5e85e22fdf68b78e48091c65f38fc2bcee18c46c46e0d818ce2bd8c0cd5af147cee6127cd6b16ede610c98ea0d68c2a3ccddd4565f945e6241c018ed5b365018232c4e4b7456ed5db3f7ba1c54da8a34d631b404e173f3353c5b869031e8a3855350337911889581e725aad5bc89e5f5f9c7f745724b963d0b751cb488b3c87cbdbca91ed51e97e4b13c74fe1a7dd2abc0779c71f7aab68f1bc776a133cf5653d857ab879a71b5ce1c43945fbdb1ea5e1768beccfb771982072cc739accf165ab5c5d34a63758c45c71f78e3b568786542ccc8b1ac9b94e5f38f715178ea5922682382558881bf62f3b8d5c631521d36ed789e71343c2e1b77ad5eb3dbe616f2fcb6e31b7bd53b8fdd48aa7009f7ab36cafbc3038db8217d6bd5a11d6e454524ee8f6df80704ba97c56f0ccb10918c73ab1f93e518c13ff008e66befdaf863f661494fc5ed0658e5db6d89ddd7b730ba8fd4e2bee7aeccc6decd58f99c5c9ba960a28a2be5ce30a28a2800a28a2800a28a2800a28a2800a28a2800a28a2800a28a2800a28a2800a28a2800a28a2800a28a2800a28a2800a28a2800a28a2800a28a2803f31636125ac51e41739cb631df8a8c48d1c796e08fe1f534d818798467ee9a5b893e6e0f0064ae2bb654da96e75d473a64a373264e549a591768382776ddb9a8a16668f247ca7a1a55f9d5c37422b78f335664c64e6af2d09e6cb280015e3ef539a3463904f02a1b7936c6910f9846395c7bd3830c171c0a87cbd8e5a8fb125aabc91922339fa5433c990091c74353e9f3166037617fbc6a26f9a3520ab363e6e0f5ace3793d8ca9351d62ecc4dd12c2189c92d8daddaa6fdd4ca61ec7df9a6dbaae01f9b7e7f0a942ac721200cb756c568a9a3a64aa4d5db1a96cb6f20f998a8180ac734be6ac8e766180eb51f9322896432a1627f887000a8a38cac32c98f98f5dbc56dcbe473549d48aec4f1f9386320209fe1514090c6c369c06a176adb8048673cf4c546cdb76edaae46f548c55492578b2e2b2eddcc7aff0076a2997e5f9698adc0c8dc3fbd4e0bbbe9511d1b669cd5251d87418823cf43deacacd1c919619c74e950b2858c74ddfdda155bcbda00c9fd296ef623da4e9ecb422669390ac706a5562b19de4823ae696de2ea589047cd8a7c89bfa1ce47f155ca4b66cd23272571235f3633b4f22985b72989b39cfe54e59bc93e5a819a7b4c7cb2554649e5aa1da2b41b8ab0c5b791b71ce01e8b52ac223650090075a44df328c9ff0080d491c2f129620153fdea29c25bb663ccd2b584599164042e6adee0cbc28c9fe2aa2abb54b702a586e0e029aeae5e65646f1b762448dbcd2370f65a5b75fde0c9c3776a4697cb656c77fbd4d9236f30346d90c790bef593e65a23394d6cb72cf962390e4ee53d29accdbbfd93fc351b2bae79f9b1c679152ac6648949233df6d4496a63cd26f4d08594bfca2a48e2d8b8effdda649b9012b8269cbe637cff007988fe1ad793955ee6f4e4d7c43fcc0ab8a72cc857031bd6a35f9db07834b1c7e4cb9f5a71b5bcca9455ae91370c84b8a85586e23381fdda9f72b707a52c30c6646238fc2a744ed2464ecfd44dc188542a0e3bd324576500f514e923f21b2305b18a7caa59738e7d168d23b234d22b6157e6888c738e2921c2c615860d32191f68e719a9463cce9cd5c1f539f4bddad492153202179c547cf5a71f908238a248fcd6523008a73bbdd96df36c840a54e4f5a7c6c189e724738a1d38001a547e4003e51d6b28dcae5e5136ef248a376e03b1a72b052d8e87a534c6707357ef37e426e49683e3db9f7a256c119e41a2188aafad233146f5a71d5828a9bd56a3555547ad4862566e0e171eb5184dc72685ea476aae4d6f72d4794955429eb4acbe5e39e4d26dda050d89173825ea7e468e29a1cbf3704d222ed6c1e0511aedebc9a5fbcbfeed66e37774898a6b46ee2ed1b94f1514cc15b8e477e6a75c2c79cf351b4614e70307f8a93a8e2ecc72f74746a8c076a8e46563b4d2f0a7da9b2296ec063a509733319735ef61158230cfdda5dc3f869170bf7a90918c0ad23168da9a6d8a57e6dc7a50143f2698d9e33520f950565516b666bcd7f764316211b06539cf3f4a2563b4f2314e650cb9079aac57cc3c8c538c5db7138c16c4cc87cb535188c6da94e7663351ee0bc77a9942495f737845456a4327cb8dbd69f27ee6dd9c9c1dbf8d3a48030c838a72b6e654c1209c1db59ba965a172692ba3f3a7f6b2bc5d43e31dfc02591a6b38628f633f0bfc7ffb3d78a4cadb8135ec3fb524f35e7c6af117ee6183c8f2c1dab82d900e7dfd3f0af1e9b38db9a97ef6b72a1152d5891b6d6009eb5aba1dcc5fda51abb614839e3a8ef59564859886ebdabb4f04c2f2ea081222fb236fbb8aca4e31d6474ab45ae53d3bc3ba68fb38541978a31b99bad6ec569caf1cff002a874585aded630eb87dbcf7ad09599b0114b37fb35e757a8afa1e9af797bc5ada197046452af99e5ed6000c7155e3b8da793823fbb537ccd70a723cb2083cf4ae349c55cd3994741db06dc96fc2a48d11a3249f9bb2e2a2910f3fa55786e0ee3c118eaa6b55c925793d4be5e657b97add449b8118e71f30a8aea22b3201d08e368a646acc09c90339f96ad79bb94649638ae9e6e55a18b56764508ed5d987cb907fbb51ea5a7c696fbe346327f75056bc2a1571d69658be5048aae652dcca4ecb53995d1d6f0a02f22baafdd55e958ba87836ce4b761299d653d5d5bfa577d02c7b49518cf565a8a4b78e5c8c2f15acad6f74c25b5d23cde4f09c505b94b796575da7efe339aa779e0c3e64222669015f9b7752735e906c6312e4814d16b0c8c4afcac3fbbd29d2e6ea4c257e963cda5f04ee5dbe6b2797d5946fcd68e9de178a054c3bca48f9b728e7e95d7c762256656539efcf5ab56f631c31ee11aa6dfeed6ce56f84894399fba73b6ba6c56ac571f39390ddeb4a183c819c938ad0915381b410d4c5b4dcc72ca07bd63ed64dd9ec6b1824b52317019b86e587f0d588f1b7e6ff007a93ec6a8a38191d1a9de5f97c939f45a728c64ae272d48da3131dc9f8d5ab194b70780b51dac7e5b1054907d054b0e37607353ceb689bc65757b1d469136e6f99b81fc2a2bd1fc37a849e5a5bb302aa091c720579c68e9e5c71e41249ced6aea74fb83148add081c3669c54fa89daa1dbb6b112de797b890a00c7a9aeeb4194dbc9034536d68c6471cd78d4d74f1cf05cc2479b1307da46738e6bd47c197c3549ed2f4a85064c147e41ad20e5276644bf768faebe0ceb492e8f14d30ccf0c7186dc361c3727eb5ed514c823439f95ba5787687a82dbdcfd8a1f2cc648dbb4e071ff00d6af48d075091ecf64c0e54fcacc7a8af4637b58f36675932b491155e0b71cfeb5f067ed51a60b1f1e5f9d8229e329323edc798be581fd3f4afbc16e93c90e3aff0074f15f1c7ed89a7cb6be29b0bc8263234d62536e323233dbea4572548f2c8ba4ec99f14ea503de4914b146c198e647c607f9cd6a68d04d0c314c0ee933808bd8d599206fb2a8f2407fc87bd6cd8c0963a6db3b1253cccb367b679feb5bc6a7bb6688955bbb6c2f88f439ae7c337e4ed0c2027e7edef9af26f0ede0b606201883f2b73f77b57d19a969915f780f521e61f2ee2d9915b1f74763cd7cdde1b42ccd29da4c8899af9dc649bd8fa6ca672bdce8a697cf8d909c36328f515adccbe6ac6ea3701927d714e3232a88c2e413ebd2ac0b36f30ae4e474e3ad7cdcaa72e96b9f6f19a9ee6d786b51ff0048b9c420f9716f3b8f7047f8d1147bc5db4e4631c283d09355b426ff005bb461881b95ba8c1ab82f05b5c4ad2a1cc7caa639cd64926f447a4a4a31d88a0f36dc3890ed768c6d2c33838fff005567dab797230909040ab925d492c63ed4c483d09fe1aa725bc8f271cb0e4e7bd6ca0bbea652a91947b1d16937827844911180763ab0ab90c02da4de15b6376ec2b074f6fb301e5c78cf279fe2aea2c66556c9fdec2d80c99e95a3a7cbab77392351376447a947f6ad26f60c6f1242404f53d7fa579b416f2c6c549de1b39e738af4cbf5fecdd36e67979802b9040f5ce07eb5e6362b2c23cb049723ef6722bdbc0c54a37b58f0330a728cb99ea68d9ac7149c9e00fd6b6e39ccd6b2380093c2f1d391ff00d7ac5b5b60f2019e3bd6fc3b635651c4607dd15d95128bd0e7a31e74244a2351920645695af970c581dfbd65cd1379f90d9876a9fa56841b2458fcb0570306b2508cb5b7de6cad4fa16278c4b6cc8d9008fe1aa5a6c4d0a6e0779cfd6ac5da86808dfce38fad27872d9a5b80b29c281cb2f5cf615e961f962b538b1553da2b23d53c397502c29b8b44a13258c78f41589e28b8fb65f4972c48895422ab75c0abd1db4d6eaa770dac833b6b3afe3fb48639c2a8ac6ea552f1382109a5a1c65e32c84e1719f6e953594cfe60c8c81d7029affbbba98314207464e945bb1926431ee57278db5ede1e493ec6a9b4b53d83e09c86c7e2078513cc70b71a9da831fa012023e9c915fa195f9e7f054bbfc43f0b0980908d4ed4823b7ef13afe3fd2bf432bb732b7b34d1f378cd661451457ca1c01451450014514500145145001451450014514500145145001451450014514500145145001451450014514500145145001451450014514500145145007e6240d1316264553f5029559566fe265c76350ac236af9c8b29fe54be645149e52006403ee01d2bd0946cb4dcee9bab27ef6848b21505235fa546bf2c3b4ee07fbd4ef33cb00b7cb9a92350fba3112ee196ebd702a6309455e471568ca5a37a859426dd5b19c1049da3938a7c334372cc0671fc4186285936ab0c67238a8a44124642e236231bb15bc529e8cc54254d58b323279798ce0671558c61958800539bee8039cd491614173b587d6972fb3d995a72e81b4c318380377465a5661c60e36d30375232a3f876f6a50dba4c9048fef66b38bd7de45c745b843fbc6387031c15a9b685185e477a895a18dbe4dbc9c1d83152feed98e0053fceb4a952d6510e551d5bb8db75ebc2e314b0c6198f3c7dda59230b18f2d946464f1df350c6de5ce55c81c715d29ca51b5852a716af044b6ea1898fe60475ddd29d1c862924d996887b63155a48d9a65504a060738ab4dba58cab12a0ff76b2947a5c525cab4dc8df3c60004f353eef3154b2fcc3a545b444c371c9c53dbe55f94649a7ca92d59c8e1565aee3a46dd22e19a327aedef52880b1ca066e39c0e9501daac39f98f6a5f9f7120b018fbca6aaca0eec51bc5eaf51cd32c72648e00c1da2a4b5749377ca403557ca2ca76e4fe34432f001054f7a25aa2f9a6dddec5b95bc91fbb19f4a72dd6f50a7835034a5718029caebe56021dc07f0f4ace36b11ed3ee1eca26f94861f8d2c71884f34d8f7718a7c999a7c1f957b356b1928ad58733b59122b79b9249f65a58d4c72669c156068d40e0ff00150ac645dc0103fdaa4a5193b2467c918ebd465d48ee63e428079e3ad3d660bf21ce0d46d9dca054b22c6ca32ad93ef5aa6bab34bf32b5b5159448b8a9a18d611c3e0b75a8e3b72b09c13bbb544d955ce7359cb9a5e8689c97c489e5923dc4f5ff0076916457e3a914c8a31283eb4e5897690063fdaa88c6264da9bb21cca240bf30008fbd521de92ed0c1c601dc2a28d7731503a0a922dcd2123a56916afa985dd37a12ae6423bd4850a8fe950ac9fbcda319a9999b69ec7fdaa4d2bdee75424dab6e317673c118a40c18839e0d3970cbd33418cb0002afd6b3e577d593ece72dc5761200a0e314ee01c0a8595f764aed15344a181e6b48b4b73585e3a302ddbbd1b38e29021c9e7bd3cb6d009abbc64c738a93dec2a28dbef4aadb8814d8db7b1238a76d1b81c918a579276138c9751d332c6b9e4d3238838ddca9a7eedcdc8e298df2c99e453505cd76428b8bbdc030538a7050a738a8955979ea6a40df2fbd29e9a0e726b663954c8c4e69eb88db02a2453d738f6a7ee1d7bd4de515a84b9e4ad71bb8eea7797b98eda6ee0a6a512055cad2e6935b1bc538c46c51fcbc8e48fe2a695dbc678a748e58161924f4535048aea177c6ea4f7da71f9d28c7ab215f9b61e17de88f0cd8cf4a0a9c023a53428fbd9e6a65cbd0d1ddbb0ac9bc9a238c28c7534f2a768030299ceec538cadb8d46efdd14aedebd69ad865c52b60b8e723151baed6c8a993d7545c9df4687b6368029a7a01eb4abf375a1978a9945c754472ae8c74718553cfd2abf32374c54c8a6a26f964a15592d0dd356b21eccaa306abb4e54ef5fe1e6a59140231cd569e43b5d02e33d1aa6fd8ae5e5574f53f3abf69d87c9f8f1e2991d648cb793f2b9ff00a649d3f4af22b85dc78afa27f6d8f0ac9a3fc54b7d6c4a05beb16a32aa39dca00efedb2be7891b6e00c50aecd21cdd486d64fdf648e718aefbc00c636b858c3197192dc74e062b88b7b60d2648183d2bd03c17a7c2b32cc1b1315c6d627a572546e4ec76538f333d474a665b58998624232c2acdc5c18b0cb920f5db59d6ac62401885c0e29d0cf24aaca7aaf5e7ae6bcb972b677ae48ee5a87185600e5b92b57e3c2b70d927deb26391b1b4706ad24878607a55377b12d5f634e77dd1ae0fddeb54d59dbccd9c13fc5512ca59893800d3b7f96c36f35a5935a9aa8ced72d5ab49e5fcc4e6a54902826aab4c72a1319350091bcc27bffb347bad59317236fde66bdbcdba3217ef776a4fb43edf9d89ac98ee5a3ba75da50003e6fc2adb4fb9b9c6315bd3578d91338a4b94bb0c8360cd3e48c48c9e58208fbd54a1ddbbf787e5a9249feccc64525b3f2e28549a7f118a8a6acd92c9122e406fde1fd2abb4462466db93dfde855d9f337de3c9a7165957e6e0639e6b55b59ea2925156444ac5584a179c73f4a97cc1b49604e7d292450d1b2839523155f6b2f46271531516da46308cb9ae3da48d7eef350b5c0dc07514f8e1fef8c7d2993468b21d83ad44bf77b1d577b0e37059b83902a4dde72a9ce2a18e1f2d724eda8d6030e5a3c027ad66949bb99c94997776d661ce3b37b54d6f6bba3062037e71b54556864dca322b6b4ad8ab9c1cf5dcd552f776469aa8d91a31c86cfcbe307a0abbfda52b30007fdf358ba95d04992339738c9e7a7a5450493f9d98d643c81c0cd384a31d599ca29abb7a9dc59dd06451fc58e56bd33e1d48b05cc0a6e45bc7261f6b8e339e45792e9b6b2cca186011fde35de6831dc26c909c9e31cf43eb5d10aa96a8c3d9cb77b1f59f86f555b9d4beced705ee4a798bbba91c7f8d7a7f82f5675be16770dfbb2a4a487b1f7af97bc13ab359dfadcb334d70c802c8b927d7ad7d1de15d56d2f0594e8a1c5c019933f74f4fe62bd18d44d6a635146d63d6998f918046e23afe15f3afed4be1e8f53b5b299e4115c4304922b63b0c679af798ae5a38483ce06ddb5e6df19ad535ab1b387ca1e61864cb2f502b07793221eee87c1aba69ba2acc43276ed915bda5e8327d8523401e2dc76863c815df6a5e038a28d846d1f98a98dbb7383515ae82b6b702262cd16d04b7a9ee2b76972994e37dce6bc7f7034af857ab45044cd2c16bf2e7a13c0e6be60f09d8c6b123b29566507ad7d2dfb4accfa0fc257b8b58bc97babc8e073e66cfddff00faf1f9d7cdbe15915a1652577821028fa0af98c545bb9f5194c6506756d9651b82a8c7149a7b0171f67694b330c865e7d78aa936616e72401c54ba6ac8a4381ba661f79bb57cdbe44fccfb58a71674ba5aedba58c80158f5c74a8b58959757920665314606df7c8a4d2e537778b1282aaa7e6763515f58ca97cf2348a41e9b7ae3b538ce1cd63a9454a3cc1751ac90057e508aa76ecf1af979e00f959a9eb6ef25c6e270a06da8048b2b942577038e2baaa5effbb309293763534d566196aded2bcdb7ba43b4b40c30db8d60e951fd9f0871f31cf1dab6a191bcc8e2570a09c7cd58c92b6a453e68bd8e86f2e6dadb4fb95b901ade447f9719ed5e4b0dd4167142dc48c0046da7a7ad7ac489672585d4931458238bf8cf04d78f59345f68988404333e31d002f9af4b011844f2f32e65b68681b90246f28e01e95a16accc8bbf93d0d62c518f3fe6dd8feed6bdaca36edce0d7bae5cabde3c68cf94d4b383cb6c337eec8e3eb9a9e3692de62b20f97f9d56b2ba1b7cab83923a3e302afc309dde5c9f81ae669a573b616a9b924df2dbee8f033fdeab9e17fb3cf3f9271e71ebf4f5aa5716f2ac7f7bf7553e9322d9b48eb1a798dc6eef5bd3e571b1c95a0a3b9df477056cc5be0305e87be2b035cba8d54420904fcdb715bf12c71c3b632bbb1f7b3cd61ea5079cc46403d37353a7652dce77cdcb74ce666dbb81038ab76b3c710070323a1c74aa532b4733861ca9ab36ea19d5b048feead7b146ab6d5f632f7a5ab763d67e07fdaa6f89be14701443f6fb72ec92641f9d7191d6bf43ebf3d3e07c300f895e1968edd99ff00b46dc1957ee8c3ad7e85d7a1983bd3563e7f18fdfb30a28a2be58e00a28a2800a28a2800a28a2800a28a2800a28a2800a28a2800a28a2800a28a2800a28a2800a28a2800a28a2800a28a2800a28a2800a28a2800a28a2803f316462dcf1814d65dc011c311cb548ce147de18a8da45924010835e946fca958eeacdca0911c8acd03160303fbc6adac876b4d094264e9b4fad4272d1bc26458924ea5854b6b0c6b1a20248039aa947952bb38630aa31ada546ded804a807f0a3b73535ce1f9cfca3dea068c48c033e3fdcc1a39256ba763ae5cbcb652d445576524818078f5a7ac65b6904a807253d6a654e3f76432fd79a491ca8018ae319aa5cd5159ec73de3b498cdaacdb554827a7a539818782777fbb48b98fe612293fdda4fe1f308c9ef50e165b04a9ab5d08aa1a524e00fa524722c8c46e1c7f0d4ad22328e2a32dbba7dda71835d0ca2928dac2b485572a08c63e6c538c6adb58fccc3e6a93732dbe01e0f5db506ddc1ca81d3f8a872e5d8c6fecf525f9642aea48344f21c000727ad4102b2a8c80a3b2ad491c4b1e4e49247f1538d48c96a8235652da22c92aac614824e2ad32f94b9639f40b50181bcbc2e03e7ef669f26555372e4e01eb59395dd913cf24ec48b08562cde947cd19c1c01fd280c243c8c71d2964cc8378e95b4536ad22dcb5bd868f957098cd3594b6c054e48ce69c54a807be29eac269d23dd924647a0a5cbaf913caef7611dbf98a7e6c714b0c61a30dd40fe13d6ac4adfbbda98cfdd3b6a3823314ca36ee91b80b9a6a528e91095651768a1f130917d18ff000d572c63f919727390cb4accd24adb976127eed4f1c3b5761fc2a927239e5393578e84d6f27ca370048e9ed4f95832ff00740aaeac5a4d9e953caa66c463e41fdeacb95c65a971b496bb8b3468a54a804ff7a99bb775a5587cb270e64e063da942fcb835b5acee8bd2085e76e01f94d35a32db4ae0a11cd33f789c920a1e8a2a58db6c614703144757a82a8ac2f98b181181ce3d28894b714d55666f979353dbaee6c679fe75a4a318ea294a36d4388d4f4518e69b0b7c9bb3804512655980519ecb4c5f354626545207f0364528eaaecc94637dc78d91b6e07152efdc4134d5546518e4539a339ce38a9972fd92b9145dfa0f460ae7d29dbf675e95147f354a7a60554527b8a3535dc566df8c038a62ee57e871520c32f1c1a6c12f9b92463144796fa235516ddc51bb712a334e6f98608c501b6371d0d2c97018edda735bc56ba9bdf4d50d46548c8ee68560dd78a6aaeeeb4e0bbbf0ace51b6b139a55395d9161766ce3e6a89979e6a31260e053d98321f5159da522937d4030ed5197756c01b81a7275e471522b795d29aa72eaca71721238d9986e18c54b2c3bb1b69eac19778a62c8cdd3a524ba5822b9485946403d4d3961ee05399773676d3958ab6056d284ac6eddd598c5f9bb549e4b6096248eca4d2329539033fecd3fccf323c3544af15625735ec88997b0e6a3d9f373f769caa7775a9e4c6d5e94e12d0b7eefc443e5f1c0a69dcabc0c9a9118afb8a6331dd50f7d113a6e8445dcb92314ddbb8934166cf34ef4359ca3aea6929696b116e3d86334fe36f3d69cc8addf0699236c3d38acb416dba1abeb4d661df152a30dbcf5a8248c4920ee0555f996c74464815b9e6993423cbcae58d3e58b70cf4a8feeae075acfe1f4097baae7ca7fb79694f73e1ff0a6a980ab6b726d4f1827cc4cfe3f72be36ba807000c1afbbbf6ded27ed7f0960bd3c8b0bc4937727ae53fad7c28519c0763da9fe08d696aae3ad33e68561918e2bd17c172add331312ef8e3d9b55be6c579ac31991e304ec20e4b0af40f08e166de8f976072ca3b7d6b96ac399e87646f73d1ec274b84f988320fe1ab122c6aa7cb655622b22c213bb70357195e49304e3fdaaf39d17d4eda70948b96f1860371cf18ab5e5aed017802aadbc62488ae72473522c863201ac54657b4b546f1b45e848ca5416cf00544b73b73819734f91831d9c60d324fdcb47c0f4add24ba1327aea5f8ade39155893bc0f5e869e231e6928a011edd6a9c3385b8db9f971f796a69240cc046c41eeaa714dc34d86dbb0c9d5f6bcac063bedec298aa36a95c95feee3ad5e5b8449002a482396a78dbb815185c54c6528e9631e56dfbc40b31c0de0afd6a48e4569c679c74a5b98d260015e7fbca7a5546cc3210bf83574464ad622718dee99a7228919481d694465013c03544dd4a23f9703d5a9f1df79b19594fcd8e36d11718bbb08de4aecb2b1868f39a4788f9618004f7aab0de2c0b82338eb4c3a8f9cb888902b556a8ed163ea5a7c67d6a20a19b2fd2a9ade98f7673215155ecfed3792b9438849ced739c539c12df52ddf635d595940ea3b557ba91a343142a18b7f1376a9238cc1181d4d0abba5124801c74ae573bae5473be6bd91734dd3a49a152ca70382ca475ab1a841731ac4a88d8c11f2f53d2aee87a82f926350b92726b4e66f9471c9f6ab8cf4b1b2beece33ec77d35c0da8d1c98fb9b70715dd787b4a9769999254e07de1806a5d32c63ba86460ca25c631b7915d55bb269f62864621635e7bd5c29ebef13ed2fa32aac1b40f2f000182b5b1a1cb344cc020310f9b735725fdb1e7cf29910052d91b3d2b7f47d4cc4a54e1a3ce3e9569abd916adcb767aef83afb6dc239dbe5e30368e95ee1e089276520959200a1d1525c1520e7a57cd3e17be31de038604a93f2d7b5f806fae22f2e411a142bb07987073907ad690d1dec79f52c9de27d27a76aeb75680ec6473c9de73cd55d6278e4d3e779115c0438dc33f2d43e197fb55880c170a7864f4a92f6c44cc6024e09c8aeb52ba39b4dd9e41e2cd052de11731c402484e0e3a1ae5974d31db804f5eb5ee5af686b27866e219824c76e40c720f6c5794dae9af2a88486048186c715aa7eed8e7954d6c7cd7fb696a06d7c2be17b5605e032bbbc79ebd307fcfad7cebe17ba5cccf922250005c639fad7d0dfb765b8b3bdd06ca340e218dddf6f52991f95780783b4d82e9df2c199bef2a9e82be531b192bb67db6591d135a9d02c025984e7e6418c0ec4f356e390acde571bb38254f4a9eeed8c0a9b48897a2eded505ac290abfccd2b31cee6af9e85a52b9f5d292e5b235b4b95a0ba5c1fdd91875ab77ccab76a01cee507e959da7e64b94438c9f5e2addcb4305f28e4b607cd59fb25ed2ecea854718da42cce548550bcf5dd59924890cc72ab9f5c55d9a62c49dbd38159a63324dbdbe655eb5dbcb4e2f5644e51ec5dd3eeda49fccf2c055e8b9eb5d069292cbbe79028c9c2aff003ae4ecee0ade70ad86e027bd767672aadaedc7fb2294a31a8b96c446775a224d4a36bcb66b3304734463e437218fa579a59ac51df188c7b0ac79f90e07a74af4b8a531ca9b3a8615e7b2db85beb91b42379b2723d379c0af532fa693b33c6c75bed3b8b6b99676ee3afd2b4a354864dd90d83c6d3d2b361db04876b60f75ad1b342ee1b1f2d7ad528c6d73caa4a37d4d15865ba24a95418e37d6e584d2b4416761232ff128c5624772232e1b8007de35a3a7b2b5afda66dca5f29127afbd72c93946d637515195d6c599aebed10342c0c7b7af3d7155acd9d640c3048e82addc411c56458b21940c94638cd51b5569beeae00e2ba3089cb74618aa8b96c8f40f0ce9b2df5b9333471be37fcbc9eb506a56ef09da55832faf7e6a4f0b5d7d9c91b860a8c861d3e9577c451fdae0f3a08d66942e061bdc539a95295efa1e6d3bcdfbc70b7fbda6c79593fdf53d696cfaa8fe2ec2a5ba9049c9c6715146ff002e54039ef5ece15c5b573a27a743d4be0e5d187e25783a31232c6daa5a9646271932ae2bf45ebf393e0aa8bdf899e1422448f66a5692ed619dc04cbd3f3afd1baf5b32b7b25647cde3afcf761451457c99e70514514005145140051451400514514005145140051451400514514005145140051451400514514005145140051451400514514005145140051451401f9831c2205d848623d291ad9669bcddcdc1185e296654895e45624051f2e3bd30279cd0b467685183ef5e953ba5ef1d33abc9a0f99b691c83ebed525ac811b392588c7f9fcaa181775d18dcb2e470c07f9f7a7f11dc3292723a66b6724dfba5c2fd592344be6311cc6c3eeaf1cd476d6f1b4aeca36f407de95a3f355d43751f952c6c618f6ee240fe26a4a6d4ad27630a8a5cda2d0b05040a447c77a82dd4333aca09f4ed53091d57f78178e98a8955bcf0eec5548fbb8ab73945e9aa14a0a2f99207611b3201d6a40acaa3e614e583cc62ce470322abc922c922a12013d6a7daca6f622a4ddb51d3472ac81830da473ed4ab2796a38247b54970f1ae38c638fad3047b589e8949dd3d59cded2315eeea496b279c1fa003834b36dc80a093f76a2598fef4238462a71cf7a4dbe5443710e7fd9a3dd96af7338e21736c4d147fbcc756c6ea7345b8e33834c876603990a9a7b2ac8c08ce7dea67157bbd8e8f6919ecd0f85bcb93241da38a198cd3120714d92e1a69f036840785a919cae36e33ef593a916ad00f6aadc8d0f8115a36624e467e5a81984784192719a3f7b1b61c0f2e4feed48b16243f31e47f1538e8f539b95c9ebb06eda993cd49e62c70ee40bc7e1f85470c724921ced000fbb56123136011c035d3eec96876ba718eb1084b60374cd4cdf783e70c29b3315c6dc8f5e298ca76fdf2a4ff0012d0e296b733a918f4dc79cb481e434a650f9dbf360d324c8886793d3752472159bca64038c865a578c9799ceef1248a40b265475ead53c922e30494fe2f96ab336df923c735248b1a2ae739c7dec66884926545f416360ca319073fc553b2ed6c16fbd55970b8fdea923aaf714b229900c36d1eb5aca9db5e63495ed68b1f3b32a850bb947cdbaa6587819a8fcee4007814e69bcb8c92093fecd6292befa93ecd25763d942ed148b1f9727dec546b1fda62eb8a57dd2372493fdeaa945adc8e5e65ae84857f78198f342ee6ceee9446a76807ad3fcbf987352a9f548cb9395dd205c2a8c548b96018f4f4a6341b970338eb4d918ed0a8481fddaa8d38eec6d2bdec48c814f1c7b53d5b919a6c69c024f4a36b363b62b792e5573a3d9ae5b8f76da7d6923558d38a5dc76e1a9588451deb185f98e78cf9656b8e552e7d0531d0b1cfa527da3cb5ceda37374a99a7cd6dcd1d44dd90acdb547614e5e98e94ddc597e614f8f1dfd2ba7e15a8e568ad062a164c6314f8e30bc939ff00669b1e63503ae38a7ac5e6b039c561ced134e4c76ddcb46d0cbcd22b056c1eb4e74f98f3915a41bbdce872515719b997000e3fbd52c2a7924f142afcbcfe14b136eca1e289eafdd338cdfd91049bbef0c5339ce7a54cea178351797f2e688ae5f886a52b82b333654d4cbb5beb516d31463ad34b16c6de2949c65a0f9acf462b6164c512aeda5661d0f514c5c31eb4d455bb9af3733d4746db727ad33ccf338c62a491555085eb4e6558f0dd5c8c52bb7b6c6ae97dc41f74fb52afcabc914c6fbc73f8522afcc05652f512494ac2b3163522afca334d2aac40a6ac8db8003e5cf359c6d7d4d1b4b71af8cee269ab8ce7bd4b22851eb9a8829c715a4a4bec85d7415fee67d2a35c373532aedcf35198c75047bd656e6343ccff0068cd023f127c16f165aac3e64d0db7da22dab9f9d70e33ff007c57e6d47279b6a0fca095f4afd5ef13e950ea1e1bd52194332cf6e612a9dc3715f951a9690741d5eff4a986d92ca7788f3d7048fe95328f2adcd544a91fccb9ef5d4f847735d00ce5a1fba157d6b9845f324f9738aedbc1bb523954a80cd26474cf4e7fa579d5252dd335a4a6b54775a6abc6c70d9c8c6d6ff3ed57240c8a39a86c63dabb8e41ab463575563d8542945eb267b34bdedc6dbee6ce7a76a9150f0304e3f4a69cb3028d823aad588e4daa46319feed47b55f0a3492f7ad61bb9b76320e3d2a29209d55e555f308e899c5490e2338eac3a16ab916183e5b18fe1c572cea72cae652e5bea652b4edb5cc4e99fe0eb56bcc922fe1604fb56a47244cc38c62ac2aaeedc3838ad1554cbe6be963216e9a38c161c9ab10df248e9861f2e32b9a9ae218a48e45207f852ad8c5e582b188dbbedef5aa8ebef32d4236bc99249309f06203754bb7e519c7239a82453047fbb009228b799a45cc8369a72df47a112e48e912730fca73800f4a81638e36f2fcb058747614f91999402f85a8958b4bbb3f2d68d4796ecc64e115a6e4c2c597e63cad565b3f2d7017009fe11d2ad4978163da4e00a81af9785dc07192b4e94947708c9f61cd6a15490707fbd43308186deb8accbad5d7ed622ddf2e3353adf0799420de71f37b56dcc87cdcaefd4d28e4f317348b8dc7e6aaed1b4718c7434eb38fcc9c6effbe7359c6dbc8ce4f98dcd3f6600e322b6e1b83391188cb11fdd1deb374f8ede3d852dd4cb9f4c926ba95892d2112b044da39da31594a493d016bbb2a69f6f75e6b1482452064ab7a56d5b6873eaac04b3f943a30f5159ebad4719665ce7181c75adeb3d5044a1836d2470ad5d14dc5af789e48dc917c23656ecf88c39eccfcd5ed2eda1824daca3fddaa763ac4974acd295273c6dab31c859b752e7517627e1dceab4d97ccb88c463e762107f175af64f0ad8b4725b2f99f347d777715e2ba1daccb756b7014958dc3fca7a8af74f87327dbb5592da48966136114b8fbbdfafe15dd18a92d0e7a8d3e87b8f836311db83e4b47f2fdfc0e99e9eb5d9d95ba4975133a672303771d6b9cf0ce946db4f81440b010b82a3bd75fa7db99248f610b22a800e7a62b68a8ec703b5ae8a9af786da3b592780863c66261c0af16d5ac4d8de45b632b9ce1547039e057d2aca194a9e8462bc03c4b637779e2555d9202c0896263c02a71fad129722b264462e7ba3e14fdb8b547ff859b61180e1e3b2085b23ee1eff00ae2bc63c23f29696094c67812061c1e7a5741fb4c78a0f89be2d6b77de4c9011324015f9185409fd3f4ae5fc3385c2648c923e5eff005af9bc53728bb33ecf2d938d92d0ebb52b89bcc0f2105187cbb68b76658c92300f349f706c61e740dedcad323668a748ce597191b8f6af9d8cfa753ec9b6d58d9b39fcb99245c1c8d87f1ab97ed13488403e74633f5e2b3ad6e447244914606580fccd6a5ff9535d2aa72400037ad617973fbc77538c250f791524b9dfb5000253fc2ddaab3288a1091301e5f2d8e84d5abad4228edbca8e255ba2c10b37a7ad65ba98efa48430648fe66c7f7ab651bbdb439e4a2b62f59ecdc6524b37185eded5bd6aed7203e3cb50318ac2b6ba5926008fba3f8ab56d65daa003c1ae9953505738973396c6b42be5cc8e7ee2f27deb86bcb64b3d5af946e2ab2975047af3fd6bb9b5c7947773819db5c278826107880931ed122237ca735b60eb494edd0e4c725c9748a924fe55d2647ca78adcb370c780463db8ae7ee275fb7afeec2a6d1cfbd6a098c30e231f37f3afa3752ead63c285dfa9a71442fa42b8ca0e5be95ae1d7cbc9015615f9467bd64479882471677b282eebd055d593cfcae30178ddeb5c726d33d0a6a315ef6e58b88e48d9e59bad4168c1a61b4f3d46ea9ae2e19a2c13db6fca29b63108c09707d2bb693563cfc526f489d6e932492a193cb39efb6ba292d84164482a768e770f94d731a3dc081414033201db915b371308e09198f014d632bcdd91c34694b76ce3af553cc95626fdde78c532de2924511a6d3fef1a6dc4220894e4280029a4b5b80bd1371271d6bd4c3c7952e635a9cc8f55f831a7b37c4ef06c68811a0bfb679367f77ed118ff003f8d7e8f57e6efc29b748fc79e13287f7171a85b4336e3d8cd1e475f6afd22af631ebf728f99c64af20a28a2be54f3c28a28a0028a28a0028a28a0028a28a0028a28a0028a28a0028a28a0028a28a0028a28a0028a28a0028a28a0028a28a0028a28a0028a28a0028a28a00fcc2876c60850467076d36e18c31c2e808e486551d3d29f0c06255f30a938e369cd4526dfb48193bb86af5e55137736ab185ae87a2f98bbb2703de993298d96419c0e0f153471153bdc9ebc2fad344a221b18863ff4cf9ac9b77ba4674e692d74627ccd2092352d1e3ef608a49145b877e44606ea4dc63900ce6363e9d2a7936cd85604822a9af69f12094927aea4922baaed272b8c64763511431aac87240f534f0a5a5e598af6e7a531e7e4a82188feef6a1fbaad130e76ddd16fee6029ebe9514912798aed8dc78dd4cb7937462425b9e29ed19ddcfd4565ef7c29133adcfeeb246dcd8554dc7fbd51496eb20cc8371ff6b9a7c7215538c10b512afccc7271fddcd6d0e6a6aec2a429ca1a0d8225f31b1904d4b1dbe49cf6e869ebe5c6090a4311fc5490c8724e4e6973733bd8e4a708adb523da15b04e3fdaab1bfa7f11c62a20ad317c65bfdea55c46003d6b58a523aa9c2f164b1aab2f656cfde5a6b5b952492492319a4dbf38dbd3bd4caccc47390071b68947b6e63aa7798d933b5588e1452f98586400558114bdc9349b8f96eca38519a949fa1d174e3b8b1e638f6607d6a45f99718e6aaacaccd93c0ab51cccb1e40cf35d0dd911192f992473f96a413cd3861be7cd472430b00cfb95dba734797e5c7c39fc6b2e65b32f99db52669372e31b29916ddc4b1cb629b22b7c8ea7cc1de985bcb6126491dc62a545333babebb12b6cfbc01241a7ee6e189c62991ceb246dc08c63d73cd3577aae4e4d6918bb58892727ee31c231e679c14e58f3baa72ca4649c546cc76e070698312440938aae5e544f2ca2efd49eed97cb8c8cef1d36d207daa3072698cbb76e4d01771cd47275b9a7b493579685989be5c11c53fe45504126a012161b147d69d149b632421634d45b564c7cbcdadc916e39fbb8a76d2cdbf351349b982ede83f8a9eac15476ff0066af56ac8c253e6764c7b2cdda4da3bf0293705ec7148ccd34785247e152ac63caf5e3359464ba93a41dee3a3f99727f0a7142c320e0546ca7cbc838c54bb8a3633b876a52926f535baa8ac4665dac052aafcc58f5ed4d91b6b722a545dddf8a2551a5a2337435d18bb15bdc1a5e1b81ce2855083a92288d771e2ae117f1366f18a8adc40bb49249c6288d1b2491c1a99bf76a4900d36370ca33804ff0d5dfbbb89a52f886f93e5f439ff669de61d9c52b308fbf4a6c38923ce4727a56364993f0ab4509e5065273f353e18d9b39348b1b451b163b8f61512c8dc8e455c126ae90455f5b17235db19eed4d5566e7b8a62c8ccbd69cac5939e2ae324ddada9b46d70552df316e94fdcdb7eed376eefbbfc34f8f2c0e41abe5d6f7347bd908b9917046076a7c51f96bcd36297692b8e40a1650d9073bab8dabc85ca8468c3371516d58dba63d6a587ef366a399b73715bb7ca877d6e873b162001c1a24caaaf1f29a7709183de85cb2b17e95cfcd26f7347393ea4522e71d2a37638f9464fb51ceec0ce29f1c6777155746b1d8854e08cf069dc6ec0fcaa568fb8e48fe1a66ce8c460d0e3a8dc7b8c661bb6839a66edad5232734c54dcd596917a8e2a2b5b849868cafaf5a685dab8a7b7dee07151c8be6702b4ba68daeb6435a4fba982c188535f9a5fb41696da4fc6cf154531044f324d1ed5c0c14afd2e2bb23001c30fe215f147edd1e1f6b6f18e89ac4484dbdcabc2efb00c3819ebfe7a5632b4b6411d353e6ab5dab30c9da0f1babbdf0ce8ed16a11cd301e58046d5f5ff22b83b78e369a356fba7afbd7b3786e2336996b3fd8c8591012fe95e74ef1764ceea49b77b17d730c6719627f4a953e65008e3d29aea5be51d6ac5bc07943c1edef5ccf95e87ab1514af723f2cff08cd0eb26308a5d875c76ab4b6fb7193822adac41572581f7aca5152d89945dcc983cc86425f8ff0066a5decadbf1c55b96e2d1970082e067a52dbb4325b970d9f4a88a95fe129d451566ae67f98cb2798720678a9e3bc6e0ab67fdea927b312db6578dc38da71544d9b5b0ca306c0fe2eb5d708ab19b93dd1ade623498493e6ff66acbb1db8cd624770d0cf831e46321b35a10df89a3ddb30475ab5151dc8e74dddb2533793d4e56a386e639e468c67ae3763bd43b84f1c9229396f6a92d6d0c4036417eb4f9612f5349ca0d685cf2559707271d2a08e07666590103b734b2492439e40cf4ddd3351ed995be67dd91f7a9aa6ed63149dae4e34a8248c82ce09e9835036931a48047b89ea4b1eb56e05d91f73c54aafe59ddc918e95b24a2af6126e5b99ff638e290e428ddc1e2acb7971800051c63e514db85f330f8c7ad36e23f3b1b1b69358f349bd85b326560abc1e3151ac9e74c91aa1627fbbeb54ee233a7dbcb3c927988a33d6a3d175413dd646d578c64a939c8a6e12dd19b9c2faad4effc33a54df6f56fbb0c4b9f987538a9fc61e223a7efb20a7236bb4887a67b7eb5b36172b069f0b0dbca83f28e2b8af15adb35e49396cbcbd79fe62b371a97b584dd9e85bb393ed31c6d231c63256b47edc2ea71f36360e369ae0a3f1659d9cca269f0b8c8d809aa979e2cb69a7fdc316908c6e2a702ba153925a994aabbdafa9ebb1f88ec2c82f993c70b1eaadc76ad5d13c5fa66a76dbe0983953865615f3c49a84d39dd3957c0e1b14f1aac9671b182568a661f7d0e3e95d70a7cab433a93925abb9f66f82f52b7d4034893465546027739f6afa3fe13c16d05c412dc451b01e5e37718cf20fe42bf35fc33f1c26d156049add7ed304607db04609f7e3e95f507c2ff00da52d239826ab0b5ee9e543bdcdb420797f875ed5d54e2ef6b1cf2a8dad0fd155b249ad63916258cf2081e9c55cb4d3638a68a51b83053c74ac7f86fe34d23c7de15b4d4f47bc8af2d8a042633cab0ea187635d4e3da9ce2e2cc154d2cc5af1df880bf60f145f5c34eb6d01009dc9f79bcb1d0e3fdafd2bd8abc73e3e6aa743f0eeb37c8b119a35b748da45ce0b3815c952373a28df9b43f1f7c7924fa9f89b55bc9d245b8bdbe9273bc1c60bbff002a7786e78a29242725a31f2aa74f7afd31fd9cfe1cf843e2768faf8f12f8734fd4e51246524963cb6d604900f6edf9d7cb1fb58fecf169f013c7713e9b2a9f0feaaa66b6461f3478ea87b6411d4750c38af0b15cd491f5981a8a52507a33ca239995430e548e57d697cb8e7bc19242f1b5b3de983e5847185038c52daee599028dde630017debe66b4a3d773ec6976278259e0dccc14347c8da2b6e484aca0b05385e368ef540dd1b66f29806c75f715adaa3158e39030db8e78e959c76d0ea7394568caf75a7dbb431e6e156f890e17b63d0fe55897596b87701531f2b6def8ab134265b5cc8cc65ea1bf3aa52483cb924619603eef735bd35393d19c6ea7bc595985b488c0a905412d9f5eb5d0d9c9e6ab1182633f76b8db79a596e00c7ca39fa5765a34d24f6e15c6e75ead8c575ca5251b4c7094652b27734e3843a92ac7715c6dae2fc4d06dd782a050cb128ebd78aed955e08ccc8be62e3955ed5c3ebd0496bac23070cd22090c7939e49ad7055212959b3831a9ca3a14d9a39640af8ddd96b46c616fdf485fe651855ac2b3bc91aeb3347e5cacdb42e3df15d3d8a9561bf9dabfad7d0caa462ac8f1f0f0e5d5b2dafee63da4a348dd596afdb84db81c1358f63fbc919db963fc55a76ff2b0639c0ac1a8efb9d128b9b09b2ac79e6a4b29b7b0563c03e94b74c668778da89c60f7accd1eebf7aca324ff00b4735d345e97396b271d99dbe9b85994942d1fb76adb92066cae32a47f177ac4d1642c559d976af3b16bad9a411daf987f8573f28a895472763821292976383d5955ee9a2048db8f97b66ab4126d986572075ab52c12c6ad2c806ecff5a861878c835e8d1b69765d4bc95d3bb3d2be103aafc46f0900418a6d5ecc159147fcf64cf5f6f4afd26afcc5f877722dbc63e1e4fde3cd2ea16c90ed6c60f9a98ed5fa755ee63e36c3a3e5f1927cfaa0a28a2be50e00a28a2800a28a2800a28a2800a28a2800a28a2800a28a2800a28a2800a28a2800a28a2800a28a2800a28a2800a28a2800a28a2800a28a2800a28a2803f2f21905bc6a0820138fa548612d99700f1fc3c9c546d1ac8c1a47c81fc39c54b0ce1599154f038e7ad7a746093d599c20b96ed891a42b180aee42ff0079fa5363c48e4280a31eb522c6923022210be3e603a5235bafde386fc2b6a938ded1dcdd6cbf515a22bc738a6994e307838c66953cef31c9398cf45f4a5e3a3743fc4dda9293ea8aadcb28eaac1fea64883b762e0e6a75f9a51e5e1b1fdea86462d18daa1949c6ec74a5e14773f4ac9bb339a9d151d8b454348a801e0ff0d412ced9c6d3f9d1b4796000452f97bb07a2ff002ad23cabdeea6ee0924c779ab0ae48ed4d824f39b2aa78ebef4922fca76e72285b86f34151961fdea23cb537665529a96aa56246b72d9e71490c263ce483feed4a24fdde780d8fbb44291a912703d69cad1d1114d469b0f9bcb214e29fe589234dc3eeff0011a492589a4023393df8e29571230df2bc6be8a01a88de2ee87ee5c8de112c7b49207fb27152436c9160120a0fe16a8fccdcc000734e2db66c311d38a12727739ea4d5ed01553e63b71b4fa549e5848d806cab0c1a896411fc8b9c9e4629433ee51b89047a56928cafeeb1ba4f47d470d8a540cf4fe2a9a25dcd8c9aafb76b66a58e36991a9c2127f11518cb664cd86947f785395782c39cff000d4636db81c64f7a9133b88db8acbde72d8d3d9a5a4b71f1b158f0473fecd246a3386c734ad2f96bf76989992266642147f1568a71f859cfc9677bdd129b3566001e2a75511c781d6abab95181d2915e4c9048d9dab54bb9a73a8ab4624aacaaa491cf6a59157c95e9c7f0d43b5b775f94d3995571c061fdda2566b4473a4ef70f2446b9c726858f6af39a24b8f398607d6a6662b181d8d651d3e242e6762159842dcf534e823f98907ef52794ad283265768fbbebd292694aed015b27fb82b7705256254656ba2c9844637924907f86855dc3382b51c6c158031e7352c8a64c36702b38c6da5cd23077b35a92c78dbc0a709423608e31446c334c9e30c7dffbd4e518dca95363b76ee8302946d5e33490af3cfa527961f760e315b46318ad194bdd5a8add40c6695620b216271c629db7e41dcd22656425c82bd85652abd098da6eed922fcabea293cc2ac338db4edfbb81c531f0831d69a8d95ee16b3d09d977c7c1c822a38d3611c72299965036f39a79729164827f0ace2acecca945751593775a62a943c0cd3d18b734efbb835ac95d591ac23ccb50da593ad35620cc2959875a42de52eecd424de8c9b2bd87b4673e829eaabb7be3fbd50c6fe6e3273526e68d407c95feed28c1df6070e5d495644ddb141a95182f06a168c42de60ce31f7690c9e729229ca32348d3e65ab1eebb981e3af346d5dc5b193512b7ca294c9b78dbc528d3d6e6ae0a3a032b377a4da7d297cc5600202290fef063a53947c88e457bb0dde5a60ff1549bbe519aaad1866c6ec53954af19cd60d75349452439b31b6474349b9954e0e334348cc06ec7148dd0628e6eccc545b76436393cb3c9a5690b37b522c61bae690c655467ad2773754d8be6869023038c7dea1d9546d07269bc03cf5a56fbd9238a8dcd62e2ddac471b1424107da95d87de039a7ae189cf14d9176a1c0cd268d1257b181e26f135a78574c7d475032790bf2ac718cbb9c7419af9dfe3f7c4bf0afc4af86b7da688ae2db5381c5c5b8b98c7981c679e38e99fceb4ff00687d5ae5fc5b6da7966fb3c36226897381be43cff215e19ac69b26a705c289c2cb2291b9c64735c7294a2f9533d08e162e174788fd9a4b88d63724bb631b7bd7bff872310687650ed0aab10f96bc2f55d3e5b1d41ed66752ca465ba62bdd2ce12ba458e0e54dba119f4c5635528dafb8e8c5d397285c2f5319cd2ae55546e2ac4e0629246488024e2b93f1a78c60d36d556de43f6cc6e1b7a2d63ecf991e8ce7251b1d46a5e23b2d3a30b3cd8980e51b00f1fceb12ebc6827b5cc07c95c1f99ce338af26bdd62e352ba95de6697775634ba7c6db9588008e95d30a72e5d7638dca6f63b68fc412dd4ccc5555bb3a9e6ad47aa4ab0a852cb203c367915cec2af080fb48ff007aa5fb7364ef18c7e14fd9a6ec67ef4ba9dddaf8c9982c6d1c6c563e7a839c56a47ae4379308e3dc381f7c75af23935831cd201c60e3834b078a258e638e589c856e94bd9bd90f9a507767b42c2248f3baa259248be50457995afc46d4eced4acf2c6d106cfcbd7e95a67c7f6f1cf12ee578a45c97ddf74f6aca51b68cd2338bd4f4381955467f8aaf35dc51e06e00f6ae0078b8493aa90a13007c8dc934eb5f1745e64ab34b1c7e5f4f9ba56d4a2ac6729a8bf74ef0b0bb5d8d9c75f969b33089426ee3fdaac0b5f11c51057578a58d8677824d588f5282fb12c7709286270aa6ba1269686bceed736a399f000ab4595631cf27ad6219c2c239606a37d4d5405dca303f2acdc535ef1574cd969a38d82b3e09e9514b37180a063a3573f75ac6d5663b32bd326b317c69b8b46cabd70a73803fad66e9b69386a73b7caf999bdaf42753d2a7b666da24180de873585e1bb53a0cd2ec97cc94f5dab8007b552d43c7f0f9326215d8011bd09cb1c761586de32125a8912063718c1566c63deb554e52b73221fbfefa67aec7e369b4d58615669508249719c571be20f1225f5dbb195a36d9c2f43835e7b79e2db9be8b059d588c152d91547fb4dbcb38505c0db57ca93b1cce7393bdce927d4e66010ccdb318ec29b1eb8206f2cb36e3d368ae63fd32e9940567326308a335ad6ba1cf3460eedaf8e77466af6776257bdda3a18f59f39638b8200ceecf3532ceec768079e9dea0b1f0ac96d029df1cae4ff092981fcabb7f08f86c34b179f146e4a1c27b553958bb6bd8c7d2749576799e560140f97a0e6bd0fc13746d46d82267449137b76619ce2baaf0d7c3bb2bcb886daded0066046e7c94c9aed0fc23d434d8e192545303372a7e4007b57442abbea2f667a8fecc1f11aefc23e258ef2d65df6651d24b51263e5ce7e71f875afd17d1f54835bd2ed6fed8ee82e231221f635f9bff000bfc3369e1fd722df6e489ca24f32f3e5a64671f857e81fc3ffb05be836f6fa649e669eabfb8f9b380300fea6bba56a91d8e1947965768ea6bc03f6a4b59f508749d3ad4e5eee45778fd76138e3fe05fa57bfd7cebfb607c40b3f86ba568fa91459758b849e0b1471f2ef1b3927fe07d3bd7cf5793a67b795d1789aca291c2f827c6d61f09fc416da2692a9a8788ee23dd730237cbf2e090c7b707d3debc0ff6d8f8b9ff000b43e27c1a54424b5b1d12d841247e6021a76cb37fe84abefb3a0e956bf66fb96d57e23de6abad4ad753416525c34f21e0c991ce4fb7f3af996f75f6f1778e7c47af14f29350bd96711a9c8c17e39fa63b57955aafb68be647dbcf074f0d2d16a6edbb45e5f9d292c80e3e6a7d9b333098f12c8731ab0fba2aa47fbedac47eed4f2bea6a59a7dd30443999874f4af9c9461293b1dd439f9799ec6b4174b6ac7fe5b7ab647e3577529a48638032feee41b87e9fe3594b1b430b47b3040e17d6b675e6335ada3452fee7a6cf7c542f892b9dbcedc7ba33ee253e482a00c9db5957487696f2bcc04e0afad694abbadf23391fc355b73a9209cffb35e8ba74d5ae798e7252f86e8cd8e1f32f62019e053d48ef5d558aced309a338318e37743588a047270704d6f59cc23b655f3779c7040ad2a5a51b5f4358d49737ba75966c7e798853048000bee319ae4bc73e5ff6b5bdc18d50c901c951e86b7ec2e8adaac52370b93bbeb5c8f8eae2592f6c622dfeac3b8f97aa1f7fc2bcfc1d351ada6c658e7274fde660c32f9b36f7e08e95bda7df2c787894c9c73dbfa5735239698673d6b774b98daedc0023eeb5f4f5ece1a23c4c3cac8d395b685962c2237545ec6acc3f789eb91f76a9337ef55befc0c01fa55c85523dae5b08dd1bb570526dfbb3674462a5b31f3df37960347b31fdd6cd43610411c81c2e1d8f1c9eb51ea1ba26dc02e08cee6352e8ede65c41307398db7e077c57a5083a6aea470e21b4ed73afd0aecd9c852407fdec74ad8bcba3710e04984fcb359f146ba81120ca0ee2a79d9634c0e6ad49bdd1116b96d6336f984abbf18e2b3848618cc8dc2f157f56947921015c93f74d6588d645da72ded5e950f75ab8f9656f74ef7e1daf9be34f0d264aca352b6c49b7841e6265ff000ebf857e9e57e5878454af88f496092305b8890ac78fb86451cfe63f5afd4faf731eef411f338f8c94f50a28a2be54f2828a28a0028a28a0028a28a0028a28a0028a28a0028a28a0028a28a0028a28a0028a28a0028a28a0028a28a0028a28a0028a28a0028a28a0028a28a00fcba86668d8860b838cae39ab724423ce70a47f7aa358e1b984c6cd890618e38c537c969641bc291d371f4c57a53714b47a9d2e5fba51d131f1b05dee3e60415db479994c8e08a6c8a6193ca40a003cf1565952383705048fe1cd10945af78e58c67156b9042c3046496a9049b95a371b7d39151c76e8aacecc47191b4e314452c1216fddc9e67f7fcb207e74a565ac596e3566b71f1ced88c464951d78a77962456e3ad4702f9518c1c8fa62a6560d1904367fd9aa56368d34a3690d8e15b7518c7fbb5246dd779e2a1505d57e7db8f6a41f2f5393f5ad7f771578bd4c2716b5489e151bbef67b74e94d687cb63c827fbcb4b147e629c52184b2f3906b3e6bbb9849ca4ad24352032f1e61152f97b5b01b2714c8e2da4aa0c10b92dec28490eecfde354d26ee473534ad6d47b46de606ca838c74a719936eeea7a53576b36d7079190d4fdab22903a76cd6f1b495ac6919296b11b1b0661d2a43fbc3ce0e29863104699e49fd29a24556ceeeb4a517b994aa422f444c14b64a7502a38e42c1867069e8bb63ea31ef4ad1a2b111f50327157170b7987b48cd598c753b8739152c7232a8298c5236163527b9c53c2b2ae1b3851fc344b99adca8db74ec0cbe6afde2847f76962dec396c11fc5491c81581e429eed4eb861cedc9dc98f94d4455f7255a4dbb922e555f2779a96ddcaa6d27084d416f9db8229b1b3329dc7001a72a714ae91c8e56972b2f47109b241040a864dca70a288dbeced904fbad3f76ec103ad11826aeceadd5ac1246cdfeadc0039dcd4c58ceee7249a7b4be49ddf3118c9dbda98ccd265b242e2a1be656d8ce6baad18b141e5af5c934ed859b249e298ac59464d5856f2e307209a51e6bd93269cd49d9a162dcdc718a98e3a9c0a8a3937383d0531a4334b85e82ba6cad63ae5782b809079bc938cf1522b3b5c638f2f1cd2afcab82012bd2a31e62b1e00ddfc54ed1b6c7345ca4f72c1f94e41a6bb1a24fdca46c70724e78e94aacb3283818a4f6d0725ad9b244565937678c6319a76371200eb4c6cf3e94472955e7815115dc874e1724595634dadc1a88a963c1c8a798fcde7b1a7a46235031db1594a369686ae11b0d861dce18bb607f0af7a255f9b8a938c01470e06055732ec0dd3f98b0a01dea4df1b2ecdd9cff0076a1da621d7af7a66e3bc601ad60f4bc90e351dad61e1b6b63b5481be5f6351065a7850ac083f2f7ad2cbec9ad9dae85dbc63d69bb76fca6a66d8c9906a01f3126b3b49b0a74ddf9b6268542b0e952cca3af350c2a5aa42c59718cd297bab72a53bfc4c7328921c138a8238cae5b185a91632c71c93fdd5a7b318fdc563194ba3328c75d191aaab1e4914346f93865db8fc6957f78c40fbb4aaa21638efd6a7da35a23ae32717a8c5f97a53fcc1c034e6c2f45e2a1da3232715d0a4f96f625c9f35c7c8c9f78f0c29e9b5a3f7a8e78418bd0d24204640e6b1e772d1a2f997da4122951d7ad270ab8a73b091be950c99dc3b0ac65257d7437e68b5742ee3d3a5032dde8edc53598a8e0568e6e4ac82ce5a09231c80a067d69c32a3934d0bb4fae695ba1c1a84d4746425ecf711b0cd8cd27f0ed0699b4fe34fdbf2fa512e5dd6838f2c9dd1e51f1fbe1cc9e2ff06cda858a7fc4e34e1be3f2f82f18c9238af93f4ad44de4622b87549f03e43c1afd068618ee6430c8d88e41b0d7c03f14fc3a3c1fe37d7ac44a422de130ef1c08c8057f2047e55cb59464ae8f7f09539972b384f1a69293ea86e5d7ca62003dd08efcd7aac31acb636f283c344985c76c0ae3b5ab76bad1fcc19590a647e55db2a47159c0bc6ff2532d9f6af3aa272ea65520a73b2327568bcbb19e4c80150fccc3a76af27d7b4d6be9a62acbdb6b28fbd8af58d564f32cde11fc5fc55c5dc69ead2b6d3dbd31835a5395d5b98aa89c558f3c4d32752405008eaac6b7b45d35d665f36260ddb70e0574f6fa2c2a312a8dc46376338ad1105bdb458dc8401d5801c7d2ad4a5733e576bb667c3a39dbe6328da7a7355f55b16b585a5d8091fad693788ecf6ed76c91d15475fc7a573da8788bcd9ce7681d914e70315a26d3bb6272a6d58c7bdd3a697ceb8311271bd88ac59ecd97e7c70067a56b5e7885a2f3544db633d4af159b37881666930410380d8aed84b5d7630938dad73359bef024d4514c54ec2383d38ad18ee52e9884c903aee14925bc33be467818dbd2b39c5330d85b7d564b750e1db2063777a866d49ae24f3124321e3eff00a54874c0d0704b7a366a33a7af1f29cafb75a88fbaac8ae6d0bb6fac5dc6d1a453c91c63f815b02bb8f09ead246a19b61da71bab848221e583800e715dbf846cda580931ab6ee42eda2f2b685c6337aa67a0c7289a30c390466b27528161fdea139ce3ad69d8abccaa046463e52ab46b16be65aa2c31286049dbb7fad6526efa9bae687c679e78835291566490858c004edfe2ae46faf25b8dbf7954e0eef5af4bd57410b00dca5e5e31b7b66b86d76cde0bc681d76796000b571a967cacc6a546d72a4634979230450381d69d1dc49c1079ab11e9e8ca301b26a58ec4dba8670471dc56f77b1cf18bb6a66aee966083682bcf35ad6b0ac1bccaeadc7e95241a7cd34e5630c3e5c6e5524d1ac6973696205987fae8f786a7cad3b326314de8cbb67aac0b27ee1c46f18fbaf81c56c47e2c8b6c00fccc57256320e3f5ae32df49fed066413c70b01c79d9c1fc8541756e74fb831199650bc068f8156e3cab70bb8bdcf4db7f135b4af12a92ae573f311d6ba5f0ef8cedac7ca66dcefb8a6d58fa0fad78adac17174635b68649987dd11804e6ba8d3f56bad0e7db796c5180ce261b33fe358aa7193e6b9aa944fadbe1afc44b58756d31df505fb3718648b0320e0efafad2d74c83c45a3f996b2c572b226564ed5f09fc22f10f81bc556a34fd52c8697a82c6121b9497624ac71e87afd477af61f853f182fbe1cf8deebc2fa897b8d20178e291b9db9c74fceaed62d46327a33db6eb4f92daf042ec10aec0428e95f4d7ecf124d26872c724b1bf912379615f2c236e467fe059fcabe65d635582e6f7ed1693b30651d3ad7b5fecf64c774f70b34af22c4a704f0c39ce4574d19bd998558fba7d235f26ff00c140f41b9bbf0cf84b588e1f32dac2ea686538070d288f6f1ff0063ff01afac7ad78dfed4b6b0eb5f087c4f65322b342b69343bd72439b80a48fc0e3f135e1e3aefa9ec64751d3ad73e30f85f27fc23bf0efe23eb41cda18f4ff002617db9224d848c7e3815f2c78722dd1ae1012573c0c639e95f45fc65d724f86bf02ed7c3a1a33a8eb337992a2bf2506c24f6c9cec1f435f34f85e59fed594fbbe56cebc678af179bddf799f655b1109d6d4ebb6bb42cac36a918017f9d16f6eb6b22b160ac7a1f43497523466194fdce8cb9e9566358ee1b240615e53e5e8774ab6c96c58b85915b1d64dbbb7568ebcaeb6764636023958ee55ea38155770619f4a6dec7fe80b7524a389046a8bd7deb18421cd765d9c95e210c856dd89c1da3f8ab2cdd2c921233815a2aa93db8009f7159370f14979f678801804c8ca318e38aefbc1e89b39a527196bb82df493827601ce0366ba1d0e40cdb198640c856ae7acf6a863d40ae934455860329dbbc8c9fa0ed5339722dae8d60fdfbc8d6dc636c7de19ae63c5d24f2de5a050b88d48e95d02b348038c93f7b6d73fe269449e4120ab213f2fa83ffeaabc3be697ba71e3dbb5d331ef6036f24419d77119f97daae584ecd220c160460b562de4aad7514acbd14a8e3fcfad6d69adfb859072adc8af7fdd71f7cf1e9272576695adc79137952a335bc80a6fdbd0fd6b62dff751f92554c27eeb7706b1e293cf5084e39adab09635db6b2a9181f2c95e7cfd9a7ee9bc67caecf533efa33bb18c81d2a3d1ef8dbcc223b8eee032f6ab974db613942c3fba6b3f4797ecf2163b4c607ddf7af528d48f2f2b39abeaf43bd59648d730e4363f2ab4d115b62a32c4f39f4aa16778b0c7978b129382b9ad25bc5520f214f5e28b2e6f74e1509377b993aab3796b9f9f1d38aa9065860f5abfaded8ed5a40461581fc2b1d676452463d9bd2bb694a4b667647dc576755a047336ab67b7cbe268c967edfbc18fd71f957eabd7e51f87ee7c9bcb2b9731c91abc7b9179ca87427e9d2bf572bddc536f0c9b3e77306db0a28a2be64f1028a28a0028a28a0028a28a0028a28a0028a28a0028a28a0028a28a0028a28a0028a28a0028a28a0028a28a0028a28a0028a28a0028a28a0028a28a00fcbf9a268be6e19f193b8d39646c069700ff0076abcd26e6c26778381f2ff5a49ee245c0daacc31f3575421cbeeb6528453b965a4f39fcc031dbeb4a19d50f193db774a88486660bb4c58ebb79a9e38dde1c7dee7ef56af963a32e33e5da236e23322a9620607dd5e94456d2c91f55033f773da9af2063b49c1a9573f29e3e5f9a9b824ae993536bd875ac3e7623270fcfdda237dbb9f8c01c376342b2491ee00ab67d477aad711bc2d0e15b691cf1c0a234d54d548cfdaca6b94b53483820714922af1f26dfc6a349432f5e82964cca074ff8156fc924b42973c77258e7dd0848d594ff007b34b15cb291bc02291996380348c1481caad26e0b8714fd9db5b183d5eac55555ba2c011c60f6ea28ba63b9562181b796a8ae18ed63cffc06a48a4f3238b924e0034a36a8ed22e2a1d459245f2d57bedc714f863320cae5b14c9576b02bd69f0410ac6a6461bbfbbdeb651947e1d10dd93bc4b08bbd79e6a39a0456272707fbdda85b8fdd103806869b72a44795007e38ac9ce4df29c95a74e4b952d4458c98c004e0d4a64f22424a870c361e33c53958300aa00a268cc78e466938b5a1953e58ea850c1631d8537cf7322fa77a8d8f98ff00374a50dc8038ad2312e351c9d890c4db4aab0009cfcd4a231db040a5ff00569f36791c53add57cb01bff001eab938a3a22a117a8f85848a40c83d2a458d141531007ef6ec75a91762aaedc11d7e5a61c48d8350aac24ac91178c9e886964dd96c91fecd38cb1f925d41c01c5453481401c669f1b799094c0231e95564d590d73481576c072776e1fc54e854f978edd2a119dbc8c7fb34f69047e5e073de9452b9949cedef46e48b1ed6c939a565f949ea07f0d246c5871dea411ed1f374ab528c5d90423d5a1632b263b7fb34db8021d857824f3b69f1ec639c63fdda4ff0058d92071549eba9a377dd8331640c29626db80c739a0219a4037103e94f9210bc0ed44a517a3642a9193e54c94289b2322a268f80be9d29d1c7b4824548ea3e86b2e457d18e54f9b763115d4608ef527ddf948a4126e6c73914e393da9be78bb2d4ca508bf858f97e6da41e9da80fc7bd342fcdc93f4a529b5ab47156d51d10b25e6344a59ba003eb52f1b491c629adf2aedc0e68dc15306b04a4f641ef5fc837faf35344c1b923045428c36e187cd4a738f6ad75b6a5bbb1f2226eea6812055c01518f97de9d2481a3c2e770e6a63251ea3bc6c48b1958f3c522a2af038a8e362d9e083f4a7aa961915a2927d4d21276b12472796d52c6ccc4f0054516dc60f5a245765c6702b3ddd99336a5d09598c3971d6a15679549d8467f888a15cee01b803a6ea9bccec2af9544231ead1146ad1f414e65dcbce7750ccbdbef53b954c9e4d73fb5f7b4378c64910c8c59703834f326dc7ad2ee1fdd148fb599726a9b6ddd91cdcac2453c7a508c3a50d305c2839a8cb066e29c62a45b8f36b711bef714d2c587b52b6e4c91826ab9b83bf18a752092b2309269932e36e3bd248db1464f3407de01008a794f9738c9ae7e4695ce8a726d6a311b8e453430df8f5a9075e94c6c673d0d1c9cc6d28a9219bdb7640e01a52db5867bd0dbb390463bd0caac01ee2b2969a584a316b723f3b0772b60d7cc3fb5b786a3ff848f46d5764882f20314afb3e4678c8c1fae1bf4afa6ca8c31ffc756b81f8d1e153e23f87f766201aeecdd6ea00edc0c7df1f88cd66e9b6accd30fcd0a8b53e46d4585bc71c72aaf207dee95aaad2471c436e411fc3d876ac6d7945f40b990ed23818e95d046ccb0c419429d833b7e82b8aa46515b591efb4e2d332665dd2618f1591716e3cc201ce4e77375ae86ea3695b705e0f4e2b1cc0558b4a72c33c573c65193b326a6ddccdba9c4119c8cd7337975e6b3b93b1474563d056f6acaed2058c91b81f957bd71dadc3713b792880c6460f6e6bb94a16b1cb28b6ac919ba8788a0595a18cc8c40fbf8e2aa6a5a5eaeba7bde35ac91c07037375e71dbf1ad0d33478adef61ba9577491e0aee391c5778daa45ad594b6f7487691f794e074a6a116f7396a539c753c816397cbccb96ee55aa5568ee632440b160f15bfa9f846ee0245b6278bf8477c5334ff000adedda84963fb12e402f37ebc57746ca363276f99a9f0d7c189ae492c972852d8294dca7927fce2b635df04da69ac0c2d243b483b5fe707d79aeb345b8d17c33a2a59db4a647823e89cbc87ea38ae47c47e20b9d5240a9018e1039666c927f0ad2d05126319c9ea8c3b9b158207106588c9dad505adb193ef253ee2de7b97cac9818fe2357a3d3ee2c6745605d36f2eb8c7f3ae371baf23570e5d88ed7741b8671b8d773e19866304590dd01f97d2b948ed92ea6c60903afbd76be196686451e4ed876e0fb1ed5c8ed2764ceca173acb3b511e24039c7a533c9f32e3071b5bf86af5ab7fa38c2f5fef54ab66b70c379207b1aa84527dcec9534d5e5a92c3e1c8efa0f265263c0c078c76af08f185bb59f8ab50b599b7ed7e1b18f93b57d5ba1e98f329951c052bc2b57cf3f1774996c7c5d76d2860670241f2800003ffad552708bbc8e0a90f2d0e012e1238f3b7071939a2d75248ef94caad3211ca2f3d6b46c1a0e72179c7ccc0735a9358d949299fc9432ed00c9e98aec8ae65747334b624b2f10dac3a86e36d241bb8dc801fcea5f14326af6692c1c4b12eef9c63239e2a9b411491871b727f896a76b3568c00e4e7de9736ba11ecd2f80e2645926b942b379042f07154648e48e48e324cb21fee8e49af42934c866f2a29228d82ae3a73f9d476ba54163a8acd0a1ddfc39e71f4aca49deed93ece57377e19f8426d3c0bebf06de69c615507cea3debd3d66f07dbeeb7b8b73a9df670bbd37919ec09e2bcca2d4af6e542453cc7d551bad77ff0afc33ff090eb4af736cf2450ae426ec02e4e2b78c5ccafabe9766d68ff00b34eafe21f0f5c789749b88ed212cf3db69ad1fcec8be847b83d6ae685a6eb373796e751dd15c46413337538feb5f4f786f4fb5f086836fa75ba98428394dc4f27ae0570f7da0c5717c550f9454eff009578e6a65eee8118f42fe837976b1ee6b8330c00bf80afa3ff00667bf9ff00b7218f7c8a4dbe0efe508fa57cff006d66d1c2a139917d2bdfff0067ab89175d752bb2e180862dbca0c0c9aba3abd0d66ad1b1f59daa7976d128390a8067f0ae0fe20698be229354d3250be4b59c323ee19f95652c47e86bb9b19bceb75253cb65f95a3ce7691dab82f1cdd5ce9d0f8e7518b0bf64d05da3661c6e58e46c7f9f5ae2c646cf546997695743f1e7e3ff00c4a7f88df14f59b9532c3a540df67b18264036c60609fa9209ae67c3b33477118562a581c6eeff004ac5bcf23509e5bc7dfe7ccc494cf032735b3a3c837473e4075ce3db8c7f5af12ad942c95cfa38cdfb55a1d8c73b4ca59497651f3275a2d6e3eccacede63478fe1e82abdacd24256e23f9580c9e3ad5f12096332c4a8602d8745e0afbd784e9ba8f63eb28c79e3b1a76f968c9fe1ef572fd61fec20e41611c99555e3a9c1acf59245558402de60c0abd7d6ed0e96732801465bd2b2708c1d99d11528e88ce8a09dbe6b62cc24fee8fba6abfd8d2d63923121240fdf3f7cd5fba99b4b10cb67218cc8a7288320f1c1fcf1590b70f3d992ceced2f2ecc7bd75b8ca56b3d0e39d38b959962d605861fbfbc1fe2ad8d3e41e588e3002d62accb0ac711e031c0fad5e82568a48d231d78e9d6b7f669c7cc6e3c8b43a28640d1e138c5727e309a38e3b72725c31fcaba4b691a062b2819c6460e735cd78e2f9b30db9f96203796519273d3f955e122e32b1e6e2a0dc2eccbd4a0f3bece130546416cfae3fc2b620913c804638180a0702b9e924330401ab6ec59a4886eda31d556bd7a90725747874a56d11afa7cb1ac64ba03b46fdd8a9ec676d4ae56484910af2ccd8e3bd66acfe51f4cf017d6b5ace38adad444a9e56ee5973deb9a14612777b9dd4debb5c9f548fceb72d9e9f2fb56268ec9e7485f6c800042638cd4f757493e366e5c0dbb58d62abfeff00e5262239af4e953e45a330c4eafdd5a9e81a2cc6f2eb123463d07f85753716223b359a1276b2fcdbf9db5c1e9b722292399429955778651debd3343bab6beb2b856b80fba219451d0918a89c4f3e32927a9cbdec656dca1e449f2eec71fe78acb6846cdb919ad3d499ad64303056e38dbc566b47b94f386aeaa104deacebf7ac6df8521890c9e692a1e68e3f94e0e0b8cf3d3ffd55fac75f91d6318b89208e624db6f4f39d33c0de33d2bf5c1583a861c82322bea3170e5c32d6e7cf661cd7d45a28a2be48f1428a28a0028a28a0028a28a0028a28a0028a28a0028a28a0028a28a0028a28a0028a28a0028a28a0028a28a0028a28a0028a28a0028a28a0028a28a00fcbbf306e18ff0057d29f2308d80350348d1a2c45d8464f3b7b9a90afca565f992bb39a7f6b73aaa4277b499287dbdb71fe94f8f1c8e467a8a815a38c850c73f4a924dd1296fbd56926eec4e54ed65a8d920691f729c63df8ab2606daa32bb08396a8e39b76140e4d3669da3db183826ae524d5a073ca71489a1d91c6de660018c30a58a666563c151c0ddc5339c900fa7dda670aafb49cb73fa51094a263cd6b4afa0e8d15790aa0ff00b22a70eacb196e149c6eaa6cd2479da772e3eef7cd5a82333d9a81807ae31de9caba82b22bda2968450f98d34a8e15e32a406fc69554c6809c81fdda6c7246d0031162c7f88d3f99bef569194dc7990954853f752bb1f1c8bb83b1da98e5a9b6aaf3bca540f2a2fe2a23fddb7b0a164dacc173f372556a62a5536338a8ca5ef324da1b77f7853554b498c6129cd2a2c71fdfde073c714b03331c95e33c366b75274d58a94f97dd484385d83d691a111303bf1bba0a92e156751c72292279198249800743ed4a3ef6a4ae44f588e1e62ae622a4fbd26e6cee763cff007a9d248b6ec14e7e6a5e5b00f4a6a5aebb0aa257d1683fcbf9b71c1e2a58d4793272a588a8f779abb5b181c022a385523dcaa5893d38aa95f74f41538f2bbf42532168546d008e38a487748c410703bd2ab04fdd9e4f5a7aabedc29e0d6328a4f43a7961516a8647bd5b6a83815347332b9e3229eac23da38dfddaabceccd2023763bd5429b8bb9c318a84ac3a6ccaca48db8a97cc2bd3ee53fcd4f24838040fe2a87cc0d1647f156fef6e8ba91d7dd7a8f6612329638a75c461578e454722958d1b1522b7cb584a4fed31c572eef521b770ad8cf3e95663667621fa7f7a98d1c51f9391c16c15152b615760cfb735d0a5192b2dc6e4e4ad262f9724319118527b5245bb68121e7beda7dba95c81d314db7fde313c62a1b941d89e48bea2cacd091c7c84d01b9e29eccfb4a76a8cb6d1c75ac6576cca508c5dd16fcc0ab93da9ccc1a3dc45552a7606fcea5924fdd8e3e5adadcaae8d61efab4858fe6fde00450b2c8b2720629f1b0921351fdd0491c8a3993760e4517a21fe70964233cf4a953e5519c9a8616593248a7ee3b803c8ed5124af7dc5cdcbb8f65e738a0a1e09e0548adb8544df33104e3154dfbb648d54b4d093686507ad2ff0d46ad8180691b2c40e9550bdb5638b487efa5461f7b81eb4c1d7069fe5854208e3d29b8dc719ae82799ce78c1a7c52ed6f6a89631e5e0718a50a7181c1ad79572875bb44cd85e73d69df7a3eb50163df9a921e99c715cf1a728917920dbf2f3da88fe690293c13433ede0734c6cab0f5aa5371d248b4e517a324de9c83c52190af43c53635dcdc8cd3f68dd8ed5cf3e593ba3773728ee3964465a6ee0cd814bb13e94dda10641cd179496c4425ccb96c28017276d2330fa53fccf97a540ea5bbf351ef743a545450e67dbf5a88a6e60c4538ab363b0a72a952013914fdeebb99bb49d909bb6af4c5491c8163e7a8a636376339c547229d840e053949dac6a937b8ef33f79d38344ac58f4a8a3cf960120b01ceda7ee2c3e9586a85a5ec87155c0c75a6329e40a376d04d35a5f97a50ae9dcdd268861cb330229cd0c32662b85568e4182ae38a04817a0e5aa39bf79de894afd0bd22d499f117c4af0aff00c237e2bd63483132f91379d0f18fddb0c8007e9f854ed244d6b1488dbbe519f5ce2bd37f69ad0c47e28d3756180b7167f6691b9e6457241fd6bcd2d5234b58d769181f9d79b888c9eccf629d4534ae509e56518008cf4154a5cca48da4edeb5a12fef263c631fdea8a68d95405c004f3c57143dd56674cec96c60dc5bb33125be871d2b264b14937123200fe1aebee6cc32af07e6f6a8e4d293cb8d22841c0e5f1d7eb5d714a2b431e751563809eccb42db108651c6e1cd44ab32c5e59ce2bab9ad4cf232ac263da3efb0acf6815776f0318fbd8aa529beb6337cabde918bb6453180189e81454d1acaacde62b053fde157d618d5b3c66a75655e0e4835b42a4fa91beb13263b378dbcc3c264fcbd69a99dc70b927e6abf7136e93007155e3b796e65c61a35fef2d69ed5fda29dad6664433bb484f958e6addc4f24caa1460fae6b425d2d62c05032466a4b5d37a06e1fafcde9532ab1e5b2328c631d88f4ab3322f9bc6fe01aecbc3b6bb99cb2b1938fbc78acfb0d324ddf227c9d4edae8f4683fd21000727f8ab8b5d8efa764ac91bf15b9584281da9614749940f5e73565488d450164964fdd8c915b462d2b22db57b58f56f84b629af4e6dd9e353112837ff0041f4cd72bf1dbe1edc4fe74d690c934f0a987f7c98ebdc57a0fecf7691af882d44f16c318f33e70096e6bde3e30f8165bc82dae05b6ef3329e4cdc03c67afaf356e9b92f3392a4a1cd668fc9ed57459b496855d7692c41e0f07b53c43279062ce323079afa93e23fc2b9164b8b88addad2790e258da2ca63d735e25af781e7d0ee2e4b2610f493191923a56f4a5282b48e79d37f64e12259a10bc6e403eed685acd0b4b82b96ecd9ad01a7f963648a011fdeaac6c44136633f5dd55cc9ea8e6d62ee6b5afd9a51828a2551f7b1cfe75621d90b1c007358d24134641472030e702ae58c72b154663d977e338a528b96ccea838daecec7c2b670dc090259a96078381835efdf0fe24d3f4c8270b6e03128c8918192a7ad78e787604b5b78a088b6e1972c7d6bd53c2727916ab6eecd90378dc30093d68b4a2ad7149c7a46e777a96b3713c818c85571c6ce9ef50e8fbe4bc93a32b2e3731e86a0b7b88a78fc9319c10456ef877c3ed27faabb2c570593660fe749b95ac8ae5e65768ddd074969eeadc650967008cf404d7bcfc24f0ebc1ac422694c6229246f962de3053039e83b1af3ef04e8a26b8d820925c725d074afa37e16e9a9a52c91a86db32198965e463000aeba32b3396abd34475da4d85e5aeaa8cb2f996ad102e5875e381f5cd70bfb4e6ac3c2ff0000fe24eaf17133694f0e4823ef0f2c7fe866bd6e35db1a81d877af0bfdb82e26b6fd97fc71f67552f2411216638da3ce4e7f4ac318dcd5ac18193f69aa3f19563482dd1d0825fe7619e99ad0d11bceb81d39206d619e3bd63c05a6b550ee4e3a1c74ad6d26e441750b08c36481ef5e24a16858fa5835cfa1dddadcaaca142610f077718abaadf6198c91a82b270533d6b3049147d791f4e2a7b59fed3379ef27cb9f923c63f1af0aace5176b1f45466ec8e8edee0dbef2aaa18ae1777f0d2dd5c3ae8b7c649048db72bc77c8aad1dcc56fb0cb179be6756ea56964960874fbc6c996dcc6e4ac9c76e9d2bcbbb94f63b1d48bea57b8be7b6b58dda179a761848d0f403a66b22eaf20bc8cc910280e3746cb8da7bfeb5660bc79e48e76c0c2e07e1c567df5c18a7924f94ab1e55462bd68c25cbabb184ab6b626b0ba669e056c36d6ce58574564fbe41b78ae356ea3f3977060091f7074ae8346963b362cbb5d1be5dcbdaaa54da88e55137ef1d2c31bcad993a8ae63c64db7cb8c0569b20b367a2f6fd6ba386591be612636e77263f2ae77c51019239a566da5976a96ebd38a30b2719599c78994397439ab69a48ee144857cbc7f1574767f23ee278039ae42dd9a3b88965391ddaba7b5cc918cfdd02bde9ca518dd1e2535cced6372c5564b7f3e480ee27e4dc7391ec31562e2ee558551517cd6ea7d055386f3cbb159a6380a30a8839271daa5b09a5b866778490c31f37f08ae4e69b7ccf446dcee93b6c896fa52d64a46188e0b7618eb58d6702b3163b4eeec6addc298d5d416f2ce7ad64c0abf6c529bb0a7ef7ad7a346a7489c55aaa93d0ecb448ced6caa81c6daf41f0a69ff006684cccf1a34ca30bec2bcf74562cbc0231d5b1eb5dee9d318ede2191855c0db455936ad6b114ed6ec52f132f9526e6923965e36e38ae71af0bc8149008feef7adaf124be66dc2a8c0fbcbeb9ae7ede069aeb702bb80fe235a615595ce8d249337f4d9963b76b7e417704be7b6467f957eb559a84b38146ec08d47cdd7a77afc91b0d41629363425dd8a2232360673ce6bf587c337f26a9e1bd26f6620cb736914ce40c0dcc809fd4d7d5622ff00553e7732937e869d14515f2acf1028a28a4014514500145145001451450014514500145145001451450014514500145145001451450014514500145145001451450014514500145145007e5c9f99b263f941caeea93f75e6396e37fe029f1ca266caa90b8efda9823124dc92703b7635d9caef63a3d9ba9ef5c9248d238994f23aedf4c531982c7b09fd69b73b70a18919e3e5a558e35902eef3091c6e39abe5935a0a54aeec90d31ac78c120aff00166a6e24e1f9c7f15248bf29017047b538b6e8b80037f76a5c6cad6d46ff00963a8075dd90381d69b361e60eacaa368c277a72c4163e8a5bef1c53e365dc000734eceda9128c2a24aa2b11ac6eab93c927f2a90cb2438c36d3d9969d249b5806e0f65a8998b4800e957eef638a518c5f2c192d9da9640aa7a0a87785727b74a96095d70ca0eef73446c554865427f4ad6ee31b0d416f2dc7c6c64886f180464363b5093c7186201e075a64f24d32aaa8036e00f4a40df2f4c1a498f962f709250d042e17e6619a9d159980c9c37f76a368f6c687009fbbb54f4a9a3caa9c75feed6974e3634e5f2097f77f740ff8150d205c1c67da99233771f5a589849f20ea2a396db1151c251d372566f3f0dc71d29ad9911f1d463e6a6ac4633df8a2369a1ba013e55c64ee02ae3176ba269c6a28ea3a4dab1b8524d31242986da7153c9894f50a7d8542ac7ee2a82bdd9bad6918c9aba1b5382bb448caac7cc3f2d491cc73c5218b6c231d071b69219b6e004e7fbd5ada315aee4369a49e8c921631ccc64258918dbe9491ff00acf98f14f8fe6cb9a3706c103e953cc9b1ba7ca93e627558987039fe748b1f959c1ff80d40b2156e98ab2d2798b9ef472eb63294652d062dc86e319069e31df81eb50af96b16c09ff7cd48b8f21a1624e4e473d294a8f70f855a6c73322b119dc29add79cd3bcbf2f3d0ff00b34bf36ee9c76aa92715a6c38f74c9a198328c9c2d45e68566503069f0461b264e83de9f2c61532a073fdea8e67d59af35c45f9572c78a48d42cc33c8cd235d2f0a14e41a7c5f2c858e4e4561693774672b49d89da21f3303c1c65699336d5c638a8d642d2927353713475a47ccbb4559a11665da0679146edd9dfd2a3651bb18a76d2cdb3ee8adb56ad606ea35b8f38923010e05397ee814cf305ba8cf4a95947073d7b566d72ec044d7422f97bd491aab2e4f14c95639000ea1b1d38e6976ede0f4aae6f215efa0f8e3dabc7342eec7269cadb5702914faf34df2b57224a4989e708ced3d4f34a5998e7b51e58ddb88a5dc1b2474a52969644af7b4911c6ade61e722a75917233826a259376401c1a76d0b8e79a717dcead1ab1398f8e39a17ae2a10ce9d09e6892468f0c0122af9aeac64e5726ff0050381b998fdea686dc79a8c6f60335214dab9ea6b1bb72b58a52b0a5b630c50cc579eb502b167e78152862a33da94bdd95da2e351c9d921fb8b0a456dbc669c241e580721bfbd8a6345ef9ff0076872e91656911cca783d7fdda6b483a0eb4e452a304d42cdb5882314e4972f99d3cd0b598e0e547b5072c29a1b7f7c7b52eee302b9a3169ee438a4ae845ca93449f30c669572a08e39a8cb6da6ed7d0d6366ac34aed5e00cd3f3b6303bd20f98f341518c0a1cba343920fe1a19448b4c3f2b63b52b7eed7278159495849f2eec8da1f94906a3dbf2e4b734f66dcbf29e2a02c7241a5cd2d8dafa1e6df1fb4ff00ed3f07d94c8dfbcb5ba195ee508231fa8af0568fc82d13274fe1afa0be31ea9f61f08c636a32c97119f9cfa1af05ba93ceb89656dbbe439217a57056dedcb73d2a0f996c63cffbc60aabb40fe1cd0608e49232cf80064afad4974a90c9bb277775a8164592651d77571c97369b1ea4249ab1723dab110809ed4db581fcc278c7eb4aaabc1550a49c7cbd29c19a374cb8c91fc35a422e2b72674e36ba33eeb4f567970c73db8ac8b8d052f212c46dda7238ceeae98c6ac492df5a6c916d8f0bca1eb55cdadae724a0ce3bfb0fcef34440127f871d29d0e991700c5803939c8ade9603146ccb856cff0015567895a35019b777ad94636ba08ff78c7934a8d598aa12324f19e0530422350146e1d2b6bc87f256257c7ab1ef559ad8c4074f75a135f6887f15ba19d242f3b6ec01b454f6f66922e587de1c377157c5899533f30ff7454b6b6ebb420ce053d24ac91d3cb0b68c5b381e119dec462b634c8da352c783daaba32431850391d2a6b293c9539e7273d2b19424b62a31717746ac538f2b731009a15860b0243631d7155bccf31453a1f9ee1573ff0001f5a57716b98e88c5bd5b3e83f80166ade37d16313020a112fcf9c630715f6ff8e34a8b57d2e390ed1b08219c9287819af83fe08ea0ba578c74bbe3e52c5137ceabc610e0735fa3135b0bad1228f62b9206ecf6ff003c57ab4f964ae8f2ebab4ef63e75d73c136974cf32a322c839573bc37e7d2be7df8a5f0b6086392e6dac59e01292514718c57db37be195494861ba2e814f4ae17e2158c3b7ecfe53189a34ddb46028c7a52a9152dd13ed5a5a1f9c5ac7816ddae0cd1472e7cb259554f0715c9de787d9a390b2601e8aa30e2bea3f16f87df4abc9e3ca98564203a9e40af30f10682b233cde6e41c0da47f8570c9c63a24652f7ba1e4125afeeff00b847ad49a7e23e4fc9b7a3574da9787225598a66323e7f9ab2ed74569e6f2c48a3838dca79e2b551935a1b52a6d2e637bc2fa9f91780ca4fcc36829f8d7a6e957c645ec48f435e5d6fa7fd9593e624f7c77aebb48bc8b4f5c46a4161e99a704f6b8dc1c9e8ec7ace87731dd10be66081c7afe35e8be0b876b5c159417f90146f4af23d058f998504e71bbe95e9be1b92dede42cc18868c60e7a5369c76771b8ce2b467befc39c497ca814a9543b9bb723ad7baf8395adf329977ab46b918e83fcff2af03f04de089a09e099da5118dfe5b639f4afa0fc3b30651ca895860a6edfd3debb29376bb382a4aeacceb2bceff00688f0d41e2ff00819e39d2ae611710cda4ceed0b747d8a5f1f895af42ddb14679e82b2bc5d791e9fe13d6aea504c50d94d2b63ae046c4ff2ae6c53bc6c830bfc4b23f9fbf24d9c2d1465400c48f9b2719e3e95a9a1dcafda6050ff00331c6e1ebe959f76cada85ecd8091b4a42a118c01c74f4ab7a041e5de2602ca4b0c330e56bc7a8a51a7b9f4f182e64ee76f6b1f98e37729deafee456531a804709c7154668cd9c60eef901c1ddef56ad631ccaecdbb1f2ae38af0bda39367d242ca08d1b587cbcb3b062dd6acab2496371105cab44462a8c7234c0277ab90b15827488664db8dbeb5c738fb597c2757328c4c78f2abb4a617fd9aa0a59e5dac3009e38ad29e39163651c30f5ace3bd6e36bb2e319f96bd8a3a46c79529372bb1fe4c719083a7f7ab4b4748e2591246c8272371f6158ad7016411a83b890037b56bd93428bb046e5cf56eb5a74b22e32b3d4ebf499e29a496462b90361553db839ae5fc7523ce5157861fbc555f4e95aba5db8587729dad2755f4e48ac2f19ca2dd41233244aea1f3dbaf35c71a3c95548cf16d385e073569218db12739fd2bb18e4337936ca8a491f31ce3a015c1d9b79334783b81fef576360ffbbf3549678ebdda8f4478b46328caf72ff971ea579b32d88138561c67a569f9934e550cac800c1c573f792b59c82f21ce0ffacda338ad7b3b954512172548cee6ac5de7eed8ea7cd396a876a0c238c86c3a57371ef8af24738db8fe115bf752865263e7deb1966135c6d38041e6b684274dfbace6af176ec74ba5ce266848709938cb715e87a5296b7850a962146e651d6bcd2c70d22a82096e02d7a3f866236f6b11c9dac99dac738e7b55d697bbaabb39e9c3bc8adaf5b889a550cb86e4abf604573a9188a78c09949dbb76c67d6b7b51dd78d2fdd9157ab2f5e2b9c961123661e18746634f0b277d4d3955ed7366d7332c90a46ad2ec253775c8c57eae7c3c7327803c32cd8dcda65a938e9fea96bf276d72fb592411cab86ce338e457eadfc2f90cdf0cfc2521c65f48b46e060730a76ed5f6156cf09ee9e0e652d6c74f451457cb33c50a28a29005145140051451400514514005145140051451400514514005145140051451400514514005145140051451400514514005145140051451401f9711b37cc54e63edc60d38c8d6b200769423ef7a1a4ddb80c8d80f46f5a6dcb2f97f7f3dabd3a90e576674564a11f759185135d1724b293f2eeab4b0f93202400c3a3540b6aed082971b541ddb55464fe34e8d5e492679495e3e566a4a306ae99924dc6f7b96c3753db155da66dc362e4776f4a2394ac88149da5482adde9f6ea5a30b80aa380b4e34fcc14d5b563a6942e02b17271954ef4df31f07316c38e3e607f95463326ec20256a6da594b0190289f2c34ea653e596a855924980695193b6e38a7230cf14d6977632301697685712004f1eb4249abbdccaab70b28a1f247e547b9e4087afca7fa53039ce4e369151cafe62857c0278069ed02c780e56420715d092946cd94f99adac3b79ecbc7f7a9cb1ee52c0927eb42b7f7906d35344cb1c6140eff007ab9ea53b3d352231a9276688e3f97ef0c8a744acb18284063d3bd24bf28f94e29d1c855549cf4fbb5d3ecfddbdc6e94e2f563963dacc5ce78fbbeb4c89b6b0238fa506e7a9209ff006b14f8e3dcbb94fcd8e2b35eebd4c654f9bdeb0d9de59306393cb2a6a6691a4e4f2718a491bcc889c2efef4d5f9631c9ff0080d76c6a26b63b231725b920042e7041a630591724f34a7cf921639651db8ed51c2c15486dc5ab9daf68c89cb91da6f42f46a24b7ea723fbd50856dd8da40a85641b854cd31edc11cd64e32dac6719a6f9ada13ac65403c814a9856e075aa8d70ecc49e7fd95a747785a521718ff006856d184bb97ed399dd22c7991b601c669d1b6de7b544ecbb7cc5c127ad3e365db1efc8246ead65ccf6637539be21f12ee9327017b532587877dccd81c2d3a46f41f28a747fbc849079158c64d7c4cc5c74bb63a35f2e3e7fef9a62cad21e01503a734d336e55ef91fc22a5655f2f7838c0a2536d593328a51d98ef3fc985895ddfecd279f24cc3e4229abb940c9ceefe1a6899d64205270925a19f2b5ab246c29381f3d3d772a96ce4e3eed22ecdbf746ec8f9bd69fb36f21830344629abc8347bb26120651263a8fbb4c56dcf9ceda58d86cdb914cb868e30bd5723f84556ebddd0dd46f1b16166456f5cd452e7cc241a468fc95ddd693716f988229466f608c9d3dd8ad0f98a324e05496f19dbc9a4693e518a92261ebc55caa36f4d89551b95ee295dae31c8a90aee350349fbdc0e69d367cbebc8a950bbdcd15afa121518e7ad26e1c0ee69aabb803de9aca770c671eb593838bb0f596c4c18e71c114d12796d8c64543b5a324e7031d314e56dd1e3bd691f77743b4adaa27dcabd314c9a5f2f9f5a86363b8ab0e41a7965591720922b7d1eac7cd65a96564fdd8dc0034bbb70f6a84b8ef4a9206fa561d7dd438ca36b0f0c18e286cfe14d2aac28e500f4abbf2f42549a7b68295dc319c1a938ddf2f4a83ccdc7a53b7eec678359c97b5d8de32fe544bf7be5a6b6578a891d924e734f762c723a566a0e0ee4394af7b12478c609c1150b0dcc4d2b7cb834d0dce474a25277378fbdab23924cb2ee0460ff0d3f6976273c76a1a50c293ee95c9201a9e6e8b72fdd93b0bbcaf5ed51c989248c818c0a1a4776e169fb82af1d69724b7172b4ec84914aad4637c2b91d29cbbf9dd4d66ff00be6a75ea69677b0e2cb1a820e4eddc7eb55e499a418ed532a7fc0a8da15b71ab71d2f72a71d2c578fa63a52321ddc6714f90ed6c819e71409b713181c8158cb41538f29e53fb4158cbff00087e9f3c4eade45e876463ce0823f9e2bc29a49a3c1200afa8fc65e1b5f1368b7962d8fb437309c6704738fcebe5dd41e45f35675659e2628c98c60838fe95cd522e4ae8f4f0fcd2d0ab750f990b12c449d42d558e730329da062a586469bb73514ebe5b062014efcf4af3adc92f791dd4fdd764ae5e172c5400067fbd534537cb862a5ab1bed5e5c7fb9202e796c5490ce8ca1ba93fc54ef2bdeda1dca4efaa2f2c8247d982053cec6901e46d18aa4b30f3319ab124878c9e053bc6d733a9bea1f67170585546b6db2120600ad0b58c64b8ef4dbb6e0a01593a8dbf70cdabbb146e14471e4039a6dbc61645dca30454cb6e7cb39ffbe6a22acd84504b0f7ad637b6a61514624f70c238d42ed19383daabdbc3e5c7857f9a92ea33b51c823b6daaf24c63518193f4aa4edb8a11bae664fe66d3ef57adf2d16fed54176cf3800e322b4638c2c6ab9c203f9d5dd5ef73a3de5f0172152db4b11562350d3060391ef50c2a3058e0e2a781c799ee6b64949591ac64f691e85f0c2f23b5d566573208268b69c7f09f515fa47f083565f10781a0bb3209260c5245639200c633fcff001afcbcf0fc9e5cde6ab9468c6ef97d6bedff00d903c7c96fa9dce897173bacae20571e60c6d9381fad74d36e2b952386b29dae8f77bf916dd977e4719e95e5ff00142f85ae966fa79a3f287518c1e2bd3be2c58df68f67f6eb65091028acdb73d4806bc57c71787c49e0dd5ac9c462e3c8730ba8e8f4aad4e55b18c61ed16c7ce3e3bd6935096691a5deecd92918e00af31d5ae598858d810472b4fd7bc5060f2212aade6c655e4079e38e9f95737fda22724b1c01d735c4aa45cacd1a7c3a227bcb73e4b3100b775f5ac15d3fcbbc12e5b6af40a3815d0ff68432e9fbb0cc7a6dfc6b3da7063f940c76ad95469f2a05252d06d8446595958727187ae9f4fd3cc4c22e72dfad56d22cfed512954556d993fe7eb5dae9509872a402edceea141f526dcab40d0a39b0a5b70ce7e7f5e6bd0f42b8668223b9bcde9b7e9583a6db89153210e33f8735bba7db3c3740a9619e36fad5ecac6ab63d9fe1edddc2dd0b8df0b441306055393dabe93f0aca0496e55400172557b1af987c0ad05bfd8e096e560f324c48ecbd335f48783ad5acef3c8dccd1ec0bf37b600ad232f76e70548a6ecc6fc65f8852f8163d01630a1eea6772a4f5f2f69c7fe3d5cf7ed6bf1834ef869fb3ef8a352fb5471de6a16725858ab7f14d2a328fc86e3f80f5af0ffdbe3e39687e07f1c783343bb92469ade09afa78e15ddf2b152a0e39e7cb3f9d7e7bfc79f8e9ae7c74d5239b560d0e9f6be6436562b2bf970a9c73b0e0173cf38cd71ce7ed343d1a341538f3bdcf3bbab9926309e9218f2f93c92493fd6b4b4997cbb8b72d2664cff09233c562c51a33602e38e1aaf69b2341740baab0c70fe95cb5294946c9e86d46b4e73f7b43d456779ec201b9a6307cecbd09ab11dd0983a85391fdeac0d32e67687f7614ba8c9f715a705d1da25453838dcbe95f3dec929599f4f18de29a352191a3c630735a3a65e3c0d71c2b3491e147bd64acc1b6ed3c9e455db2df2c8db46588c6dce3ad1515ac9b375cd534326e2e9d4951803fd9aa325c2b9f30e015ed571ee962b961b018c1e187358d79721a6670aaae7b2d77c24b952dce494d45f2b104c64b8cb60fa6d15d0697319250abf31cd739672869113819e2b734a5582f3702338fbbef55352b7bac8e64d9d2349e57dd380474ae5f5f6f26ce41c303c16eb81f8d694977b6666c8c1feef6ac1f1127eed18cbba2273b7d2af0ab99da5b9cb8993e5f74c7570d8dbf313c0ae9ad1ae34fb51e595638f99719ae402f9170b3292d8e8b8aebed64f2e2113e7247deaf52ac39169b1e5517513f234ad77791f6962bb0821d18548d98e30aa4f96795fa554b355b78ca7055ce5f775ab05caa95182a3915c318fda8b3d2e676d07dc48cd0ede4061ce2b16090adf79214839f5ad512cd70b347844fddf0def58c24115c472b024ae73cf4e2bd2a1efc5d9ea7154fde75d4eb6c982ed739cafe86bb7d2b5a54d356cd0b3305387c70335c5d85b9f2845337ca460eded5d1c7671697081090338cefea4d4d5a7657dccbd9a8c6dd4b17b3c90da9c0247f1ed3d456499d64c38f94d69dd5d450c0e84ee948c74e39ae79272ccb94c71f7b359d384afa0e3cf256366d6e63843334b279bc6d454241afd63f844c24f84fe0b618c1d16cba74ff005095f9216572d700abab4408ff005887a1cd7eb37c117693e0ef824b0618d1ad146feb8112819fc00afaf927f54d8f9acc2f1958eda8a28af9767085145148028a28a0028a28a0028a28a0028a28a0028a28a0028a28a0028a28a0028a28a0028a28a0028a28a0028a28a0028a28a0028a28a0028a28a00fcb9103caa060e57a2fad575b12b23160791c37a54eda8790b1b00c0fd3fad32eaf3cc8f702a14fde56ef5e8d58ce2bde773d19c63cb66897698a38b33139fa7f4a2685a5914b3285ebb3150c2a9246a806d07fbb52c3b631b0c8a581c0c9ac69d48dac91c7cb0b7baec4cb108f249c9ecb5047e76fda485c93f32f6ab0cdfbbc1e0f6a87cc2b22e7a1efe955caef74ca8c395f727854431e3927fbcd4d859a4ddcd1348ab1994be141c7ca339a8e2b82c80ed0a3af5ad229f41ca107b92176c6d240353fdd23fba45575ba8246c865dc072bdea45b88771193f953775d0768a5cc87344bc75f66a1a246c394058746c5206da0f276939db9e94c124aa36f9a447f415bc7de8d8e2962637e5b0f6c95e2855f971bb0691a64923c02a4f6e79a150b2f3d6946f1d25a971526aed683e38595b24ee18fbb4eda646cf1b074a616da33e9d6acdb6268cc65429c121bf0ada528c55814949e8c62b1f27e60334d599fcedbb72b8fbd9a36968dc0382ca71f5a7f0a369e38e5aa6ee7d0ca4f95dae4a5432e7b1a458d770f6a8d19550f271fdea4e77ab46ec00eab8152ef265a9bd9924d332b10aec0918a4552a009400d8fbd9a915b79c81c8ef4c2c2452ac335ac67caec394a2959a437cb55c12c411ef567c94583099639aacaa37638d956572b30db93b87ddaa95d6cee7349a96884f28c6993c1a3cbdd0973c11d3de9cccecc7cc2001fc3de9a64308dfb772a8ce2b152bfc42b3a6f4644936d9015c8da7a5591bae2403201c5575b813289b67944e7e5ab56edb55dfa122b48b4dda22e693d102e5582b63e6149e77cc63503145afef2f5475dbc9a9665da19da4fbbcfd2a674ac45395dfbc11c276f38cd1247bb8350991b0086c53773371d8538d2ea6d682d50ef25b9e4802ac7969f26d3bce3ad470ccfbb691c535d842ca57835a5fa1cb39293d0999372e3a9a72c07690adf45a8518b3330279a9e0678d8eec7b54ce3a687546d35b12083cb51cf23ad1e5a4e79c114a641246fb8e314ce100ac23eeeec5ef43ae848d206e3ad246c648f9c039fbb517f17152c18693e6049355a37a136e67696c49b76edc7cd51491b3304dfb413c9f4a79996393607ff00be8545b8f5cd5c5d9e81ecd74d8b525bac6a3cb39c0eb9a55f997e6eb515bb16dc0f6a4da5492c386a7292bea8a4e317b0f2db97e43c5490bbe30e0544611247f21c1a6ac9e4900d11bdac6aa69b2d328938ef5147195e4d31a4f994679a9173ea6a63bdae66ea49ecc48f67984f7a9090c32474e955b6f9727c9d2a666e1323ef5394b955b71c652fb43a3c6deb49b86460f5a55518cfad4636472039c62aa0f9814a2dda48951bcbe4e4d3d9b7e31d2abf9c64de39e3dbad49039db823a55558ab6e6bcd04b42555f97a54336edc0824629c58ef07b5123799d3a573c67cba58a8cfdd155cba8cf5a54ca93ce6a18d8b3000f152bb1538c5434e4f731576fde438b71cd40cdce1578a569be523bd3132aa455dba9d2a1cab51ed17ca41ee29636dabf373502b1653f37229ff0068112e4f26aa5692f751b5a36bb1f24c23c1238ed4f664914328ff0081629b3309235e993d298b215f9581e2b293695ae568b61598f7a846643e8053da42cb94ff00c7aa22c597071445a5b93adef71d2335b91f375e94924bdc734c693a03ce2915875e82a65dd32fadd8873cb67fe0351b4ad82fce052c9206ced3f77ad46d8c0e783ef59f2e97345dc6162ac1bb839af29f8a9f09a5d604fabe859378177cb66c4012b7ae6bd555b712073814d38dbe682571fa565ccd6b63a6356517a23e3c8ed353d36f1edef74cbab17cff00cb78881f81aa77b1f98d8dc40feed7d37f15b40ff848fc2378f826e6d57ce89d7af03a7f2af9826691a18d895071cfd6b96adad7b1d94eac9bb91c774b03150000381c53edd7712ecfd7b28e2a9ba8cee2bcd588ee3f7249c67380beb5c6f9dc7dd3d0e69b447148779e4e6ae46cd229249dbfdea618e16504236e23ef66a558d76ee3d3b8acd26fe25635f3468d8ca91c45811b07f7a9278de693cc0720fa0a80a855015401fec8eb566193726cf4aa5371768ad02f15ab218f2c4e7a512b887262c671e94f972b26074a8be5dc17392d5d4b6b994f924af729dc4c5977356435c96bada7263ce0edad4bc668632b80c57afb553b3b15b962c4e78a9e5e7d598462af6897eda318014103d456e58dbf931f24918ef552cadfe5e0018fe15ab2d723c99514ed7da706aadcaec8db9395dae3e552b22855f90f52b53247b17771c8e2aadbdd6e5c12188ab093a2aed624935b38e9eeb13972bd4bda5dc3c33062c76742beb5eddf047c43069be28d29de4f2e66642649381c3820715e0f15d2c47fd9ec56bb7f04ea71dade34b139322ec21ba6053a7ccb5664ea39de28fd78b19ad7c65e1758eec4644cabbd50eec11820ff002af32d63e0d411ddf9704b3990f2c1d46c604e3b57977827f6888bc336091cd72a2dfc943f241bceec77f4aedb45fda1743d535c48ae7518f0023b76183ce39aea7692d4c231a917ee9f097ed5df0275df82fe2ab8d60d891e19bf9898268f98e338c943e87a9fc2bc2bed66460508735fad9fb495ae81f19bf675f18595a5dc776d6d6ad7313800f97245f391f880c3fe055f91361e7246a644552473b7bd7149abe876dd38eab536fed0891ed1c66addbdd08194840ebdd6b09ae02b0079ad8d2f0c4331a34ea727328bb58eefc2de54e6760176809f5cf3c7e55db69b663716ce40e95c7784e6821976c8328e38dbd0915e85631a4eca611852305569de2d14e5ccac5ab2b33e5af938217fbd5d7e87e65d2c418062879c2e00ac7d22de38e6700a96206371af42d074a5561860401cab7534a2f99f725c9256674de1bd0e2bc689186c182e5986467b57d1be03b39bec568d395919863cdecc31c1c5788e8766f1c21bcada54636f6af67f07de5bf873c272df5f31b582ca09257776e0228249ad2a4b960ce656949687e587fc142bc5635bfdacbc4d6b0eed96505bdbf99807e6112640f6e4fe35f305c4eeaecad8273cd6f7c46f191f1f7c48f11f8927b96967d52e4cf2ef5c107a0fd00fceb95bc56463b412719fad705376bdcf4673e58a5b97e184cf1965e48a9ed54e08c927fbb5423593ccd9b888ff00dee0d5cb56f98283d0f2dd715b4e575642a3acb99a3b6d365db1ab422452131f3fd2b56d6e3ca8d5e3259c8fde232fde158ba7cbb6d42a92ea07f11ad39350686381ed94068cee2add08f4af22b495ad6d4fa284bddb96a39668aed275626023eee31d7b56ae9fa95e5b4d73242832d16225738e6b2bedcb110c84323ae4c6ddaa5b69e59196677f95c7098e95e5c5be6f7d1d74fde7bd8cef3278dbf7814019f315bad526b54d3c0959848d2e70c0d599d7ccd52ee5998e0f1f31e315937d70f1b9e4f9393b16bd2a69f32e576472d6a91e6b166363e62ed35b16b27951ab798af20f9b6efcd72706a6b16018b2deab5bfa5c91cf189739635df2a7757667ed22cdcdcacab83d7bd637882e42a888062011f381c67d3f5ad28e58d948dc01354af98795890023fbb4e9ae47b1c756a46c604930f2d06096ef5d2694a5553270b807e6ae52e33e73b2838cf0b9ae834f9bccb28c963b8e41463d3fc8aeeab7b5dec630574748bb1bb2838eb51dacbfe952a4992a3a329fa5551214418c1f5a5f2c1dacae6324e4f7ae0e757b234d7645ebd94db28784819e4fe15cd6a374eb26106e2c39dbfcab62e5bcc6241de9db822b226817ccf9b9aeca4d456ba1c588a8a3bbd4ee6de658ad5738e147caa318e2b62de19b70967f30903e5f333fd6b91d0a48669a296538f2be6db8fbd8aebd75a8af2318077119f988e29d4f691d63aa30a72e6dc8350d40c7b4cb18c676120fe5c5579248964523231efd68d4248a68c2b63775f9bbd6499769c6e3d7a55c39a2ee6d2e682d0e8eda4f3e539dd8c12304715faa9fb355d4b79f017c0f2cd71f6a73a646be61eb819001f700007dc1afc98d3b54586f6057dd83d5d4e3f03f5afd56fd92e412fecebe08653bb368f93efe6be7f5cd7d67339e1363e6b30b5eecf5ca28a2be45ee712d828a28a430a28a2800a28a2800a28a2800a28a2800a28a2800a28a2800a28a2800a28a2800a28a2800a28a2800a28a2800a28a2800a28a2800a28a2803f2d9f6c89b9c82a70a38e01a8a68d570a154e3b62a29608164572d8248ce4d124ad1921549cf46f4aeda92924a299d759fb4249d8c71e738720e3bd3ad6d4c51a979064f24524328dd998072a7ee8f4a9da5f3231b461f390bdbad54694a2973b3cc95485f96da8e3224337a29f6a2492264c36194f3f4a73463cd2c790c4b7d29924c2351b02803dba5128a8aba337ed6fa096708b79a5559bf779e11874e29d70ad2e5198b06a45589980da1a43ce48f4a48da56f341c6e8c0c7bf5ae8a338decf73a69c39fe242ad8ac1182012dfde6a195618c71966ead9e9527da0b428ad1f23fbb55ef202df74e14f5535ad4526ae5a846ee28b16f20fb3b799923381446a658d8a1040e82abb5cc6ebb107cbdf6fad2db4604c4866c30f5af3e0e7cd6391da9bd15d925bc815973b54af5c8e7a5684530553819cd525857ed0588041ab11a856386603b6eaeaf67caef62b9eaef61de5fca77af5f7a5553b47c840ff6aa38e1dd316c93daa6f3b77ca495c2e3a54a4dcae4c6eddec36161bf9ed4c9e73c6318ef46ddd8c1e7fd9a8954349f36401ceeaede7505a14deba22c2b1f2fa7ca7f8688fef37fb54abf36006ce7da9ac42b04ee6b89ca53778ad49537cd644f0e7691d3fdaa4650d95ef4d918fcaa878a4915a352232327fbd4e52a895a4cd2718daf344eaa5572718f7a4fb53473900b602f1b7d69904d249084382d9e7a53fccdcd8239ad69cdb5ca73c542fa313ca2c01cb5588e4318cab722a27fddc79e69b1a15527a5536dbb32dfbaf627ddb9879b8624714814aa9c907d2aabb1dded561577420aeee40a4b9a32b134fde9596c2c2aaa4ede188c16a6b44660ff00be6183f77d6902edcedeb4c8d4ae79e7a56ceef67763a90a7195d122fcbdf8a9d9957611e9ceda842eee453e758d63c2839c7f0d5462deeec4dacf7258e749d8ecddc75e0d56badcb2e412466a58660aa13ee536e17e788e71b8ed1bbbd539456829b496889e2836b67cc047fb353bb065f97ad56dceab91ca8a226dd21607e6033584afb2d498cb42791bc9950101852aa990e4f46fe1f4a864649a4c6e5dd4f3218d7f798e950e365ef2348cd22668f6b63a0f5a432fcc3a640a89599a3ddbf2bdb9a7a7ef2338e0e3ad459c75e812982c9e7c87760015232f97ef50430ed3ce49cfe7534bf34aa01e3bf155aee89b34b727461b281990e2a10bcf5a6ab7cdb7383daa5cb9b72a352296bb9615a38db6e4934fda92300c01a8523dcb9279a8d9cc4deb429682551ae859b88d7861d4535641b7938a02f99193d0d5648f6923ef629c65aec09b2493e6e869fb8f96884e4e29ab890e7eee29641e630c7154e5d0ab589d1498c73d2a165dd2734aac6318a6990eeade2ae553b3d89557cbefc511cdce71c5452b6e51c9a155bb565576b265ca36f3276916404533cb10c38e42ff00b348bf7588a62c8cc016e94a34e5cbb95776b589ee192355d83228ddb97351230f98669b232aaed5a516a3ea3bc6de64b1b46dd47349263b74a8572a334e8dbe5a396295ee6b19cbb86e0a98a3cb464a8f9e73d29370dcbcf4acd593bdcd5f2d4d244a32cdb40185f7a60cadc64f229c6411e4d445b773d2b4e68bd907328ab1337ddca54018b11914abb95416c115236180ed5c951bee1cfadee40db3731c64d44b23329e3153363ccc679a89a62c5fa9db441b5bb368b1a23f2fef1e2985be6f6a492466a67cca704e693a9f70bda24ee2ee3bb8a6c9efd286629ce6a1998edce78ad1dad7b17ed2ec8e4c4ca632a194f556ef5f2e7c42f0f8d23c65aa8859859eef31558602e7b0afa7e49b6c790339af1bf8fda0c6d6d67ab80d1853b26651c0c9c026b96acb9a274d1a8933c65557713cd3796525066a5688763d7a53635f264209e08af3afcaec7a91afcaf4d89235658f07b8a9a16da0063bb1d6a14708db58f14e661bc7a55366caa26f53463618e3a0a92360b2027183541672b9dbd29cb727760f00d447734972c9d99a1348ad9c63d2a38f0b18c7deff006aabc7bd860e050d985b39e0f5ad5fae873d4496832f95a55c6401df7554b7962b527278eb52dccc5b249dcbe98ac4bc9117263cf0795a7776f233bb86a91b979ac222464158c6395cf5aab26b1134713452a912640dbeb5c45f3bb4ee7358d35acb25d298e591428fef903f9d6d17ccb417b59cba1ea705f1b6e5b760ff0077b53fcf13a6e0dbab8ef0bf88e49e3305d31793aa3bf5c0ea09ad9694f44f9722a62e49ee5b969aee7471ea5e5c7180321472d5db783f4fb8b999aee21218a33b187622bcb21b86452250c72081b7d6bdbf4dd557c2be11173711f96c543aab027048c0e3ad744a4fa994657776335ef89da7f836ea6b3bdbf7b7b91182b028f30e7b7158d63f1f06b9abc10c7600aca080d32ecdc474feb5e4f2785eff00c43aedc5ca5c7dbeeae1b7b3bf04927815e9de11f82a74c58750d4e7c4f0e3cbb581b78c8ee4d4f2e97ea691abcaf53db24f8c573e1bf877abdbc63fd2af2dde0851ce33b908c13e9cd7cbd1c6228555544781caa9c8af41f144524b7e2198c9e647cc6bdb07dab2b52f0e168fcd49081b402be5e79ace9c55ef22a52e6d59c9c3b65243120fd6ba1d2b66e56209c545059a456ade62286ce3eef39ad6d134f1361092c064fcb5aceef639dca2d6a763e158d16dc29839072a59abd4749b358e3458c1dcdc96ee6bcf3c3fa7cf6ab1c3200576fdd03a7b57a6786a532328901242e0aa8fcab2f87744c538ebb9d8787ec558c4ac9963cf4e9c577be1f8047b61603ef139c562787d619da11b58a92a1997d315d6d9442da4e3ee93f8d55d2f846a2e4eecebfc376ab2cde5a9dc47255b383ed55bf6adf1b3f807f65bf1c5f41e4c5712599b356918801252a8ff00a135b7e1bb5314a9231d8aa73b7bb57cb5ff000546f1dc9a7fc39f0af84edd948bf9a5baba8430cb00311679e99cfe55854949e8d1a463ef5dec7e6ce99782f8bcacb832f39eb53493aafc8bcd5255fb3cc635c13df14f11b33093040158726bca6728c9cb4d8b76b30cfcfcfa54fe7b2fcaa3ef71bba62a8c72ae773038157eda4da3cc04b29ed44a12b791d106d1d8e9f3f90ab9dbb48c37152ff68196ea5c63ecf171b97bd64dab19615ce416f9b6b76ad28e78638572381d557bd79b523ae87b54da8c7999a76f7d1a1fb4dc6446176aa7527f0a7dadf08e4c453799699f95303e5acb9e717d02bb60330e31d866a5b58e18e48f121e47298a8708c75ea5fd622d684da84b1b4d3f972655402cd9f5ac5bcbe38762cbe5670037d2adeacc16e84518c8237bf4fc2b1f50ba8b698dd4ba023f035e8428f32bc5ea70ca7af35cab05e6e93cb51c63ef1adfd06f245b88e29186d6ce17d0e2b8c9e455bc68c640c7f0f7adad1ee3cbea5b03be6b4f6336bde660b131bdae76cd22ac817d6a86af23c4accb85c8ebdcf6a4571b4367b550bc9bce32139dbb71baa2317096acc6ab4b5b99f25f48a447100d2b74aeba1990c30b7cab2151b933d0e39feb5c28731cca6dda33b7ae6ba2b3632c71c8d20ca8193ef5dd3ab192e4229d5b3f759d446c162504f5a9167686327a6722b9e1fe9187127c91b673ea6a63792367782cd8e2b9e3475dcec6da5ccd9a52dd1dbb54edc7f10acbb8b82c7049ddd41a6accdf779c54378d3c33a2a206565cefcf435d49469ecb53cec4622325648d8b0d41e79adc4236a8600ae33c77feb5e89059c57837c6e125dbff00eae2bce6d6e8c5750b2b123ee05aecbc3bae346cdbc6030c055a89caa3578852b5b627bd8cc702860a658c9dcdfe7f0ac3d4ae96268590862e09ddd718c7f8d686b5732fda25b8dc157ca19fc335c9cd7866098919a21f2aafa5745172a89393d4b954eecda8ee7cc504300d918fae6bf583f629b87b8fd9a7c1fbf1f224e836ae3a4f267f5cd7e46ae248428cee3d36f0735fab3fb01dc4737ecc9e1c58e492411cb70bfbcedfbd63c7a0e6becb0f0e6c2d99f3798c958fa2a8a28af8cad1e593471d19f34428a28ac0e90a28a2800a28a29d9bd89724828a28a7cac4a517b30a28a28e57d839e3dc28a28aa509313a915d428a2a192ea38c365b254e081d6bae18594b731a95b95684d456736b5170154eec1277714eb7d5e09891bc1e39db9383deba3ea2adb91eda495d97e8a8d66466c075cfa77a92b9aa616705745c71116c28a28ae13a56ba85145140c28a28a0028a28aa516f626528c7761451456d1a1392d087515ae1451456cb093661f58f23f2c0d9f9e320eec5396768131d8f5ab36f27950a84064514c920dd203818c7dda71a8e5ab5fe6763ace715ca8a70c8d8381c63935259a969099ffbbc6da244478ce72a7a1da69b64a1a49c3336d54e3ebdaab9a77b1cd28cae9a89619848768271ee6a78d84719c8c6470deb50c7868c767c54c73246ab82580f4aa8bb3b48e8a6f99da62ab478c80188e9baa1f30b4c4162a841fba6963b74e0ca1739fe2fe750c3b2e183326463eeb552f671bdcb7349fbb2b93cec16105738ff00669c14ec001c37afa524923243feac649e148ed4e8dba923e66e8b4e519455f72358dc5b788c8a5ccc1dbdb1c532380c7919f99853ade36498aeddbb8649f4a7349e561396cff1572bba7ee9824ecf95040c3192dbf14b27ceca376299e6052a3ee8eed8a76c124d827040aed717385d09d39c968588e411e4804e3deab2798d83d49a7b37949919e3aed19a924cc11efe1ce07cb58439e3a48a8350d1a11432b64119a6c8adb77050491eb446ccb1bed192c47de3d3ad49b8b6ce38ef56d723bd8ae6b3bc50c49b6ae597f778c1a486389943281f5c7352ee555c101b776a7796b0c6315bc6518eb62554611aee7c6ea734823523bd3e08c2e58f14c9542e08a5377d6c3e68db563618629319501b3f7b34f661b8606e0692dd833714b27facf2c639ab85a2af6b19422b74ae5869648d4aed3f30c545ba55ea847e3d6858bc85da0f07a53cfc9b4e720f7ad54a12d522651949dd0189d5431c01fdda03ed1c53fcff003176819e2a2964f297031cd435ed340e5eda0e12066c6d3f5a3b9c29a8edb3240390793f3669e24e768a98af67a360ad15ef32458df3c820629dbb6a9dc2a2f31a18fcb572d9fe2614b1ef65e9b8e79e6b58cafa152b35a6a1bb9045492462e962c8caa9c8f6ed4cdc3270391d69f6f20f331927358ba6f76ce4719a766ee48d1b22feedc631c54ab1aa8c80013ed4c936fdccd22b6e5039f96ae1ea5c60a2b51922059b753b6b48324023fdaa995976f239a3698d73daab95c9d88f66e52b2238e3f2d446380d52ac6572013c7350ee667c669eb23370e3e951cbcaf5d4a94249d84f35e4e3eee2a5642c010d8f5a6347b48dbd69d70cd1aae02e187decf4aae577f2135fcc49c20cf534c4f98924511fccbd7268676dc001c776a9943a94a29ad07a36697cb0ca727a7348586d3417f907ad61cbcdb0ed18ad455cae4839cff0d2c6c70491c5363f739a7b2bf6c115ac2fb58a8da6b419cefce303fbb4e91997eee3151ee2dc1e9522b05ebd28b7733f7a2ecc9628cc8b96a4f9371029a265923c0eb4b1ec504d2e693568a3ae3295b54357eef963923fbd4c8e6656d9826a45987503ad36491541d832c78a29cb9749225cb9772459046b900163514333c85f7fde1fc38a62b0f97b9feed4ad8dd9adb9edd0d13d47ac2bf78e4524ccbb8000e4f7a6b4dd39a466dc3239c5724a577b1b4a3cebddd0493728e3069158ab64d0d28618ee2a391c32f4abd1ad1042972f5b92c89e67ddaaeb0b799c02714f59fcc18e94a2466e01e075acb541524ad6486aa9dc79dccd4e3f2e334d0bf3120e29198f5351d7564c6375763da40abcf6a88caf22f0b814d9e4e71ce2a337d146b8cf22ab9958da0d6c583f2c797ed5577795bb1d4d235dac8b8c8e6b99f1b78d3fe113b7b211db477973712101249080001df1f8d613928abb2b92ef5674caedb791cd3775796dbfc76367a89b3d5bc3922b0e03d93bbfaf3cd76fa7f8aacb58863961f36012a8711ceb8719fa560aba93b246bece7d7634e690938ed481bcc8c9c8c5425fe6c03cd286ec7a5742949ad50eca222f4c1ae7fc63a1c3af6837f653ee60d01dbb7d7b7eb8ade93a823a0a89be5208241151bee3a72d755a1f1dc914b6bbe298346f1f0dbcf350c926ec90d915db7c60d065d0fc6d7830ed69791f9f1c8718ea723fcfad70902859b69dc735e755bc257e87ad45292b976d70e854fe156238b71d8c4e3fbd509648d836466a4691570c587b5473733d0e97cd1d89268da35755c1c8c0db4d8d76c6ab92481f7aa332ab63e6c1342cc236dadc0aa7194b4b0e5294a3b17da748ed48c90fdaab898b5b84602a079437048c543e615380dc512d172a31e5d357a8b717090b6ce060564ea12ed89d80dd804d3f52f9a090870a7159505d32abc4e1a45da46e5aaa767a3d0c675395142e9c792ccdd4550f342e090706a69a369e601b81dd68f282dc0049da07f0d6f1a4eda339bda37d48d7f7992b9c01cb569daea45238a327ee8c0a608c6dc01f2e306a94ca5aed464818ad9271e83e6716765a2f8974cb3649efcbf9b19dc888a4ee39e29756f1b5e789b571753492242bf24306ec055f7f7ae3ef268edd5400bbbfbbde9d03c8d189554b923216a942fab2b9dc95b63d97e1f6ad0e9b6b34a1c34be67caac7fad7a441e2a5bab70c918518fbb9ef5e19a3ea93470c236aa808015eb5db68fab2c50b060c13a83baa2a38c56a8e58c6717ab3b0d519750f2263b58c631b98e715ab67a6dbfd9f7ca44a87f854d70775ac2e5d526ca370156bb9d1f0d6c33118e3c8ceeee71531db4367cd1ea73baa784e450df6601e263955dc0114dd3747bbb191410b1e382739cd76da86c636fb31b76f2df8d46ba71560d90eb9fbbdea9c6515eea2d539495cd2d3e169da061f7472debc5777a5c26dd56658f01940f9bd2b94d25bcbe081f2e08da2bbcd166fb62c4c5498cf0588f4a8949b5b1d51b411e81e1bdf1daa27ca48193b4574f6d89321b3c8e8b5c968b0892e148037609f96bb0d2d809a31ca9fb873569a6872bdb43d0fc2f14b74d02360861c163c0e3ffd55f991ff00050cf1a47e3cf8fd7b656e637b2d061164be5b72cc012e3d3826bf4c6db5eb4f0ae8d7dad5f1c5ad85b9b867638002d7e4f7c65f87b3ebdfda1e37f0ddcb6a905cc8f717d6fcc9241972491df1c8e2b354e5525a1508cb96ecf06b68da08cbb6edc7fbd4f8eea463c8e00ab12c2bf6ac2be78c946e08fc29a2d8ccc5410a7b52a91b49732318c1a7ab1ea912b39908c1c615aad5bcbb554805d7fbab54c5b6d6c1ce47f0b5685baffa38611ed41d055ca5171b246a8dcd3e3f35415390ca0edf4abaf185215b014766156742b7b5d22ce57bb5124edf7573c8f6aa2d74b3ca731ed393f2fa735e4d586b7477c2e96a4d79bade20ca50a8fe1cd46b7932c61c7eec9feed5369246ca02700738a9635923f2d89cc6467a77ac29538397bcc7cca2f627bc996799e58c042c0065fa564df30f3022839039a7decef36e311e78c55692412db86da5987f0fad7a3cb1a5ac199d48ca5ab312e2e7cc7cae3fdead5d2a52e141208c7de535853dc4302cc8d1c8a4741536812ed6561203ced3c574c23ed15cf37975d8ef2c9a493d4c78a65e32cb094232a7af38a8ad6631c6194e5587de5e9515c48ad95ea48e56a744f95ea75ebc9629c6be54c0c63fd92beb5b36b399635478986e1c84ea2b0a2902b127e5c7bd6dd9de6db7da1712b0fbcdfe15aca3cab44674e2a3b1a71c03718629c885464ef009a9667fde75ea2b3da392158e2049dc32cebeb41b9dac549cff00b59e95cdec9cb5932e6eef525699adf82a4fa7bd4ff788cf7159d34bfbcc6ecf14f4cb2093716c75f6aeca714a366ce68ba69fbc6bdace24731641651bab7f47b39ee98ed0bb6307396c035c95b4d122f9eaa5a4c60fad753a6de3ab2ac5290bd4afad44b9fb686b29464ae6b6ad244b0488ca265f2c8233f7ab83371f675cc4a1411c0ce715bfac4ecb6e4e09c1e36f6ae6fcd0cdf2e32a3216b7c353717cc4c9a94743434bbeb97b88e39762103875ef8ffeb57ea6ff00c137ee3ccfd9ea388ca6468751b84f986300b6e03f235f93d2193509217c08da3523e5f7afd47ff82685c0ff008516e9b8b3c779289339c93edf863f2afb2c2ff05d8f94cc169ae87d8b453236de808047fbdd69f5f2d8ba7ef33cfc3d46b4b0514515e672bbd8f57990514515d94f0ee5b9c752acba0514515df1c3a8a395ca52dc28a29322abd8c591cc2d1514d308b1ea7b5573a88cf0a719c574470d0b6c53b97693a5538f548646200607fda18a24d41020ce46473c66afd8c62af612575b8dd5af859db6e0cb92c1483d79ae3b57d602e76c8772e7e551d3152788af82eff3029566ddbdcf231ffeaae1355f11346cde542a57fe7a39eb50b9ba22ef73a33e2095886126403f76a6b1d70c8776d71c64ad7071eb8163326d2dcfdd5e3157acf552c1d805c93c2b7a0eb5b3ef634942695ec7a547ac05c31753c7ddddcd74d63746750c4e438c8f63e95e4363785a50c6358f1d7677e3debacf0eeb4aad1808e3ca2df2e78a94949729cd26dbd4efa8a28af1ab61a5cda23a615e50566145145727b2923a3eb11ec145145691a2fa8a759f40a28a827b811af1c9c71cd76429729ceef37b937d2a2fb42ee607ee8ef59b35cb31f9941000e56a91bc3bb825547bf1f9574f2f2e91d0ab36b57635df5350e542e47a938a8ae752dbc6f4048e3079ae7e4d483c61872d5467b8dcc38208e7eb5b28bb6ac54a2afbdcfcf28f743784ab6140e47af1cd4b7b3868d000304f3bbd0540dbfa0c0ff6e91977155c0dcdd326bc59453d763de528c754ac3e158f21460281d3157563490751ef598185bcfb486273fc34e919d7243160dd171d2b68c53b49b2a328cb5253188d8ee3c03c53e1b8f3e0668d8aa8e09ef4c8e26b9e390d8cedcd24b6e618d5446542920f1c66aa4f99a68caa45df996c4f0a8581a569436d1f75bad38b2291228db91fc22aac9b540cf5feed3a393cc870011f856b52dcb75b987b35ba916648cb4cb3b331c745ec29eff36ddbd47a540b249d0a8da7e5db8e6ad2c6100329d833eb5309f2ad44ad6d0899a4551b70c7b6ea7babedcb6dcffb351193c8841ddbc8a7c3389edc962c0528ce29ec67192bd992c7b64887a8a46500939c1ed40c305d84e0d123066200e9de89d4d6fb1aa8df48a18b2c9e53a84dc08c1ddda9f1a968d73dff00869cdb76ee276e78a64188dbe70c4638db8a22dcb532e4b4ad363d9bcb3d0e31446e1d8296dab4bbb7363918fef50d0aa9dd819fef5392d7de67559c57b9a92960f231545c2af5a466daabde99b874cf5a245385dbd71551504ee65cdfcf1d477323020fc94d9376e5c118cd3e35db0f3c31151aaed6e7e6ad24d49e872558733bdcb312eec638a52db64208e7b353576e411da8ff0059260f4a51e65b9a46a72c751cb866dd9e47f0b52b6656c9002d451c210b01b873de9ed26e50a0f35aaa696b634a71d74448995271dbad46d14cedb940207bd4c261b7605c9aaf334be6472c44e00e554fad3735132a9177b0e8245da40041ce0d4b1c7b77639a6c92050acdc1c531711e4aeec31c9a13e75a90a34dbb4c24ca9eb562398c3093b7bd57386f9b000a6acc582a8271deb29464ad6d86e2d3d3626590b4873dfad382fcd91c544aad1c9953f211cad49b8b107b0ad2cdeace66fdebc49fcb0cb92f934d69d1768fe2a62ccaac41079a46daea7248c74a6dbb1d51e492d77270c24f66a91b732ed071eb51c71a32e3a914d8b3e672718a87371d8cbd9bbe849e5ed503f89a9d24857dbfdaa72e1816a86493e56f61baae3ef2bbdc4d7369725f3373818edf7a9db7cd1ce32bd2a18243246a31b4e39a9c7ca46319aca4dc5f2b215377b34315594f23152ab71cd1713058f03efd57fde2f5fc2af9958a92e5d958b098cf39c5431e3cc241764ff6e9d0c9fbb05fb50f20924400e001f76b0e5bbbdcb51babb2445e09cf15279c5540f5a88a151c74a6f983a1ed5a68f4b8f93a92b6339cd3265f323f97ad205e734e663e49da46ec71517943a5ccdc65d55c72c7e4c43fbc6985ce39a696662093db9a3cc5e33fc555091d54a4d2d507de5c0e01a1a60582f4a649306521720ff7aa18faa8f4a7256dd9137aec59f99691660cdb79c8151c923aae0f3490aedc96c0cd354d357b87236ae9d8b1c30e7ad1e7797c6321aa31fa54771279601ce066a55a3ab354dc5161546e2401cf5a6f0a70318a8db2c99ed4d690fcb8fc6a65272d04bb8e96411b00a3ad2348563c81c77a6361b8cd37ccdbf2e726a651e5ea6f19744855984633cd2f9a64900ed506f5438e49a8679bcb56604ae06772d46b15b129ca12d762c5d5c8da471c0e2b94bfd63c85f98fccc7017a556d735e6b7b5256421db855ce735c95e6ad25c3299a42ec06071d2b0a93e4573a93baba3a4bdf1315dde5161f2e46e39ae42f6e2eb529fccb8547c7dd7f4a634c650c4484d0d3ee87dc75af1ab549d4767b1d11765aa245ba7fb921e3fd926af4724b09055d9481d8d6236eea0d4d1dd158c03d40fe1ae68c5ed6b1ac6dd4ea078d9b4ab3796ecc6618d496908e40f5ab9a5f8dacf5ab18ef2ca75bb89c7f01e9f5ae0f528d752d36e6d24cfefe231eece08cd729f0dfc2b79e19d63519af2e3fd1ca0483cb97af3c9c76aec8d49c168cbf66a4b43de6dfc410cd19c64103383d052c7ad5bc96e9fbf42c78dbd326bc6fe256b1a9e99a0acfa25c34770af994aae7f77dfeb47807c6973e28d289b91189edff0076db06013daa5e2a7ea2587f76f73a4f8d1a48d63c33f6e51fbeb15cf3dd3a9af052c3687031c57acf8fbc6d67a1e8b241a934a6defd5e0da84e7a726bc699a39a30d6ec5e02a31bbad383f6dab37a50947a97636f3fa65697cb65645918b01ef59f15d796c10fca48e2acdab332b195f27b7b56753dcd16a755a4b5b96e46566017803f8aa45b95562ac30319dd4c2a16112020fad31a689e325958e0735a5393b6a295dab8d69115431900cff78d417178235c0c9ff6aa9c8cb711957e1f1c66a2f2da2daabc2fd2b571954318ca2f44324be8ae219b2dc8f6ef552373e60da370f6ef561ac5a4dec48c1fef77a7ac62db83839149537d4c9c64f433df0f216c60f7a9a3b1128dc3d3d6afc96f0c7079a4ee23f87d6ab2de46b9d8a500fe16ae98dd2d1971a3caee3e2b52b195c738acebab72a858fcac3f8b15ad67a92cac5590818fbf9a7cb0addabed419c55aab6e8395172dce5974b7b9badd231c1eedfcabadd0b4a8ee035ba8c1099df8e171c0aa925ac5147cf5a6daeab240dba26f2d80fbd8eb572926aecb54f9568763a5785e6b55db2ccb302776e40462b76cf489fec712c69827aee3cfe35c758f8dae63c89b6c8fc61b6e05743a3fc44b3b932c770a6d581186e4823bd6178dfde2254def72491a5c796a02cc780cc7bd6e783efb54d3d6f639166910a8656989383cf4abba5eada2ea1318bcd32c8a010ea3802bb2d434ab26b29e6c2ac622e5ddc8e82b55529c15d1cf284e5e861d8f881af0086e5c202c00741d41aedf4a58224d99dea3eeb39e79af09baf1458e9f742dbcc7c83c845de07e35de786755175722da66ff006c303c74a3994b51294a3eea67aabe9e6d66c67690011b4f15d5f86a62b0c11bc800009ebd7d7f5ae5f4dd42df546105c9297457e5da4806b7fc399b6b86ead81b17b81584f9afe47445a51b4b73d4bc23199a694804c8a3f8bd0d769611f957bb41565ff68579f783f5066d696028a14c7217763d001c7eb8af41d2e7532a9c1233cfd29d9b76395d49b764ca7fb46e9fa86abfb33f8ece94cd0ceb6c0b3c679544911dfa76c039f6af847f630f88d6167f112f344d4332a6ab6de4c6b9c877527191e98cd7ea7f877c3165e30f84fe28d3ae448b16af6f73672371908632994fc49fc6bf0d3c23792f807e225acf135c6cd335289c050049b164048fc862bd4c2b827c97d4f4212938599f58fc70fd917c35ae6bda96a9a25e37855d9639c04881b66ebbfe4e0839ebce3dabe6ed7bf679f883e1e8ccd0e9a9af5ba8c89b4c25dc8ff73193f80afb47e3acf36b9f0afc446cefe666b6b5320d847ceac32539e3a57ca1f0f7e3b78bfe19cd1c12ccbaae91d16d67fe11c7471c8f4c74f6ad7d94a52b1d0e2a504cf3a9bc07e2cb79c0b8f0d6a709db9f9ad9fa7e55bfa3e8f6fa2e84b7da90916e2e50ec8de2236fe75f64784af87c54f0bd96b7a6b4961792c5bda12498fdf04d73df12f53d3fc276f60be26f0dc376b3213e7496c92818e0f27af5f4a53c3fbb671315193f84f8d5b509aeaec969949e08e781e953c7be45331db9efb4f5afa2e097e1c6bf6e7cfd074db791972c16dc46e31d3046307e95ca5f7843c01a85c08a28b53d1b1ff2da09898c81c721f38af31e1a5176b686b172868d9e382e446e5f1c11cd4974be6db078652ae47a57a67fc28986ea699b40f15595dc654620b91c8cfaba9fe9587e24f833e2dd217e5d356f6dc104c9672649ff008075a238585eeb73a24d377b5ce20c8b6702efcbb77db55ef2689ad7cd572bf2838a9f54d3eef48985b6a3653d837502e50a1f6ea2b3f529156df69064665c6e03819fff005d29e1e6de9b18d472b6e733aa48249d162ebfc5bbbd3ac2e1e1986063d57d6997173fc51a8ca9fe2a974c9964b856906cc9cfca3a1aec8c65185ac7953a8dcac767a7aac03cb2cc1f07e55f5a91946d7c82d29fe226ab1c471aca64f900de0afe75235d09612603935c1cae32ba369495b46675fc93b2e100071b6ba1d3e649d8c85d70abf9d73ec25919a3f299b8e4fa55fd37ce8223fbc0f181d180ae99a8b8efa8e9a4d68684d753bdcc783208b1f773c529df8dc3a9fef5249206cb11e58200fa522b0854191888c7f175ae78c5df5224a49d996170ca08397c5321ba11e541c3b755efc5539258da4c46c79e016e2acc9b5982c7b849b4e1aaa5ccf43094ada58d481679563f2b6ed3d735bb66d2c31ed540d2371d2b9dd3e6fdd8dbf7b1f3b76ae874a669e70198a6dc7cca2a572dbde66b4e6f6991eac9328daebb98282597a0ae62e2e9a124a671c8aea3c5575b418619559d87ef369f9d45727713aadb12aa6403e5e99e6aa9c657ba7a155650fb032db523e708f0cdb86df94f7afd35ff008270de358fc0fba8da2613bdf3bfcbd464815f9896b295996452c9263f83b57e88ff00c134f5a9bfe101d65669c86935538f3093b479483d3d52bed707eed0dcf99cc23eede47e8658b7ee7616dc578ab1589a2ea08d183b49dc07cfb48c9fc6b6ebc9ad152478f197baac14514579aa9f2b37526c2aac97caadf79473d33c9a5bc90ac240c67dcf5c75ae5af67115c624da243fc2a735d94a4b61b4d1d08d48b31c640f7a7c57ca64da4f2d5cc477c59810483dfd2adc1741a419e08e8d5aca76d199a7aea6f4b7c146318aacd7c36f700566dcde6d2aa0a827f899aaa1ba66503728cf5a69b348b4d96750d4f6c44870809ef5956dac1562002f1e300b37f9f7aced7af02c2400ccd1f20291839c7ad7290eb1e7c91a8660e060f6ade1172412535a5b43d0a4d495a6555386c6739a6beb0df67dff002be467e6ae5975610941b88948fbd514dab2476fb0b0c938f987415329bb588d7642f89356dd047c2f94adbcbb8cf22b80d5755916e1fca64688e382b8eb5abe2abe16d0875c4ffed39c76ae1a6bc7964f9dba8e6b18b7dec5467f652d4ddfb60915bca8f04724a9edf5ad08ef84a449f36303f97b572b6b23ae4a9c9239abf6329491b79f9c0fb9eb5a293b1d3272d9b3a8b5befb3dc2c8143a9c03cf6e2ba8f0d5f493dc344f2cdb482f84601381f9d79c36a4aad179f32a2b7504f02ba4d16f228e7825497ccda1f1df9edfd6b4a6a5704a4d35d0fa02c2f96ea18f27e72a09c74ab5b86ec6467d2b8fd1f525fb2a48f8dc78f9076ad68f501b83a6ee9fc5c56d2e54ce4e571e86dd15420ba0b9666ddef9ab4261f5fa76ae69462f512eed12d14ddebc8cf23ad248e361e707f5acf912d8e88a52576c492658f8358da95d1db8591979c80bd2a6be9f7498cee38e56b9cbad551a3250b30c8c3153595ddec914e5cbb216e2f9963c11f3772a6ab4b72922962c06de4eeacc3a806cb16c9cf3559ee8ccc402368f6ad25168d9463515e48b1717cacad147213c9071c543fdabbb2b2a82a460329e6b3a4b8dca0b00076fad559da248f2d2152ab95da3ad5593d474a8724b991f13a2fef6343964cf3c7e3534d1966dc54155e8b9aaf05c22c1bd6400e71f31ef519d48edf2d93702719079af2799af7523d9a9521cb64c97723c85f68593db3cd58b393975239ebd2a3bc864510246044dbbf8b8c53771b7627a381cb76359b8d56b6d0e7bcd2f70b7b8459c1c1351b2996dc842debc77a86690343b8920f4e9d68b76113443ccc093a0f5aa8e8bcc894d3d2a10946594860723bd3d98b0cf0c07f0b54934f1f99b4e73d9a98c22e19b2a83f8ab585657b342a69465ee9623b859632e4152a33b7b5364944ec0b9e9fc34f9610d06c5209e30695add9602e5b2140ff0a8ab2517ee8eaf2c5ec3e150e78e951954814c241e38142b3c4dc32953cfca28998ef523273fc34f5b5e2611841bbb24b6b7db0a9cb0c74db4f0db5b6b72d490ceeb1953b5c8e94e93e5c1e371a96afa340f92fee31db7746c010491491e531bb029ab008b32038e39a555494e58907b30aeba34e9a5ee9d4a5a72b44af200aa7a5248eaa06e2006fe2a685593d1969ecc7746238c1038fa544a31db721abad74124511af1cffbb48df2e091838c53e58d64c6e0783ba8690478caf5a1f24636306e4d790aaa5978e4f6a19bc98c07dbb8d2c2a30c3a0c714c9233bb0dd71c5694add4ce507cb77a8fb765661eff00dee29d240d1b33a8071cd4e6369954623263500aaf5a8a490c4cc8dc1fce8a924de8cca2bddb580cdb803b481db70a45b50cdbb772c3eefa53773c8b924e00a4463b7e55aae695b545c79a3f1165711e00209a864924661b9411da91555542e083ddaac46a8cd86207b9acfdc91129394b4644ade72ecc74e6828f18185257fd9152f97e548c5482074db4c8d9ee2523a0feefa5691f755e212d5ab91ac6edbb21828fef0a7ab1519e3145d1750aa5774441c9e739a39db8c702ab9afab0f68fe1dc9618c498e79f4a5dcca4822a08d3b0352c795ebd29f326b4315172d4536fb97783f37fb54a53691c669d1e5a3ce7e9514721f3320038acd546f46694e49dfb96849b7b61aa32dd4d47797230a02b67e942b6ec035b2ef61c25272b3400b609c7e1449d88c838e94d6cab75e29c10f53cd2b3e854aa4931154f980e703eb56adf0bbb3cfa5562a1970738a556d87686268dc4ea771e7cc91b78c714f5b87c7cca01a62cc235e7934f8e64914e739c7f0d4f207b48dee1e66e5c74a58553924f34c59d573818fc734aadf32851d7ad44e265cd293d1963ce3b4d33c9dcb926927e16a033158f1ce6b38c1dae8d65351d192ab18fe5e69fe5f46cd471b09a325b8c71ba8320b75519cd6ea3cdb8959fbc3e653b4e0d471ee653bbeead3926dca7207fbd4d56e1fd0d62d7232e32ec395524e3a1a7a47b54d430b2f998cf269ecceb2601e28e66f71b937a5b51133b8e45050ff0f344936e03671eb44795f9eaada5c98c6a4e561fc2c783906a29be6e0f4a733798ca4f0051361b1cd28ad6ecdb95c3721766dbd781fc34f887c9b8f4a632ede73c6298addb34a5bdd22bd9b93e6b8e918ee057151973e61e0e714a5d54f5a8cdc066acb9b5d857e5637777da71591aedd086d64c91c8e17d6b5e663b7ae0571be2cbc486db3fbc91b76cf907afbd5b6ec6fcf757472fa9df34a581c6e1d157b5645cde793048c22f31b69f956895be603ccc9c561789aea5b7d2e6921708fd33bb1d7b57955e4da67451973e961cbad086391a570802eeeb5a51ea9147b417dc0ae7e5e6bcae6d48c5b31961f7315aba57888cd74dbe36f2d6031fca7bf1cfe95e446a35b9eafb18db53d1d2e44b10600ed3520c2a939ae0acb5cf21b4fb7f39406b9e55b39c6093fcab517c42ce2e8c2e0a467b8ed5a73b7b192a13e874bf797ef707a5552c5b3b39c56747afaced1c6108511e49f7ab163a85a2c60b11196f979e2b6f66e5d47ac7dd4589218e68f6cca255c60abf423d2a2d374bb2d06278eca05b75918bb042704fe35334e8d26d0c323dea59630db01e9fceb3ab4651d6e2973357673be37f0f278bb45f232ab73136f81d8e3071eb5c24de0bd4741d16da59e48a46c9f312125f68cfad7a94d1184e307079dd8a7496a97969240e32b20d87f1a54e524acd131972f53c525c2ca32b9153457112b6d61ce385a9f5cb13a4ea53593b2b08fa32f71dab35a4370ac83681f4adf5ec774652b79179519bb103b53828823624f515521ba6e048738a2e64337392001b6ba29c652f88d1b4d69b9466b8e58f435136a615a10d2280464e7dbdeab4974be63282d907bd636a0ad232824f9601aded16ec70d46e2ee755fda1148c85194823f8581159d7ba81f3241951b4ff0009cd71b3d8bc658c32bc6c7fbb524734b247b5cb6e63cb67ad4fc2ec8ba75f5b33a13a9ab11209572470d91515aea4b962cc4e7fbc6b23fb18c854427071fc7c8a2e747924f9231ca8072dd2b2d64ee6f26dbbdf43a01a9156217688cfad4ebac35b2f9991d3f3ae746937acc1541946065d3b54305b5e473dc286919471b5bbd7472cbe46ea7a58e86f754f354b2b10b81956c5528ef82b07dc15475dc702b19ac67652ec5c939dab9fe953c7a0cacc0371f2ef3b6b5e556d0c27abb1a371e201e5b157cfcbc6ca82d7c4374bb4e230d8fee939ab567e1749acdd9cc8ed8c8c62bb9f859a459bf88e596e210cd0db9f251d780f91cfe59a98d38def230f672bdee725f6cd5b4fd3d6f2786fa18b3f2bc909407bf1ed57f55f8a9adeafa1bd9ab3448cc4cadbb3b857b2f88b4c1ad59b417004b0c8086ddf4af38d4fe1adad9473c968727684f2d98f38a254e095cad6d6b9c0437577314766c761b0100d7abf80fc5175e6436ad86611e1a64e0f5e057053e917367284685a30475ec0fa1abb670792e2469480bced1919fd6b38ad6d6225747d4de13bc7b88d2e59fe6ce07aad7a6f85e4f3ee1b2033b0c0dbd7eb5e21e0463a85982fbe340a8073cb03d0d7b7f82e230dd413480c7b463731ebed55c89bd49954e68d91ea1e1ab7483748402cc31bb1d2bb9d365821b531fcbe713b555c8f989ed5c168b74795249f4ad8b59d64d52de391ca88dd1d9bd3d287cb1f2338d37d8fa6bc16534bf0ec16e9b542c0ecd8e3e63d7f5afc09f8adf68d27e2a78a6dd53c9786fa50ac8dc8fde103f957ee069fe2b960d1efa495c1861b77f99571c015f857f133528f58f8abe23d4016586eafe591362f4064271cfd4579d46a375ee8eea694207da76daacde2cf85b7fa71933737da6799e5b700bf97c0cf5c66be2e935eb9b8674982dbb4194daad9031c57d41f0a75092e7c1fa379a49956cbecaf31232580207f4af91ee7cd4beb9174dfe93bdd246cf0483d7b57b6e4f9ef7339557c9a9f4ffecdbf1ca5f08f85ee60beba9ae2ded60d905ac80796c4bf4071915ef9e1df8f5e13f881a70b0d7ace1d2ae9e1cb5b6a0dbedd8f3d1dff00cf35f00f82fc5979a1c6f02c911889dc236cf27fce6bd5bc2de3ad235a90c3a85aac1381c48ab904e7a67ad76c2a396e451a9cdb33da7c75fb3adbeacdf6af0cdd476573f7c5b30cc0df46ea3b7ad783789a0d5745bfbad2b5659ed6f61e0c6d21c107d0f715eaba578b0e9f119b4dbfba8bcb1bf6464807ea3f0adbd43e25786bc5ba5496de33d239083fd351448738ebc723f0ace6e56dee754e31eaf53e669b54bbd16e15acbfd1d980cbc6761e33e95aba4fc68f17e8eb0ca75b966f2d8e639911c1fc48cd775aefc19fb75a9bcf0cde0d52d82e628db1bf19e9ce2bc56ff4fb8d36f6e61d46ddec658309e4cc851f3f4c7bd145bbec651b45dee7bc69df1daeb5ab14b7f13693a2eb56bb36157848323fa9df91cfd2b324d33e16f8d19a64b7d4fc2332b1cec9bf74cec3b6778001f615e303526b1c289f084e763738a826b98f5060c403ce7d39aca7acafb1955c438fc5a9e9dab7ecb1acde29b9f0d6b9a76ab64c0954bc731484fa0c020fe62b80d6be1378afc2132cbab6837bf67501daea15f32000f43bc647f9152695af6aba0cfbf4bd52e6c98f2764848cfae3d6bd13c3bf1e3c4ba5c2b6f7172353491be68ef318c7b77a779b5bdce452e67a9e793c3e5c31ae46c5508198f52052c3b963dc47cbd335ed475cf0578da01fdb5e19b7b19e690c2d25a9e4e7f8f20039abf37ecc96baadace9a1eb93c3295dd15bea0bf21f4c38e40cfb1ae6718bddea6dcf17a25a9e0123332b67214ff1568d9ed81517395db5d6f8c3e04f8ebc2aaa92e83717f0483e59f4c8cdc03f50a323f102b88b8b3b9d32e1ad2f2de5b0ba87e430dc4651ff002353c9a6c691755ad1164c7e6cdd490c38db46d3229524803f868b589fcbc3f071d7d2955779c0cd724d4a0f426a4a76dca6cc3cc44e54ff00b553ccfe5dd45b64c051cafae6976cc926e9847b31b063bf7a8e451e6ef214647af5a5095dea73c6a3a9f12d4d7b0dd2afee581c8c9da6ba0d3f583a7d9c912393332ed2bb7a573366a21f2e588e0af35ab0ac2d11b8660c07bd67562dbec74be64b716ea57b96333383310074fc2b9cd61a5f29a38e5688f5f627deb4cdd992e0e08e07dd5ed5917f335cdc1079da6bb2968ad17739aa54d2c4762ad1b4525e4e6140bb98c64f35fa01ff0004dfd4a193c1be208ac445e5c77992cf272139033efd6bf3eb72cea14cad121ead8afbbbfe09e3259cfe17f12e1b22331c2888026481939f5e4d7d661e5cb4b63c2c6cdf2d91fa2de1db82ab0aca474ced5e4038aec626df1a9f6af30f08dd08edaca449f31c91821376715e8d6973ba35190dfed66b864ddcf296d72e535982f5a5c8aaf7720da53dbd6b0935d4de1cdd0c5f105d08edfca00ee6cfdd3d057232df099b719307fbce6b675aba0b217050e07decd79ddedc79176cbbd896e7e6e78e6a69da4ca92b2bb474cba8192320104118ad1b3bc31c61f8c8ae2acee5704963bbb0c56cd9df6e8ca90d8c575ce365b1873a4f635aeb5546c34b9f9bdba5677db82ae236f2b9fbca7159f7975c1ce028354639e4937471f2a7af19ac52d352ad777458d7aea6fb2bb82f2b0232d9f7f6ae312e5a4938658d99b96738efec0d6d6acdf6981a02ff002c807cca7a3039fe95c53df0fb562372e8adb437ad10aae12e5358c925efbd0ebfedd2c3329622423f85b35336a0aca7cc0013fc22b99b5bc66933c734ba85e158657c862a0fcb9ad2a5ed74820a327ee957c497cb3646e3b40cfcaddfdeb94374598e4923bd5ad56f9199c29c67f87158f2396e10907fbd5cf186b7677462a2fde46a4bbe4b3310970928c1561d05685a5e182ded8c87e629863d4960715cec33cec733cfbf9e154638ad04bc4631c719660bd770c56d194a2ecd912d65681a975a82f0cb9947fb7c56a68ba9192e142c9e56e180cfc0ce6b9b96e218368c071bb96ab902ac063126eda2404b2b76cd6b4ea5df29cefda45ea7ba693a94cb611acacb9c70ca79c62b5ed35492e01dac4e0d709a25e5b9b3597cddfb73f338c6055e37315e4d1a8642a013bbb76ad79927ef1946f2b9dee93a9cb38dacd9524ede7d2b5edae02c8cc0e735c0daca542792fb4a9cf5e95bcb752ac9e621cc7dd5876a53927b1939c6f63aa8af038254f1d2927be1b48dc30016fcab0a3bc589830f93cc1c2d417574cd9db8c9e36d73df996a0e5aee5cbcbc4918919518c6e635cade5f5bc62e08566080e1b71e4e0d5ababa6663db8e95ccea5a815ba119c345e5966dabfc7838fe95cf15adae757bad2d495aea18624cb6490372ab648e3bd66c7aa3c86468002554e51c74ff0038acb56f20b601071c05a69965f2da42c419146e54e0ff009e6ba60d7da612ad18ab33524d45e68c285dac47af1589ab5ddc5b49039662abbfe4dc707daa16be95238c6fc904e5bdb9ff00eb552b986dd97cd39de7a6d3f5adbdd7b6c5464e7f033e5a6b54f30310ab8fe1c75ff3c5135a89d7cb0083f4a4de3865273ef53b31923e0e0e38715e0a7cc926cf525b5d3189f67691809650447e585c1c0fc6a49216daac5f8ef54ad54f9b2c2dc6d50fbf1d73576190450ba8dadfed75ab7271d118c6b4168dea32461b39e56a348e18c96e1475ab0cdb9a40abf757278a8ae364f1c4158640e9b6a94dc9da48553926ae9927991c9007538607038e4d2c31868cc67eeffb42ab40bfb9e321854f6ea597e673bbfdaacea41def10a6d525a3278a4db8438c741b6a5918b4457b6391556193f7849e07614f5675f539aba74deef53594954d90b6de55e46c03ed655cfcdc53236f286f04b93d3752ee10465845bb7601fa54cbb554614003f4ad799bd123864a54d8b06194824039e569f3664880c703d39a84a96f31d4052c7eb52d9ee587058679ad553e68f332a31bfbcd12aab2c617be299bb711eb4f8f7ab36ee83f8aa468d3827bd671e5b9b4aaa4888286241e1688582138248c53a284b3331907962a29da5452620bd3d29b8733d09e795aef624123dc49b810a071b5875a785f317e61f2d436d234caa70178e6ac333c31e5c86ddfdd159aa7284b7ba39e5523269c5323666471e869e58b30272696de4f358e01c63f8a9655dd82a46d06bae55229591bf3b71bd802fef32a5949e0d2b2fcd96e6a45568d5430c161914c7ceec573ad1dd99ba8dad50f6dbb77ee7e7f87348caf1ec20128dfc5e94bf74018a0b4b248888c36e31d3a53a93f7742bcd126efdd805416ce77535a01245bbcc43cfdccf351ef2ac707247cbba95542b671cb56718b92bc4895e6ec90f466dbfbb00ffb2d4d819da16f394ac9d990d0aa5594a9c01d7de9d24cb9e0574f37bbcb244f2b874259243243b791c73423eec86eb51ef1b31dcd279c1548c735972ea3a7693bb157111273926985848db79a5568d796ef4c8fe6dcc0671cd69bbe5b152b6c8995bcac11d7bd4ed3a328c0c31f6aa9248594374029acbbbbe0f66aa94634d69b92935b22666dcdb4f1fed5393e5efc5347caa0361cfd29ccc1d7865dc3b66b2729b767a1551cad61bb834d9c922ac6d0d1e17ef1aa910f2f934f59be73b7a56bef6c8e7d13bb572768f6ae3396cd46d195719c8a58ee3748bd8e7d68b98ce41a9beb66394612d6c399571bba0a032af23a52472fcbb7d3f5a50c1be5db91f4aabc97a19d9a7a312465618c7269f1fee98524922903e51bbbd35be6c12722a7d9eb74cd5d456b225f384c6418c01fc5eb4c750a3ae41151ab9563923149bc2fe352d4a238ae6dd8edcb8183b714efbdd698766d03ad1b86dcf6ad1f3a5a1b34921ff7471d29a929dc71c62a25937315cf14b2e1ba1c62a1534f7dc85ef684a9f32ee1c9a532051cf5a82093209ec29ccc0f34e71b2d4d1c5f4649e5feeddb71e06452094a8c1cd41e776fe13434c1860f4a84e496a8232658f3fb544d295eb519903743cd31a40ca548aad25b3355ab2469448b807348abf2ed35c778e7e25e81f0ff004ffb4ea92cbc9c2436e0191cfa004d72fe01f8f5e1bf1fea4d67626f6c2f80f960bec0f34679c60919f6a875236e5b9d52a7271bc51ea2eebb4b134d5906e03a0aa971751ac846f5ce68f38498cf6a153695f73cfd6fef22ddc4863849c12a3d2b87f184f1cd6e234758c83bfaf523b575f71318d783907f85abcf3c5132db48615452413966f523d2a24d4343a2328c9f2d8e53ed5ba3dcfc31e6b97f184ad369e42c26450c1c329e4115d05d2af978e01e31c5715e289e78ee160f364542a1cec3c1ff0038af1f14e328fbba1db4236958e6bcc0cdfc4ae3a525c45b70c6452c46ef94722a95c4ed0c65c0dd8c65aac5bb25d6321942f24fb57cdce13bdee7b71e67a742d79ed704649f6ab90c9329f90312dc1dbd6b32de411fef5090a0b00addc5741e1f6dd05e094a3370ebea2ae8d294a5ef3b1addc55886d6eb588e659fc963105f2ca6de4f3d715d15846f716ab23ab464396db20a863c49037239181b4d3edee1d0796c718e95e87b58c1d918be6669f2a1f9c123ef2d4ab732af96cccd263e50ac6b216679000ee49fad38ceeb26371c563ed5c9ee6b4e3ccb9648e85b5093c9def1f984f44ce2b175ef18a78574f9b52bb0638907cb0b1c990f60290cb3c922eddcf818f5c5784fc52f1649af7882481772db58831856e771ee7f97e55e952a73998d58469eb6218fc75737dadcb717e1e77bb6fe138d9e82bab8e4591323f8866bc75ee8c51b30ddbc0e315d7f857c4735d697b26e678cecdce3a8ed5d7568e861ed34bf43aa926f2e4001c8c55a9a40b6b1e32e7be6b36097cf219704e334ad31c8c7dd3e95824d7c2cd63ef6c36ea349ee15d14860a013d8d579eddb70047045592cb17cca7ea1aa2bab8f3190a06ca8c7d6b7f6967aa32a89c1ea56feca5901c802b3ff00b3cc3b9460ff00b55b90b796b990e2a093689b3c63d696b2774284e3177688ad6010c3990fcc6aed9c6bb724e73db155a6db23018c11ceef5a54905bb2ee3b7b9dc287cfd8ea8ca32f889f98a727181fdda6dcc22460caab18c73b453e4d4226c0186c8ddf4acdbdd4e189802d4e33a915aad06e308bba27b7612334623ddc7de6ab70c9e628254af159767aa95ca8c6f2386a55d7a3c10724f40c3b9ade32ea4de2f568e974d906d687ca53df75759e1aba96c6365520066fe2ebd3ff00af5e75a7eb1e4c9367a15047ad75765ac5a2db80cede66d076a8c9a729465a133a904b4dcef63be79cac79603fdaa27b759e320b73fdeae6e3d65ee18c676e08e36f5155e4d61ed609103361b81b8f35c5cbcb2d4f3b9949dd916b51411c9b103333fcf9ddc0ac2b8d2aeeeae214b6c29607ef1c7eb5d32db8d4604707fd59e557ae71ff00eaab167621aea062a24f2ff85bbd7459357b58da53f7743b7f862d2e95a7dada5c2b5ccb0a0dd32648de4f41fe7b57d15a1c7fb9b72cff0034846eed8ff22bc47c01a7cd75199996481565d9bb1c1c77af62b695bcb8bc899c371874e0f3c565376ea119292d4f43b7d5a1b305d919b038db8c558d0ef156495a5e5a6fe2cf4c1e2bccb52f101bcba4d292e58cb19ccaec3d39c7bd74fa4df7936512162db78dcdd4d72d494796d7368dde8cf4cf1578c61d1fc03abdc5dde04823b370d22f5c6c3fe15f8d57f225cea84f9ace19dde4797b1cff00f5857e8d7ed25e2e4d27e0ceb9b999565b731ec53d5ce0015f9adb9a791c12a3cdf9fe5238cd6581a29d4ba3a6a5b92d147d13f08f51934df0a41b448d1877f9d482093d2bc67c5cc62f156a50492ac8237cfcbd89e48fd6bd3be186a1fd9fe192210a208dc3b9718c1c726bca75d8966d5f509a3944c6498b8f5af6eb2945e88f35c9c16a51598adcae23262e33b7eb5d169b73770c8e2db6b2c83919e7d8d605acbe512849e79db5d0e8ec2093ce4009c63e6ad29f3b766898558ad794deb3f893adf81ed443359c77168c092266cf3ede9deae7fc2dbd2355d3caded85ec0f22ffcb38c48037e754b5482cef2c1d2e42fccbc6eea2b8a6bbb6f325588e620386c6322baa6a4df2a46f52acb78ec7b1f80fe357877c3fad592c315e2c251e399a65d8067f13debdb750b3f0b7c5ed20159adefc8050c90e3cc53ee7ad7c63a4a25c5d2bc6232fd46ec0cfe35ec5e1dd16e34bb5b2d4342ba6b1d5235f31b63e51febeb5aa85959ee4c2a4a5b9ca7c47f8732f816fdc79b25d582fcab70ab9efd0fa1ae3ada13cc8b83dfeb5efd1fc54b3d6634d3358b492def59cf9adb7f74c4f6e6b81f10f842cace3b86b41e4f98e4c410700fa7b8ae59d36b59194d467d353cf25be96263e59cb67f8866961beb98a459376241edc7e55a373a3cf672c46454383cae4e6a296cdbcec800263d6b38b74c39656f74964d56f2e329f6b99411c2838c569e97e34f13d9c66183c4da9dbdbae3e549cf6ed9f4acb687cb5c290cc7a7b5325cc442b6de57245369b7732f7933d53c37fb4578f74e93ecf1f889ee61cef5fb6dbc7267fd83900f4f7ae8b50f8af73e258d67f10e87a46a72293b3f75b0af4e7f41debc1e290eecc4718e7a74ad21ac3a30f3f2e5c6063fc2b54d75d4eae7714accf6fd3f45f02f8e2e905c4f37876ea5033e4ce1133e9f371536bbfb36eb96ac6e740ba8b5e8553fd41912394fa631f2febcd788aeaccb19b4db18504bee619edc7f5aebbc33f153c49e136b67d2efc44f1c5e59565ca1c74c8ef55ecf9b62554e5776ee67eb5a2dee9775f63bfb49f4db88fe7f26f633193d7a66b3844b2a89095007f157b3c3fb4e5bf88a04d3fc53e16b1d56dc384122a8014f4ce0e707b64556b9f09fc30f1d464697afcde1abf9090b6b2324b1820fb8fd3358fd5dc5dd2345cb27cd7b1e4fa6c7e64cec9929b79c8e29bab4096f30b8b65f2c9382aab9fc6bda24fd92bc6f75a287d06eb4dd72df71dab6d3ec9587ba3e07ea6b95d77e1ef88fc270a8d5bc39a8586d408cd35a48884f7e714fd8f368cbf696670cb02b4fe7c2c08c73d41ae7e1f36d6ea7f9da48d9ced663db35d1cb0ad9dc797716f243e6600df19039ac6d4a06b5bc9a261b557a3673d2b6a3869c1e9139e4f91dd914726d98029db3b9abedaff827ede47ff08dea82211c33c77fbd9217038231f3e7d767e95f0f35e46abc4cbc7f0e457d8bff0004ff009934dd3fc4c2789da612db92a7181f7f1c57bb0a35230bcd1f3f9954e64923f443c29a94378aa182bf9098d8a320f35e97613edb74c623e39dbf5af1af0deabe5a4329fdc47360ef51c63d2bd2f46bef3acc75639fbcd5e64b6b9e4a93b2b1d1b5f18f8ec7f8ab3aeb50ea0391ed511b9f979233e99ac9bd91773c99ebcfd2b89b6cde37dd231bc45731c712991870dfde19fcab83d4af034cc49660dddbb7b56e788af95641e6411b1901f9d7922bceb56d4b6dd483cf12c6492bb7d29d3946e3e6bbd4eaf4fbb1118cb03b738f96ba19aea08d76c72f38cd79947a9cc8cb995c263fd5f6abff00daf248724ee7da00f4c56f295f46c17b393f33acbabcf3171bb031b8b561b5e799229604ede983d6b22eb589a36dcf911630db5b207f9cd456fab092e0c676918c82a6b3726a561c6fcd6d8dad55bccd3ee1a31b65f2cedae2bed4b1c6bb7861ce1aba1bfb85bab368482db87e55c54b334720500eecff00176a718eba33597b38af795ce9e1baf302155e0f5dc718a2f2e163501b93ed584b712af292328c60aa9eb4e5ba792139196cf15a3e695ac2a7cf7bc558a9aa4b2b4ca594049070c3b7f9c5637db24538d84303cee15a5757d0f94b2b4a0e494099ce3155249edd86f69361e06d51429dbe23a6d296f22ddbb09a125970d8a21f3320f96fcfbd2c32246de5839f56cd4f24d12a8524e4f036826b3e78b7b1167cd7258d7cc8fcac63bd3ada5f2ee230d21f9411b587f9f7aad14a1581cd5ab593fd212504654835a28f2ea4ce2ea59c8ee3c3b7ceb1be4e52550a571c56b2df470c72c8c4058c126b234db869a1de58907e7193d322a3bab94cec1b598f0573ed5b27ed0ab7bba1d8e9da895ba87019814d9b17afb574aba818775bb1fdd13d3eb5e7bf6e95a559236224382bb39aea6c2f9ae662e4e189cedc76ab70d2e714e9296b73a086f0606e0c4c7c86639c559b8be8a1601c924ff779c75ac89a7f337024e5863e5f4a649a80daa371671fc4dcd67e88d634610d56a26a9ab22c22489e4432fc878c763fe15cadedf08ff78c59cf42ab8ad1d49a58e35d996ce7ef1c0ae4f50ba99a4f24e164c64ed3cf353caae394a317ef227b8bb8e40582c99039e45125d430c65823671b769e7ad660b52c7f78d86c1cf7feb4c92e1a0b30ee3cb38f4e9f8536e115aad4de3ece7f122cdd5caa43c38064f438acb92e7cb6db34840c719ed4fb89eee758bc978d4a9cee7ee7ff00d5599a86a13c726dbb58669c7e4464fa5429a69a6c3da538b4a27cf56f1ee9944b855c13f2d599a6f9422fdd1d29b1a858d4cb1a938fbfbbfc299047279225914004e037ad78f2528ab23bf9a7522ec9587d9dbaee91cb0191f8d27927cb66fba071b89a9a165604e3007b548b309382a1bdab68fc2654e1cbadae32c984d6819f72311f7a989179378230095c6e0dfd29c26dc582a845071f2d5692f21690a36e0e3a3291cd24a4f5d8d2525357487c522c9238524a8e41a99a311c264918afd2abc2ad0e597e727f85a9ed31923da542861b4fb5272e6d2c73a92d3ddd496065da5892493f2e476a1ae24f3b68c04cfdda456fbb8ec38a6dd4a96a773b700677538d39ada474da5cb74595dde59e70bd4d236cdddc8fad67ff006d5b2a9fde8d8dd1cf7fc2a2975e58e2db0aac9eafbba53e5772e9f2bf88db0a91eddc4006a467444e08c1fe206b9393580d223c9213fed019c54aba93ca02e03633f7455b4e1f194e528ad6d63af89774209cb540ea33e95cedaebf71146162970bdd3b1ad4875cb7b860b208e395412541ed8a855145dd6c7272b96c8d555f94019a4680ec2652aa00f5a6dade46c7fd62e09fcab42e1559b68fbd8e7d29394dbd361d35ad999f1c7f261076a9d662d6e232c3f2a6c798a4d80d3cdb8e4f6a72e6b6844e51ec46b1858411c67e6a815770c31230d91e9560306dc83b535fe6ebf335526d7430f6ce4ed1d07999dd860827b50df349e95242aab1e7818ea6abc919567284735b24d97fe2dc902965f7a716fde00a3a7f154615d5c374dddaa46c4201e327a55b8c2c38c5a1197e61c7cb49248236008ebc53bcc121e3229815a66e9903f8a94616d51b73bb682b6edbf7714e541f67dddc3e36d4be67971edc0e6a38f0d919aae795f444ba8e4b61164dcfc0ebfc355f054b290772f5ab2aa55880319a69ca92a012c064fd2a526ddd9849b5acb619e5f988a680adc796c47aeda9647dd180062a21dd4121bb56ae511ca3092bc098425970e3682293ce08c508fa1a8da491d416dbf2ff0074d11b6e3cf35cf3a7d488cb974489bca3241bc120e7a541b849c93ce3ef51e7491e40cffbb4f8fe5505942e694244cad7ba115be5da73525aed6192298aadc88f834e5cc385e7fdead2f77a15ed5e9a5c4924fde640cedfe1a76e2a01c004f5a8e4cab6ea52ccca33f28ad344eed13cca4c9931cb1ed4190a6dc74a606ddc629ab26d620d57c48d5c39969a129dadcd34b8e40ea298ca5578a22c6d24901eb04d5ce771515aa159b8c9a48dbbd23373cd3048d1bf0063fbb4725cda3c96d503386948eddaa46cb600e95179de6fb11c5255c5dbe264caf7df426388d7dea25f9989c9268560cbb6856db9c632d52e5afba67f0bba2447f2d8e790699f7b73537cf08b822a0594f99c56d17a5e476474572666f414bbb7531a50dcf4a6b4eb1a8ce694b964b466926a4eed0e3845f4ae2bc6be249208dad63574c8e5f38aec2493d3935e37e2f99aeb5832334a1f710df3633ed5cf2e74aca2690777648f9c7c75ae49ae789251329f2ad7f76bbdcbf20f5fe7590d34fe19d5348d5e16c48a52e9707a11d47b75aa1e30b99b4ff15ea88186e1292533d09e719ac4bed62ff528f33485d238bcb44ea17e95e44fda296a8f6a9c3dcbb3f41743d59756d32c2f8919bab78e52b9e848cf7ad68e6c118e95c5782125b3f096870cf132dc2d9c7e6ef1ce702ba88e6f9462bd7a568c6f23c8ab14a4df434e660b1162db481c735e65e239fed978ee8aa8a380deb5dddf4f1b5ab163c6315e69aeea48d388c38ef84c77ae7a95126ec2a7251768a32a798c919098f300fe235e75e326363aa45cafef06c6da73c8ff003fad74be28f10597872dda7bdb986342a7087ab1c7615891f87e5f14595bdec5708914c824462a7383cfd2bc7c4b4a3a23b29c9b77b1cfc8c3691228f2c9e5bb5431dc1864c8f995baf35a971a2dfd9f9b6ed6ef2b7f7947047b550bcd2e7b38525921652481f376fad78f18ca5d0f5e328ee993c79b88fcdc6e1dab63c3728b959008e4f373cb11818ae6ed75010c8622e7681ebd0d755e195db2b4bb828913055beb5ac68cef7b1d329731a6b0ba8c0561f85496f68f1b49e7727f86adc9711479cf3819f96b9ad5fc7716e9e2b7758628f85924f9093df15d1ec64f7444a51b7ba8bdab5fdb682a25beb88ed437ddde705be82b92bcf8b91f9e22d2f4ff0033d269db1f4e2bcf35e92792ee69af2e24b99bb4cedbf8ac7b3be97edc012026d243e3a577d1c3db5923155271db43d6f50f89d73a7e9524a628d67309f9b27838e0d78a5c5e35dc9234d92edc9e735aba85e49229124acf918ebc62b0e790723bd75c6a453b58c6b566fcc75942f7770615008c64b67b56aea370742b3b6100d924d212d9e72075fe94df0ad9acd74ac4b0dc0a1e38ebff00d615178ec476fae450c2aa163b75279cf272dfd6b6969d0f35bbbba3a4d27558af2343e62e48c95e98f6ad4fb408d800dc74db5e75672b5ba8e08ff6ba62b6ec35a56d81b7939e8a3a57154a2ef7476c2a289d9798b361453d7f73d7a0eb59b6774970b889bf7bfdde95a71cf1c0a239be62c7674f5ac1a71d13359494f664525c4724db1beeb7dde2b1f529a58f201ff812d6dc96bb1738c03d2b1af18b66350c7fdac74ab5cc4f2d95f732daea6f2f059b03a2e6ab35d4d01277b1661f798e6ac4d6b22e7192d552e21962c175383d1bd6b55cef730736dda25496fa558b68964000fe16c5677da9fe639c9247ccd5726853690c793fdd354e485d141542735d37462e4d10adc3c8ec44b27e756619e6f2d50671fdda8ed2dd666e806d1d2b4a0b30ac303eb4392bd87cf26b734f4d9a58f67442dc10dcd751a5b3349b5c1271fc438ae7ac6d8b43e70660564c7cb8fad777a558c578a2604989830dd9e73dfa53515625599ab636664549da39197aaece86b5ecf4d37d3063036dce3730e056ee93629e444f045b94c432ab5d8c3e13166aa7c96946439209e0e2b9edcaeeb52d4e3b339ab2d0ff0072238e319ce4b2f7356ad7c3570cc260a8aadf98aee1f4db5f30326413ced5ed57ac74ddd202318ac7da3932b9d53572e786f4b9ececc79e153232aa87b7bd5ad4bc49fd96bb217569f850bbba0aa1af6b90e876abe796195c2b28ea7a62bcf8eb57179379c642c49ce1c562e4efb09494b63d07459e5b9bb13125e563f3393d3d6bbfb1d40ac6017da47bd797f8535069e49506edb9f957f9d755fdac6dede472a5cc63855ef5c9522ba1e8d1575791e2bfb63f8b8ea7a7e9ba3c3287019e4299ea318e95f292c47ed182f9230a08ed5e95f1bbc5171e28f1a4b70653140a9e58814fddaf3d856ded42870c01392c064d7a1838ce0b626ac94dda27ab697a808fc0f11199607b77f3994fcf93c1fe55e4f7571e55c0ce3ccc0fbb5e871c66cfc2256dcc9e4c70b4924721c735e6f1f9b753195c82c39af5e0afb9e75495b7dcb96cdfbe5dc324d753a2c8923471792541fe253ce7ad7211c81ae813b860118535d4785ee17fb62c2190360be37b723a1f5aa52b4acdd851acef646f4d3ac76ecb1a9240e37735cd6a16f1405cab2a86e898aeeb5cfb23133edc374e0f06bce75cb937371248a768276aaa9e8335949cb9af13694ba890c28aa140e07415eb7f0a7582d01824864678d76abedc00a0f4cd7935ac8157cc903138e36d75be19f1347a78286492dd88fbead907fc2ba69cddbde33a73d6f63d17c79a1da6bca198e2ea341e5ee1c919e95e65a85adeda8c4534d1187ee891f2179ec0f15ea56daaff006be9d0492a8126dff599ceef715c76b5f65ba5958f9bbfba2a70719f5a972b952a8a6ce6af75abe9edd3cd114d2700b2c607d7a5411cd3cf093e43799d36a9eb5a11e986465558ced009db51dbcccb33af90f1003f8aad4b4b388e551256b14a4b8b8b1e66b39768192cbfe7eb4b1eab14f1cbfe8003ec203eece4e38ea2ba2b7ff48932b22a0c7e755afa4dad36e224887f1373c5714a2e52f2337ef6cce7a5d73cb8e38cda481c0c32e71daad5beb10ed1b2392318e770e9f88a7b4d6de5c8678c9e3036ae78a9266b754565000dbc2a9ea28778e884ea4e3b6c576d462ddb706327f8c8abd0ea365b87efd49c63e5e40354a6fb2ce43b8ff5639da79c7d29d05bdb792aaa0c8d237de6feb5aa726ed61bd5732356d63b7be191731afaaef14f2b62acc4c91a927617ce793c76ae724f0e4124aad272ebdb1fd6a09b4b11ca02b7971e395ed9ae8e770d771c64e7f1d91eb7e0ef10eb5e119cb68faedfe9f36ef337db4ee1339cfce3383f8d7d51f0cff6d5f12dac76f61e2d82cfc4360bfbb6b98d764ee4f4ff00a67f862be06934d9e4c2c3e6386fbdb1b00fd6afe8f7dace94a60b699638393b1b0e9cfeb9aa58893e8546d195d23f522dfe24fc03f1fe8f2c7e23d1b4db19b20b25f699b1f39ebe6463d6ba393f66ff00843e36b55b8b6f07695f652a5a2b9d3ee08c678c8d98f4afcc2d1fe27789b4b110668af2d80c1b574f933f5eb5e8de0ffda52f7c397115c4d677d60e06f8e7b19b9573c60a1e31ea2bb2375ef5ec6fed13d19f63defec63f0894795168f72b364aabadeec29cf6ce7f5aebfc13fb3cf843e15c7733e8165ab5bb5d01e6ee227076e71ce323ad785784bf6d6b7f11b4106b770d31e0b25fc51c512803efe41cd7bbf877e3e685ad69b149677a74fc028574db913c63b838fc7fcf5ad6788abcbcaddce6a987a75354ae775a3df58e973c7671cb22aa8da1ae3e4c7bf35e8ba0b168e36134126ec95d9202715e471f8aa4d7b4d736d2a6a885862698bc6473e98ad78f4ebc9a686e9ad846b0c650f9336f001e6b8f9acb538bea54e4b63d5e463bbcd20aa753c5646a771fbb667e1318db5c658ea4ba5de08e66bc884c7e61b5dc7d4d749e1dd46c75cb7bab7b9b88c60858da41b09ebcf3c57372397bc8e79e05a578ec721e285325c3202fbbca1b5bb73cd797df5c8f389687cb63d7debd3fe216872e9378b3b65e395046b3c6c4a1201fcbf3af2ad515bcc6ca9555380b445ab592d4e79d3b2d8b1a6dc4724c03ce236ce4263ad6b3dca2c2c32b922b868efbcb98b8e36ff1355db7d49640ccb32ca47dea87349dba9e6c57bfef1bb7d7de6432638888e5bdaa8dbdf18a452983dab22e7562d39446214a60eeec7daa292e162900ce517ef328ad54d35ef1dd2e492d6f73a7bcd49a4b7237f95b81fba7935cdcd7de549b4ffe3a6b5e5995ac72b26463775eb5ca4974b2b48fc80ce0afe54a32e57b154a9a87bd7b9b90de15c7279e94cb999de424488a00fe2acffb74723471344d1483e6df9e01a7dc481f6fcc07fb5eb5a4a4e0efb1d0aac1a2b6a971f65658ca310c32197a1acd6be66911b6aaa9fe16a8750bc699d41fbcbc7cc6abae5a52b2e0657d6b295484b5410ab0da08d79350782190c4db988ddbead41a94d925a49265c640639238ac686e0c36a6493a014f8ee846a72ea808e3753e694b55b133528a6d6acd26d62e27906221147d7af3f8d5db7d6a58a488ed46c1f9ba8cf15810c8de72231de71f7aacf9e22cab614e377b9aea5792b3d4c61cd6f78f4fd075afb42c05d4aee8b3d7ae2ac2ea4bf3391bc37ce176f35cb7876e59954f3858c7cabd39ed5a934e046148e7181cf4aa6bb1a72a6ac99d1e9778f2b0c3b011f0bcf6ae934fbe9a39831242ed2a580f6c7f5af3ad36e0c3213921f3c37a0aeaac75255b56cee2475de78ac6ee2ecce59f3c1d9ea8eea0ba132f0c1881ce0f4a6b5ca4403962c18e3e5ac3b1bc58adc67cb0cdd36b67238a22be4f2c80cbb81e5694a4edeea1c5d393d51ab3ccb260024e4d73175242d746404067181f4a8b5eba9236825de760cfdde003f5fceb94b9f10bc57edc298c0e77646319e95946567ef3b8a4a9c9d91d15fed8c06190a579661d4d40b30db87936e071bbad73b36b4668fca662ea46f5dfdbad323f12349098dd554ac476ba9dfd0fa1fad5df9b548de368a69ea6bdd5b3ee0a72480240de83b562ea90ed6f3369f342f1b475a8d75878ee1ae9a713215f2db7fc9c7d07029da86af1de5bb32463c965203e791eb51f584df2cb73284a3abb6a78ab42615458ff00d5a8236fe34b751195638cb11b4efc2fd2a2bed72dad45b9f3232f349b1514efe40de7f4a924d62cee63fddcca4c632c7d2b08fbaeccf579e507cab61eb346b03ab0c7cbc9c532de23b64642b96030cc39aad06b964ccbe7306c9d9f27208a6c9ab699f688d7cf64833c7cb806b396229c59a529293b3d0b6b14be488db2c7767a54ab665a36fdd01807395f4ac693c596b25c068448463818ebf4aa2de249669e560194b71b58ff008563cd293bc48a90be899d0417059771da3b91d2a95d6a56f029f9cf5c0d82b9dba633c9ce4ae38ddda9abb94f94dd871f4a7ed24a5668c69d25d753464f11cc8b325adbab4b903cc73fd2a84d732ed4f3e4769c8c3735088cc2cfd7e6e4fbd4b24a7eca1c819ce073cd74caf1574d23a9f2d9243d7ca8e2ddbd89feed240a2e98af6c367e94b1791716f09638931f741a159202de580db86373573464f9aed1cd2834efd03647190147cadfc59a91a0914b3e708a33bbd6abf9e7ce896140581e1bb54f05c4f1c7279a464ff72b672e75646d64e365b1247188a7c96623fbab535a411167739ff758f4354c31909dad8269f0abc2ede6951149c8607bd5462e3a498bda282b22f4f3b2aee20e31c569d9f88278d55d6532678224e7358f1dc896358b05a2000dedc54135ced98041b6302ae5c8b444fb4e6f859d6c9af46b212558aedddf29ef5b305cacf84539e395cf35e7d25c88e31966c30fbca3a54f27ccca4cace4ff00166b256bd9b39654dd47a23bc6816393206dcf5a592d46ce73bbb735c747e21bcb5b7917ce7f2c7213835af6be26170d925be640ff00771f5aaf7baec38508356bd99a6b00da77395da69239c432157ee3ef5526f115b6c6f924e075c0e6a78fc45611c6d89d4ca501da83b56bed12d84f0ea1f0c8b666dd8c0a4652cbea6a80f11dab2af9c648c37f75734c6d7adfe568896cf45e945def225d39c16f734d612cb8d9c9a96de2915980c6719ebd6b1e4f14436ccb886495b70dc0f1c7d690f8bbf784c763b73d18cb9e3f2ad23276f2348d195b999abb59989c64f6a6aacde7c3b61249ebb81c0ac65f151ddb4da609e03799c55afedf28373299b1d1738e2973344ca0e4ac8d657f2ce48c51b8cac4a81d3ef62b117c489717063f2cc4319dced5a76baa5b4eab109006c7f11eb530a915d0516e1eed89caaae4fad41c2ed209231cafa559863dcc7032a475a86484eec020d5aa8ee277bdd32355dcdf2734731b91f7a8da55ea1662ad91deba53bd9185eefdedc9d7629058e295a4ddd2abab991b6e0e7152c4bbb3970b8a53a36d5b378c6d1bb1e24dbd09534b24c4fd16992fcae1076ead8a5864478c1ac231bbbc4c7964f663d9bcc000c71d69cd279718ce38aaed95dc0714ff0030b2edf5a9d632d488a9458ef3ba118cd270c29b27968bd7271fc355c4a55801f99ad5d56f448defcb1ee58f3b72e3a535be66cd317a1ee4d30c8a9f296e6a53bbd158c6dcdab25e7bd3dd86df96aa89be6db9e687565e7247e355153bebb1d114a2b4d493704e7ae69b2336ef94e2a257e39a1a4da720f356e30dc251725b138938048c13513cddc7514df34b7df351bb71f77815cedabfb855382dd92b4be64791d6961c70723a7355e2dac322a295848d8270474ada31e6d798ae5537a969a60b9e2a36bae0e40cf6a844a157e639351b481d1b8c566d24c6a9e97e83da6f3428dc54ff00796bc87c71a7cf6da85d132931ee243eef5c62bd4199163299e3fbb5c07c44b1b66488c61964003b841c11da89ce36dc23521091f23fc62b16d2bc58d738ca5e00eadebc73fad66f80b458bc49e2bd22c26691609e6064d9cf0393fcaba3f8bdac43a96a56da66d5df62c5cbff00bc3a561fc3ff00147fc213e2eb5d4320c4479527fb287bd7993ab4e2cf614a328eacfb634f97ca8d620c5a38c048d8fa0ad586e479449655c7bd735637426c1864f383207df8c0c119cd701e3bf8efe1cf03c53430cabab6aa7eedbdb9ca8ff7dba0aea551c96879f3928b6ac7a9f8935cb7d1f479aeee2648600b9324870807739af95be23fc76863d5244f0fc82ed80d9f6970760f52a2b84f1a7c48f13fc54d40adede3b40cdfbad3e13b6141eea3bf1595e1df0c2b6ac91ddaaccbb1b2a0f0a4529452df52e304b52b79dae78b6469e69a5b9249dd34c781f4aeff00c17e3ed4fc1f7905bcd335ee96aa2368073b578fb87b1ad4d3fc25731c063410430b459456e483d81ad0d2fe19e9914b09bf9e7ba9586e68e36d883d877ae2951e7d11e9e1e0d6a7a3daea569ac69f0dfdb3130bae46e3d39e86adc8b0df4243c21971860e322b82be55d0638b4db2692deddd77ec66cd739ad78ab54b3db05b38db8e6490924718a4b0ae0ae8d5c147568edb50d374f6b7f96da18c93be37488026b9ed6b519ecd116cc185981dd267b579ecbe20d4e08628bed72945cfcaadeb4ade2099a38a36b8908507866278ae9845474b1baa9496c5dd5354baddfbfb899f8c2aef22b9cbcbe79b08df73fda24d25e6a0970c594b161f2fce2b2a395e4918139a24adbab1cd52a2d932d49747691d4524327f1ede83eed45b8231e3351f9e639010700f55a23cb15a18a7d9125d4ccd2608053b56749db0198938db535d4de649f2e71f5a6595aa5c4e77cdb3682e47ad11a4a52e632a968abb3bdf04e8e2699d76b858d14c9b8e47538ae7bc791471f8bef61dac1a3088c0f6f9474af4af875a5b24924a24dff68801e0fa106bcfbe26f98df10f585906195917e5ee020ae8ab794523869d47cd6662c119c631f2f6aa371e6c172dc945e0822b66de0e815b8ff6a892cccd1950467d719ae5e6b2b48f41fbcb42a5a6a53473452aca11a3395e2b757c4067ba5927031c7dd3c0c57233eeb798c64a961e86963bedbcb1c0acfd9c65ab1f359799e9f6dad457c3680c06dc8ffebd4724e15b18ae0ed7522a4059597231b94f6ad5b6d6027c81b25477ac6715176891ed27b5ce95e38e4e76afd71589a9315888214903838e952cdaa2c6d9c8c30e02367151f9cb363be4676d6d1bdaccd145b314c5bdb771d28f28b1000abd71672b6de06707352dbd899954805429fbd9ad5a8bea66e317a3dcaf6fa69857cdf2b03bee148bf2c8130496e95beeabf6431ede4b8354e4b5dcc245c6e5e82b3e651d888e8ec89b4f80c96663c94dc77b1f7e3fc2bacd175582c638e097e551d362feb5ce6936f24a01606304f3915a8b0b59dd7ca3770486a149eef72a4b5f74f61f076a11e9f3379d2b2c0c00f61e9f4af54b3d5edeead976ccb212371da735f3de9baf32e910ca429f97e6463ce7d2bb9b1f145bc76b0ce9b844c0655067b7a512726aef433935d773d38c9046aaa186ec81f2f35b0b6f0e9f1cb70eccb14432ccd5e6f75af470e9135f4526e8e18fcc3c5794f89be275c78ab9b796516e2208c893100b824f3ebdab283d6c4b5ccbc8ef3c7de3682f359d85808a251e536739cd66e93a979c449b5989380abcd79bc9a97dba48f3b51b1b06d3c575ba2c8f05c423cff24671f30e2b3aca5146f46317a23d5f45bc0d0c726d689f1d1aab78e3c54749d127fde2899948193b31c67359a2fa5b56083693fddc5793fc53f147f686e884612091b0ef939cd797a4e49b47a714e11d59e6de20b95b8d41a4e4bc837c8dbb3c926b32ca36babe584051bba16a7796279b0b8dc4745ab1e1cf975e86478f7431efdca7a671c7eb5eed0a90b24cf3e556d2f74e93c4578cda7de5a3f9881d77fca78fceb935511c27072c6b6fc51aa8966f2a30cacd0e0bf5cf35ceac6cc3ad74f3ba8fddd0e56ef2bb0dbf37decb1aded16e3cbbd817907fbcbec3ad73f1ee8959811b80e1715a9a6cd349e5ec022971c76e2b754ecb9a46d0a7aea7a2dac06eb4f99e52b3471e72bdfa5703aac060ba76f2248a36c6d0c73dabaed26ea586d76bed25970db7bd735e206786fcccc46c6fba1474ac9b95eeb63a6a4525ab29ab79718ddc2d58b59fca6f979aa22433cdd8ad3cb2c5286dde59150ebebef230564b73d13c33e2a48208e19a590c291f96102f4e6b6af350b5804531ddb24070e83838af27b79df73104e0f5e7ad58b5d45acc980c67ca1f32be4f19ad2352fe4475b9da49aaac990a407618da4723359d75be0001620562da6a0d2483710481fc26af1f3ee1f602cf8fe166e94e517ba655e2f4275d5560127ca4902b3e7bc370322590923ee649069827f3982fca011cab0a49240b9ce06dfeef6a9db7339479b4249a769239548214c78e9d2abc33cb1ac64132ac7d518f414ef3de190b0fde2b2e36e7151dbcab2ab2b8232bf741a231e67646918f2e889a4926924691620b1b638ef8ab30c13c8a4a9554030375490aacd06170028c7d2a78221e5e338e3ef50f9a2edb16e2a0c65aaced188d5433631566dec6366962942c7281cb32fd2882dfcdb985e199940fe11c8353dcd8995a42372498fbca08aea49455db14a29bb92c766ea3e46078e1ba53e0d3e6580cc6095037ca188e2add9f92ca8b2165007ccd9c73f5ad7b9baf3ad21582458a1c1c8ce73f8d2954d6d61c9271d59936ba3deccb290ab2a8fe14eb575204b3810c80bb000ed23f8bad44b7cd6e51924680818f98f0dcfa55db6d69e66226822973c19bbe294a53b5dec651a54e4b565abad1edae9926302efdb8dac01a659e9b36937465b3b89ad6691402f039438a719a49640327cac7f0d39b50956e163640548c07cd6b4eb732b459525282d363a4d17c69e33f0ddaa358f8ab520c766e8e49cce9c13c61b38e31d2bd1745fda8bc7fe1abc88ccb653c6cc6495e1578de5f5cf38e80579144de6e6225b1b73f29ea7d2b4ace4871b4a93e59ced6eb5a3a892b4b5338c95fde67d33a1fedc77f7d7f12eada54f044b1ec610aa48013d0e7d8d7b4fc37fdaa347f145d1596dec1e3dc919992f4c6e33dfcb71cfe06be0f16c1646038ddc15ad3d3f49482e3cdd8b1b37f101835ac5c77b1ace4ad75b1facba6f88f49d734b592caf20d5ec24263916193953f81e0d709e34f8476da8432dce832359dc9cb8b6b96f918ff00bc79af963e1dfc46f12786741b0075c91becaf91048c831db1d064631d735f49f87fc6275eb717115ddc4375181232ba9d9f8738a72a506b9a21cd4edef1e3fa8e9f7ba2de3d8dfda35b5c443e64720ff2e2b26e2e1b744b1318be6cb6d1d8035f4c78b3e0fdafc40b2fb4e9da8226b8b11059f798e5f6383c73dff435e05abf85f51f0aea57361ac4061b956c045e8c3d41ee3ad78f5b9a12d0f36bd084b582324cacc9c30391cb77a68ba6c6170c7d31d698cdb58990ed51fc350f981645316739e19ab2a4a5295d9e7ba935eea3a75fddc0abcaf03ee76ae62e311cbe51240071b94e335d1ab6cb725f69500e79ae6ee630adb0fcd8f9fa62ba554829da4ec6f4a2e7f18b66ad24c33bb732927776e6a4d42ebc858e35c163d59bb5456b8562db76e07f08a92693cc8c64638fbb5552ac7d50e4a115ee991753f9ec4a8008a89b333679069ecc1a46e9bcf4ed512b6d24839a9538a774820e3bec5996e0345e58cb1514e79157646076ceeef546e659a489bca318dcbb0f1cfd6ab46d348c98b9922c7255541cfe62b5e683f20942527eeb37432c6a59f92781491c31dcde24c446f85c7de39155dbf7ddfdf6d0cc231f23156068728db47765c69f3693dcebf499d711247fbbc0fef6335bd7131fdd109efcff002ae1fc3fa947f6c6598a9cc7c1f435d72ea0645c704019e2b66dca36919468de5eec8b51dd4adb8c56ea5bae73d2ba0b0ba8d9445212ac1724f5ae47ca6ca4eb231f30e76e78adab39f6aaa123791cf34a11a7077b99ba0efa5d9d12dc432b124f9b8c80cc31c5486f3e576d9d01e87ae2b1164755778d4b6d5c9fa5397505f27cdc1208c6dad5ae6775b0a34dc1bb8dd5750824387244aa3780cc761ff3cd72d74bf30f2c861f7aaddd4926d91047e700090ce33f5acd9dbf72ad174ff67b570ca2a32b9b2709269ad49bce7630fc8766d3965e31823fc68bd915963989c055c673d6aa5bb4be5fccff00f7d735465845bc80c847cdfc4dd2ae351740e68d15ac75347cb0b1e1b6924e6a95d5e4b6304b02c8efe7292bbcf033e98a5fb62cb197671cf4da3ad52bcb8659918aeef2f206ead23184ba6a734acddec78941e55d49036e65653bc2fe1ffeba8a1b81f6a960398f7031fd7345aa88e68a299559a4fee13c5298534c96594c6ac7248e73c1af17da7b57cb07a9ead44aa49a8116e9a090295183fc4a69837b4918320310248e29eb02aa89b7c838e558e7fcff00f5a868156d428ddb9790cdce4543a6eeaeb539bd9d483ba458dad6cc180073c7d28bc8d26b55da36dc1eafd78a5684c7670b1995959411b8f7aaad33f932045cb0fe15ae851561d48e979a24d3ee258a331c91b02bd19aae1977302d8036fcadeb4db758fcc58fefe0659fb531555a40db8ef0d9da33d3d2ba79938d8da9cdc617b92adc9b959630a372f439e94b24237ac7bd5d82e4a30c62a08d5fce79880a49cf5a9a4ba8e39a2323aabc9f20f7e3ff00ad5c6e9dddd6a4f359dd12c8b1ac602a9247f77b53624dca800a58ff00d6100657fbca695a578d942a8ebf956919a869635a8ef1bb5713c831127a1f6a4dbfbb001cb7f77352c12198caadccb8c8dd44762adfbc3f2377db57c907ef5ec73d369bd742bc532ed2002ac3aeea9029b8917747f28e3754cd209649000323a2fad3da466846c023257038a96e29ef722a4e6b6571acc5a4458f1b56a49151a5c90b8c7dec7354e18dd54abb72473536e2ac142f1fdeaaf66a51e60a34fda2e69ad496252cc76c8ac31f796a60bb5b83bffa53235680e76a9152348246e98ff7685cb6b752e55153d2d620b850d71d7e52b82bebd6ac5aed58d403b7cb040c1ec4e6ab46bba46dec702a5b3912dd9b692b91d295d2d198b8c64af116197ed2a3030bdbdea5691622431504fad2bb9551e58078e2a258d590194e4d35172562e15125cad0f9146d07381563cbdd187ce30321aa9c8d1cebb64cecce452dc6648762398e31fdd3d6b7e47cbcb263b2ee4ed20f2ccbd401cb76a89bcde3e4e0f4a8576e006761b7f873d6ad2cc8caaa001b7a7152a293e50551fc37d0788b6c632dcd4724c639953f84ff001532560a7cd24f1db349e7799f32ae4574fb3515b97ecdc53689846376e38c5396e1776075150894e06063d43537cb0f206ddb76f358452ea7242f27799bfa4eacf0aa4464c4401cae3bd6bb379c0f97f8d713e732b7c8c47fbb5d268ba80b8b51b89120620961d69dada9a4a54dc74344abc793d68e5950918a5958b2f0467150c6ccb18df815ba9de3a9c89abe8890fee795e09a854796e9839c1c9cd3cfce830739a8d622c5b691c569ed1491ba9a6b557279732c848a553e5a74c1ef506e11c8327047bf5a925937488140618c96aca5eeb334f5b24261b703b8e3fd934f6caa8c353619029c11915134fb5fe6356a32bdd9a460afef12b0de07622a1185639eb51dc5c2b32c6928ddd7e5aa2daad840104f7d6f0c8dd11e5009fa5612d1e85f2a5aa65d96e0c68483c7b537cc8e48cb160bc6773564ff0069c771f3232b06ce143027f1a6adf7960e73807159fb68c5e8395d2d11a11ca36821848c07dea7b4ed28ce7a5641ba555eb8a46be59142e4a03efd6b55553d88bb5af534a49fcc859770c6307da93ed019428218fae6b33ed1b2dcf9401e7a555bcd72c7468565bfbeb7b207fe7b4a07f3ab93e6d16a6d1e796a91bb25c18e3c0c671f7a93ed0eab80735cb1f1ef86e49bca3afd8963d3f7bc7e75b96b731dd4026b79d2e203d248d838358c6a3a7a34690f68b5669c2eaa83b1feed432395eab8354c4c5baf2295ee0f99c9c8a7cd7774653f7deba0f373b9b6e2a3f3e4f34af6ebf2d453de32db3614bf3eb8a8639cae718391fc5deaf468d7deb592249ee17bf02bcb3c71ac19b54bbf24c6c90c4376f7c6315d7f89b549b4fb3062c2b336199bb0af20f1a5d083c3faf36fc4b25a49b4b0f518cd72548c7b98a4d4b55a9f35eb1ac7f6aeb1797a15499a5277274acbba9199b2491feed4514a10055624e06463daaed9e9e7509d14b2a2739cfd2b9146f2b1ef538de3a1b9a87c57f13eaba2dbe8e2fde0b6863f2c0b71b5e40380091ed5b1e0ff00829a86a914775ac4aba5d8e37f978ccae3e87a54be10934bf0cc0667b78defa3e92baee3db15d0eb1f112292d554ddaceb271b5148c74ebef5dbcca3a6c60e83bde469dc7fc23be1eb38a0b3b68ed2266f9992324923b935ccea9e30d1ecee04f08569f69112a45cb7e38e3a9ae5b58d7a5b99e68a1204240c329e46473587246d35c23b4acc23185527a5538a9753b29420b63d23fe13ed4b52913ec96b059ed5f99dcefc9a7596a1ad6a771219f555b7624262188723eb5c2daddb5bb160c471eb57ad75558ef619a51e6152096159c62e99d3cd1bf2b3b1d6df53b3923b886e23b910c58d931f5f6ae5352f144d7338696dfcb0171b55f2335d1aea515e69f2cc85b72f1b1bad70d75e5432633f4dd572a9cde48ce69f47a0c9f559265c2a146faf154fed52b654f0c7f8a83322b138cd26e190c07dea1544958e76efa3440ccf1a900f35047753ab7cbb703d475ab5751865dd9c003eed51895d98e369cfe75937cc6538a5a2dcb31cdb776465b1f9d2a4e64521a303000151dbec8df2ebd06da97ee8dd8c2d67169bb589d6c40d236dff00d96b5345b7dd20320cf99c05cf4ac82df3153c5757a3aac56900d8a3e51f301d7f3aea868f95239aab6958f59f02471d8d984689a2b875403710414f41f88af36f8ad6e6d7e236ad825fcd58a5191d0141c57ac7817f75a7c0e62019a0441ea31fe35e73f1a1593e22313d6e2d21906dedc907fad6f351b69b99524f9ae8e56dd4a45bf9271f76b4adf3e4f00a3d56b550cbb33cd5f58cedd839cf06bc8a91699e8db5b187a858fda2469369dc3ef6057373318e47465caab11d315e8b05ab793d465467ad731afd896696624fccc29d392d991285b54604536c7192462ad477be6498c5539232a071903f8a923c024935728f36c6517ca6dc171d3755ab7d57cb6dbc8f4dc2b096e4a9c1ed4e827dd2120d1ece4f7669cc9ab2675f16a1ba2c373fed55ed3ef95d4a95c0078da38ae4a3d4020e78c7bd5b4d5d631f2ab722b45056d5195e2be23adf244ea5b76001f9552972b21456e7b35660d54c91364f0cb8f90f5aa8babc49785700a01cb138a86e2b4b0ddaf746f35c49ba3659407039d87ad6edaea5f6c85149cc8464f3deb814d453ce5c1cc6475cf4a7c1ae1865cc2e55631bc3af735aaa6aa4746744a56858ed86af73673340a9018e4fbcee0e456fe9bac3c96c2dfcd7f2e1c7ca2bce2eb563716a923300ac9cafbd50b5d4d6394b02db874e7ad60b9afa2308dfaeaceebc4de33d41a311d9dccb12c8a63665e2b1b43668ed648d999b71dfb54d51b8bb89d46d6ebc918ab56798f0c14e314f924bde5b9528496a8dfb085a49237d9f201f75fbd76fa7df1545cf38183bab8bd2245da48639f46ed5ab35cfd9e1277142cbcb5615a5fcdb954e6e2ef25637b58d7da5597121407fb83a015e6daa5f09e4742e4c39c8563d2a6d6b50792d7ce5dcde5e3f8ba027d2b9b69fcc5c0181fed5671a4ea2ba35a95b996e57f37ecb3bc831b39038f5ad2b1597ec5e74b16d964f9c363b565329793cb6fbbfddad59e7961b5077c791d06319af469f2d3566aecc21284958a3a85e79f360925a3f92a15936a13c838aacac16791ce4331e57b54b1a891581661915b36a2af144595c20df2b7230bfdead1b5959670b1f551f7bad5386e0c6db768207735a304863e1635f76ee688cb99fbc74da36b9d3e9b3f916d187192073b71cd65ebd70979784c721112c601561deac4321922e08381fc3552ea7f2f32e3771d56b5945db46395e4b4464aca157728c0039aae2432cacdd735604e66dee8a08ef9a805b9e5c74ae3b6ba9c52f689f9169276b74e5b19f6a9c5e71b0052f8efd2b3e48d56032649c64fcd52d92f9c33d38e7eb5d768d8d579966d59fcc65ce49feed5ed26e441364b330230173c5651cdb48d21cb0c6028e29145c37df5f2d3b2e6aa3514972c4d349686d5d28598ec5e580039a8831f38ac8b8c0c055ef50c697572be6920a46b8daed4ab87ba040c3e33bb358bbf35a42762cc322c3b3cecf984f1c55a921f398b773d36d51db24e0818dfdb756b69ec2d60b72eaaf228e5b1ebffebaae5b6c5eb6b92dadbc9671dbcafb4a49c6dcf357ad9774d210a4823855aab35d45e608c005579154a7bd7f3d9565f2c280db97a83495deece98a4d5ee8d8593ec2db6289573fdeed4e9f5795642005c1e36fa573f75aa48d0a88a62cca797719cfe75886ea76b8de1c64e7737af15b591e755a8a32e53b25d582cc633b7a8e94ed4bc42f6d3a8b60a8aa3f8d739ae56482456c07fe11f778ab2b3c4a7390180e558d6929462ac91716ae6f43ae4b7d0c6b30527fbe063f4ab50df4d02e14ae3d08ae7b4b50d0013159148e307be6ae58dc0563b54aae368ddcf15973b96bd057d763a4875c97ccc64007f840e2aec1ad5c796bfb8492361cb938fcab9f926dcb804061d2a7b3919a0323156308fba7bd6ab95afdd9acaaf3696d0eaad7532cdbb07fe022af4578636572412dcfbd7337baac714421b5272c3af1803daa26d6259161ca812c6b86753d4fd2b556df44cd2328c55dd99dc5aea93b5c16def211c8c9e82bb08675d434f1e6064491307649fd6bc9e1d5bed16a90426517181bb680013d715db78716e6d8408ce0c58dcc31ea3ad2b36f5673cdf3fa1d85ae63b3fb3f9d2489c15ded92b5eddf003c6daa68bae0b192f9a6d32483849fe70b8de7819c8ffeb578246db6e94ec0dea7d07b57a3780e4b3bbd54b33306b75f9500383c7722b7a55a51d2c38d1e47cd63eead1fc5b73a558bdcdb4d03c462262e0f7f439aea6f7c3fa67c40d1469faeda48d305dcb78b8df113c82093c7e55f2b7833c43736b1dd2c17119b668bee7980edf703f0af4ef037c54d71a5506ec4f6c3e61e6424ee1dc70476acbd9bacf62bde93b33cfbe20fc3dd47e1cde186ed84f6920260ba5c6c639e87d0d73d3796b74b18465df8c12315f58b47078fbc32d6da9c51de5bcf2486277211c72e3781d4115e29f113e0dea1e0dbefb6da31d534391b226c00f064f008fcb9fe55cb2a6e96ac8a986a6a2e5b3387b894b099724293c1cd654b3fcb2447efe061feb57dae524f3fa848c7de618ac7b8f2da6254f5500f3db9af3630f6956ed1e5425ab4916649a660a9100bb86d2f914ad1ac25232ccecc0e59fa01556162c4e0f14c59e6f318b91d386c5747c32b33a63469cbde92d48e550b90087c7cb9155de16e8b22a8eff2e4d5a0db98fcab8c536ebca8251971b76826b49de3b9cab9a2da4b4338473340de602073f3e3ad4323fd9d329866efed56d9cc87a9dbe94cb85897682b92cc3e6079c5734eaa969166ea165743d27db1a6e2cb21519e3a134db7f9a6f9c9380474a1a65e2268c146e9b9b9e944b1f98b91f266ba283e47cd27704e495e1ab37b498d3cc01e26888ce3e5eb5d159a8da76e70cb8fbdfd2b1349fddb2364e597eed6bccd22c20ec254f7f4ade751d4765b1cdfbdbb6cb76acd1edf30eec7f0a9ad26681a50172c91804ed00ff9ed58b1c8f80460d5ab390c2656f29599dbab1e9516d4a7579636b6a742678bec6b2b48a9e70d8433106a9c9bece42b1b2b03d149c8a962be860899248324f5503fad507959492b33ac8783b4f38aae6be8958e3bd4a8eeca8d78fcf507183c62a8cd3cb82ab2119182b81cd5cbf8e690b309228a3e3e6938cfad6696f2c3025656ff0067a54c6a28be548eea75230df721ba965551b64c31396c74e3a52cebe75bb39c1551b8f3d2a95d799208f24861cf1556e6e82dab12e518fca79c645747b39497345a2a7257bfe868498f2c6319dbf2e4e33c5540cd7766d91e415ea58718c7d2aa4b74ec0460e4e38dd5524bcb8653033a820676aae33e82b9eef98cacaa347950f9a76940f2c8f93d78a65c429311e61273c75a5b5467b719c6efef353d5565d8ac4ab29fbd8e95c7194378a3d0ad08d35652457860895976b7eecfd4e6a59bcd5b8201f9718152456d1472ed6418c7e152c307ef24dc7728076afbd5b4e494a08c946f1f70abe4c3245b4a6245e8cbdaacb7eee06c6338e6985447213807228bc5864f2c80c92e3f8ba1ab71734b53a5abc6d20b690c6a707cbff74d39a58a06dc4aa8dbcbb11522c716c2c01240e154d3ed5b692ccaaa14fde622b470e68d88938b8f2dae575912ea1f363cb0238e289ad45d796d2c08e57a6e19ab06e9998966dcbdb8a9edd56585dc6171d79f4a9e5e55748ce54e1185ee0b2ac6a00001efb45361c4924877b6fce46e35556497692d1eff0046cf5ab71cab1ae76e38f5aa9ca9ca3aee72c2529ab4845b52d312e437e14ef3fe62a63dbfed29a9d7134671f7bbd2c71a49b138c81fc559c630e5d47cce9e924575f94920e453c33c8d80734be418d9c100a91c2f6a3f74b1a904e41e6a954a34a2ddae74425151d5d80c06355627e73fc3512ef8e7240dc1b03af4ab6f27ca99c53b6855246727e5a88d54ddd2d0c5d9eb116e31e584c91f4aa90c6d0e77f27b366a691915551cfcfd853e191595be60303eed6edc777b99a8c1abb7a8fb78916338ce5bdfa51e4c71c833cd3229046a40ea691bfd66fea715939c372632f64db6f4269a60ccaabc0fad33e656e40c53e390343b5e35045433b2c9953ca547b4e6d89b296a992b5a89181e3ad0d860506063ad36290c71839f97fbd9a8f72b48a633ce2b7566bcc2314d8d9a176618e69eb1f96a1db72e47f10a91a62b81111e677e3a52b4cf232eec600e557d6a6a4796d7d0a506a5a8c0de628ee2916e36c990a36ff76a61855271bb8fbb50349b884c102a9256bb676736974c6c930693a32f1fdea07ef988ce3d691986fc63231f7a8dd1bc6db548c5572af89339e4a52d5a1db843900ee1daaf68f3c72485792739db5991b078c1231e95a7e1d8c35d158b1112396ce72054733dd3128c37933a80dfb95cfca71f77d29926170a7f0a91f1b719e6aa35c798c801e87d2ba23534b2472cad16d409fcd1146005e47f76a4e5640a382df2d46edb8861c1a7f9a7e5e01c7b5129452d341c538abb229216f3338ddb6a585995b1c80dc5332649810703fbb5723015b9acfda43abd44b926f42b4d2848f01471fc58accbe9c342c00cb6df97eb5a5236db820fdd1d2b1356ba0b7510da42648dddab756b5d9b269bb1c3f88b59d435ad59342b166b06f2bceb89304b81e9c7d6b98f145a7853c13a7c375aecd0c2718591c3f9b311e88bf5fc29df123c512783f5abcf13490b3d9c36fe4bf93b49e99e9f957cb1e20f8950789ac6e6eefa29ae357919bcbf306e58d49e393d063d3d697b456ba46a9737bb147a06abf18aee2b741e14b3ba8dd6524c9270840e9f2553d2ff006a0f16e93ad4f2eb36915dda9010dac49b31ee0fe3ff00eaaf2ad36fb5cbe89c69b1ea5388f87fb1a16da4fae0564ead6dabd9dd37f68c3776d70d8622e63646f4e84579ed4aa6ad687428d97bba33eb5f0ffed4be13d720ba3786e74b9d7e648ee71b5b8e808cd75107c5ef0cc7a3c37b75ae5a0568bccdbe626efa715f0fcda6490c71c8e2350cbf7377cc0d669aa492d889538dedd4fac358fda7ace5d16483461bf5d97210b0ca47efcf53ed59da0c9ab6e5d4f5eb4b5f114b3283b9e624a8ea38c01c57cc3b8e739e6b5adfc4daac7b228b51bc890101238656007b019a7cdcbb0fd9e9e47da7e179fc1fe2c6166da14306a223dfe4bc5b3a1e7183ce2b534b8a6f0878b974fb2b8925d2ee50bcb6cd2122238e31d877af9234dd0fc74ff67d712e2f15a25cc72bdc7ef5411fddeb5f5bf82fc191f87ec7cdbbbd9b55d4ee110cb753fdfc63a0fceb68bd2f7b82fdd2ba3beb594f96d90738fe2a5dfb9ba5471cab243f21218766a6074db9c80d59b9352d0e27372905d4870444096efb6a117221037062c7f8545367b80ab8079355a69046a0f04e2a9beacd973c17344c4f1849e658172ac58b020a9e95e41f11a6dbe19bcf2c8124913a17f41b2bd27c577c925a921564f9820e7a9cd79778bb5089b45d550aaef5b6907ae329d6b96694b546d4e52a9ab3e7082d5678559460b000f735d841a5b246146562503f79f87d6b9bd1e32d24796620264f7cf4ff001aeb2c6ea1823206f6046e39ed5943de95cf62946525a31275820876c6c2538eae39ae7e58fcedc319ad1bcbc0d34a00c2e786c62b39ae95571d323f8aba6ee3f118cafcd66c8593666a28e6dd2364fca0539ae635c9380075a8e196093278c1a6e4ad72a4d25b0b2345bb7939cfe553c522aa82a08aaf2491edda791fecd47e70dcbce00a519292b322f27d4d78b52f255b121438c1eb59d7931dd9701c1f9b766a68d5594f009fef1aa378a17049e7154e505a2348cda7615a412280abb4e79db448ccbb5874ff0066a92dc1dd91c8ab30cfbb78ce0e33f8d62e3ccf734a896f70924f3a320f155e260b52ac82453c62a1f27e6adf9945599c4df2eb71e641236d269666325bece36e739f4a6ac7b72fed4f8e1668df680571cad62f957bc0a4deb722621a342c7000eb5e8de15b385f43b164f9e40bb9b27383fe7f9d79d151b578c638af52f87ad1dd787c3e3f78afb07fba3815b516a7b332abcb63d27c0ed2c9a7e19b708dcc5b5bb00063f9d717f1eb4d58b57d1efa1da1e6b768cab77da7d6bb2f0bc8f1acb126e2090dec0d61fc7480c967a15eef1e4c3249014cf76e7fa56f56114b7d4e7a77be8cf2db151390390e0735b90c09147924e71f76b1f4fc34a6503eed74060125a82c00cff0d78d5aeb4b9eac1c9e972909061813c1183f4aa77f63f6855f2c7cfd831ad1b3d356590c61d54b0fe2eb4cb7c5bc92a4cdb8ab101be9c571293bd91b3a6f66ce4350d3668d77c830a3b77cd63c969f2ee539af489152e49e14a95d9b5bbd605d68f0c6e7ca8ca8f4ec2ba69cb959cf3a4a1b6a71a723e5a9a3555f986738ab9aa5af94e1635cbae7705e78ace462a7d077af439b995d18bb5ec8b0adb81523155dd8eeee3d39a74cd97e0e4546016e2856b09ae5d6f72c47792471ed0c463a7b54723991b3927d69235fde00467da90a95ce38a95269d88bcafa9334dfba03a1f4a482493a0c9a8d577c9b7b66b4e3b1f5f97039aa939476225cf2db61d2332a22ee0404185534db6cc8c0a706ae5be9eb3464618823ef29ab96f6bb50281f28e94b9eeacf71464a2ecd8fb0b732480cabba3ee16ba6f28c970ccab84233553495b28a161751cc64e7051f19a9d59d63c6fcd612934b43a5733eba0f6bbfb1956018f3b76d4725e0b82fb7e566fef75351ace2e36e324639aaf70de4b6e1cff4a98f2ed2454b4441792caa92c5c15618aa9148bb074e29d248b7320424ab7e42abeb1632e971c65e658fce071b7938ae88a51d1333b3b5e22c73433dc163c38e38ed4cbab8dd91edc73d6a923085772e64f976ee6a8d54cd3862dc818dbf9ff8d690959ec37aee4b0a4923ee38152cbe6aca9e584200c1dd9a4da163c863b7bf3525b2868cf258b1fe2ab94e228ea59861563bb3c8ed53ab328e304ff77d6a0b7c6e39380054d7372ac51b3ed5a46492b9aa5e64b1dc4f042f2c6ab27628e6992cecd01241538fbaa69645568c38dbcff0af6a6a2ef93683ce289d452576899ab2dec57b7c32c80e724714ddd2a9d8636518ebd8d4b32a4336157e7039e69f1dcab2b0618c8a88cdec919c6a37a4492184b2aa9185352168ada4d8a59b02a48a65f26355a536cb8071ff0002ad65534b309464d91edfb49dbc6decad50ac33c72042adff0002e9568431b29c121d4f152c6c1594c9cfad6129497c28d39643ece0b8b8b868d7214a73bba55c5b52b3885548931cd3239cc727989f2311c2b734cb5d416c72ecd998ff00162a399b5a22dd349dd96561fb34844ac33e82a2baba8a38e40ed8603e50a79354da67fb4658e4119c9349a85d417c4b2c2578da1837bfa56b0a919a7dc14a2f45a8c92e8c6abb1c8feb4d8ef92395c649cf3b9aa366b755cb06031514e91aed688efc8c50e3193d591ee75d0b72dc89949c0008fe1aa214b31c29000e5a9177ed0b2295ee0e6a68d8a9da7a75adef0846d1d4718c6f77a93a33c3246c39e3ee568bce5a30cb12b02323776ace591658fee9071fc4286badb12a00090001dba54c39a7d2c39257ba35ad59f6b168f1cd4acb2347215000519cb1c5665bcc248ff74f22e17e6ebd2adc3e7dcc3f2f9936464ab1f4f6a9d13d58e3371f8a2598240eaa64cb103a55d86e2392e3616e8326b2ecae9bc962f03425beeb118c8ab966b136e98123239dc6b6a71727783b156a6fe1d0d0b69e5804a36930b631bea3172b1c885d77027e65cd125e5bcd6f226e6042e77a9e07eb55e0ba17179147128607a331c7f9e957caeef9d1c4d38cf766c43a8f93711aa001d870b5df693ac35bdac7b235936a804313fd2bce5a1f32f37e15d5471bbae7bd747631b2da020ae318db9a995589a4a6a1adb53d323be7fb41014ed2a31b79f9b26bbef07cb269f6779733d92ed68936beef9f00be7fa578b47ab1823436972448a0611be7c577be1bf145dac73196f5ef1186c28c46054aaf2d8b8d6bbbb3d274bd5127b769610cb27fb2791e95dde93aab456305c452b1980c7fac3f4f5af1ed0f575b1cb18772ca46eda3918fe95dd689ac5ac3184cb32b648c0efe9d6ba215797a9d50a892763ddfc11e2ebf5d3ac9d238fcd5326d7127ef39248e3ebfcebde747f105bf896ce2b1bc819d6e6df137cdf7b8e7a57c9ba1ebc34e8e1dad1b0203c4ca7a71ff00d7aecfc37e38bcd29a2bd4ba113c71fee9f19047538156ea2aba4918ce5cfba353e307c20baf03dc49a9e9a8d77a0ce4be5393090390f939fc6bc7efa158ee0151f248a0eeafb5b4df1a26b5a3a58eb761f6bb7ba8764d710ec314a0a7a6735f397c60f8432f82f546d474a85e7f0dc817ca9bcede21272083dfaf35c1569ca0ef13095053578ab1e69feae2202e491c1a49e668cc4aeabc83df9142fa2b06c555ba9b692d21da07e95cbcbcd2bc8f32ac9c572c8923f337315ce58f0bfcaa5b952b285947381db8e6a38e5f3a30232541fc296e155d417790bfd6a65672b264519a93b26452ac5136095c7f754d509a37964848e40fe2ce2a49917cc1267000c534c7b8c6e8e186dfe115a73c29ec8f515595356127b61232b723009dd5638902e339033b476a569047180c7231d874a96dd91642140cd66ab393db431e693d958dad1d920810ed604af3b88ad78e786ea1000040feef358f63e56e033d074ad368c4d0e181f2d86383d2b752d4e7a91b6b1d59656e0431a908cc84e0366acdba992404fdd27eee7fc2b1becf1c6042a0ed03ef66b52162b6a48ca9038561d78aaf68a2ae91842334f9aa2355b1bb92abb47dd6e9507db9d6dc0851666ddcee6ed51dab1997f7aa338c8fc6a66b98623e51077100ee3d3fcf159f3732ba1ba5567ef27a156ebca9b05c141fdc635917d8b76338e3b6dad0d4b33cc46d0b12f45c753f5aa173244e12165218027f2a213935a2338b8c5f2cd147cff322323955900385c919aa370a934859a35986cfb89d49eb53dc2861197fdd6ee42a8ce6a39a3db1ab9076838dcbdabaa94d46f73ae351455b7457fb2a328255a290ff000649fe755a78dd6ea4e23112d5bb9636c54ee2f9191f2e2b36e2e8234a57bb1f9b1eb44aa492f7470bfc5d0f388ed9eea1610aa8001c9ce07e752dd5b88d5d9cb2ca318f2c0c57cd305c5eab82d7b793819011ae24e07e756e4f10ebd24315bdb6af7b68918fb91dcba06fc3a76af3e5270f776fc8f49e1d4f68e87d0d1615973ba414e6ba48d86d52091f7715e0c3c5daf5b69f1abeab76b2e3077c9c0c558b2f897acade2dbcdaab90c98def0a38cf4ebd7deb48d4941de4733a5529bf75e87b5228f270c707fbcb4d8e6867b8643832c7c7cc3935e1f1fc6ed66d6f9e2962b6b88f71024920c74f5c7f2af44f03f88755f11c22e6f633016251512dde2423ea7af7a72a926b44635212a9f6afe8759e79826c48368ea2ac43216560dc834e874dfb5dbf98e4ab2bf0ac320e29b7124966b23150eb80c1569295482bbd46ad87df416483f791ae42ee600fb54b25acb62f26c757dc30a76f4fad63b6ab793c88b1c31b393c2a839adab69a6d4a762f0490ed4ced73df3daa635a32f88cd2857776c43048aaa652b923954e94b670fda2f0a4c922431c7bf72f7a7cccdc000e69d04170d1995955501c7ca79c538ce2ba1ac630bf2a1164116766726adbc0bfeb5ba81fc354cb7979c8c9ec7a548b703690e46d35adf4d19a42945caf263c37da1b6f603f8bbd578a17f2d9631c81f758d67eb1ae3696b13db45e73b49b36e3231f4aa7a7f8a269d648258bcb9f93b917009ebd2b82525cfef5ccaac1735d6a7410f9b147f385c01c511dc798c220adbcf3d38ac89353bd99940b6cb9518c6466ad5e5d6a36f1daee8638d674fbc8c7786ff23355cfcf2b25632a956095a2da34d94b0cb557823dd2b85dc71d9a9a8d3328064f957daa58d5b77ca3e6c7deaecb4631df536e65c979591663b1b8e1c282a067af34e8a759936ed2187ad45e679120691fb63e6a6ef58cf984a88fbb52ddd99cb52d15eeea4f32ee4565008efcd43e58dae1f95c7356a1996f233e5f08380d9cd13d9f96be6eede83af6aceee0f95339db7d74457b7e8c3811ff000ad2471aaca32bc0feed73779e239e4be30db011c11c801dc9c91d0e735d4c31196112c4eacc7a30ae94a7d4efa6a9ca3a0e91496040386381c522c6212cc471c7dea8ef1995a34908ca8cfcb4d4c2932124fe35aca316af2616d05b753e9cd3e555909520e474a63cebb814c834af247b83e4ff00bd5cee9c93e64609bde24327dddb83cf5a8d5cc4a10743fdea266994799b4107a53666eecbd3a55f336acc2352af5d8491b6c67f9568784fe5b8b8ca6d7c70d9fa76aa03b11c9c7e55a3a0cc23b89dd80ced0831f9d4dd2d09b5d7348ea155946e622a26b80ad82005a824b8d91e59811db9aad73741b0a31b48fbd5d3176576b42a3691a31b18d816e454eadf3139017fbc4f02b9f1792e40f3db6ff75ba56178cbc4b78da6cb69a5c52bdc3614cd0ecf94739233e952e2a6f47a19ca9b45bf157c6bf03f817544b5d67c456f6d74b877862064703f0ef5afe1ff00881a1f8c34cfb768baac179093f789d8473dc1afcd5f1a493b78975196e9a57b96b97256e32ce0678c9f5ffeb574ff0007be14eb9f12ae275b4b97d3f488c849ee09ca927f842ff11ae69a5177d8de2a9f25a4b53f41ee3c4ba7c65deef54b2b7882e72d7098fe7cd79a78c7e2f698dfe85a1c13eb37a338f2a23b01faf7ae33c1df01748f0886f34c9addee0006e4111a0c9e89ff00d7aecdb4f9f4d8c2c717910c63a47c20a7cf08abdce5f62dcaf13c9fe26685e3af12785e692eeead74cb2588bfd82d41695bae73f9fad786f89347d1ecfc1b04b6a9b3508e45579390cc3be7f4afa935dd7207b0ba69665081762b8907535e07e31f85f7f796edfd9b319d039630e33cfb914bdb2a9bc8e9e49c757f91ca7c3bf89f7bf0eedef459d95a5d35c1572d396c8c0231c1f7ae8356f8bd77e22b729796f630ee183e513c73df35cac7f0a3c492b288ec83e7bab8c7e74e87e14788ee2431ada28653b4ab481707ea78eb4bd9c77377884b46616b3a824f2948886504e5f039acbae8753f02ea7a3de7d96ec431cdb3781bf208fc2afc3f0c751bab76921b9b69182061186e49f4cf4a5ccf67b14ea456a71f5ddf81fc69a56836e56f6d58cccd86922894fcb8e3ad72baa69375e1fb8586ea2092326769e78cff00f5aaac70f9b3212162466037370054c8a84ddef63e96f86ba9c7e3b2db24586ca0cbb17077f07eee074af7cb39e2558b6b87c800367af15f16f85358d37c290cd247afc96933f516aac4b0c74e3deba8d1ff0068cbdd175e43248faae94c007f3936bc64f529571f75686b28f3ee7d66da822c8ab9c023ef669ab7825e1581ae634dbe8355b182f6da5324570032f07a55b1e65ae5ceef2c0c9dbe9553977473bc3eba9ab71787cc5006063ad437173b46588ae634df110d45a6318536eb260377ad092e3cf8c8ce697341ab3dcca5171d2e64f8a275f21d5cc45410dbbbfd2bcb7c6f3c5178675b7180cd6ce37e7d702bb7f15ea015adc0c18f692769ea4f4fe46bcebc6da85bcde1dbfb76e095c88c756f6a8f67adc7465af2a3c7ed90470af940fdd039eb5a70a796b9c9c7f7ab34cbb9b85f2ffd9c74ab2b78cb094f9ba71c55ab456bb9ed45ca1112fbe563c9391c67bd62cad23300c38fe5576e6e3e62f211cf02b3cb973c922a1cb98e6d652b8e3f2c6ca467754b1c4a90a2818a89a2765e8781f9d2abb4601efe94fa5a2696d05930aca39e9c9a48d55a419c6285cb29dd8ebc537eeb77a4dcac29685b9e78a1841523fe03514aa2ea10540dd55e4dad9c63a734aaa760ec3fba28bab6c52925d4a723796c17aeda92d66f9f1b79c66ac456e1a025906718e9553cc31c9c74029caf15a06adea5afb4091882307bd24ac63e9d2aab4c5db8a9554f539c9a727ccac672507a024c236e4f07fbd534339f9a3c633fad41330440b9e68b763f789ebeb52d5b717c1b133fca0819c57a07c2791a5b7b98b2c634f94e47727b5703e589a32ca430ef5d97c36b896cee2ea0053cb900708c79ebdab58cacec8895ea6e7b27872266b968fce55c0dc17dea0f8bd6226f04ceccf911cb190bb47049c67d7350787f371a95c452ee8d9503fd79c7f5addf8836ada8fc33d65554b4d12898b74f90119fd335acbe1e667168a7a1e19a6ac9bb0a491dab756de568b907776f7ac7d176c68acaa41007deadf86e0dc2ef04735e54d7b57be87ab09adaf633564fb34d14ce1b0a79dbd7a11fd6a9492196e1980e1893f2fb9ad09201cee39155248c4120c0eb5cd28460ee9dd952e64f464cb6caca36923029b35a07c9ce47fb54d8a7dac54e466a7933b55900231f76ad273dd1abf796aac636ab6e8cc4b2a664c01c5646a3a2acb82a369038ec2bb18e30d16780d8e95427b7f397ae3e957cce3b239a51e6d0e02e2ce685c234647191c75aac33dabbe9b4f5994a60b061d7d2b32ebc26cf19921748c8c008c7afe95ad3a8a5ab662e2fec9cbc7b972dfe4d0bba66c7b7a56c49e1dbb8ce711ed039dac4d5b8f416041dc1b8e56baa3563d186bb31349d1fecf1bbce15ddb1818fbb8f7ad192c55867772c3f86add9c6162c64138a9a3c314f31719f97e5a995495b446b156d12208eccc718209e9838a586d4a83dc673f354ed2246ee158955f6a58f332e47009ac6152cda6ae128f90d58cacc092300703d4d4e58ce8554852deb51c703cd3f9463385e72d492fdef940f7ac5b527733e5eac679262cae7208e6ab5e4823f95491c55a91843034a4fc8a326b2e468ae660c59b6b0a536e48ae68ca362b4d3150fdd08c1aa97123de491f985a5551805cf4a9b586489516207fddce6a9c72ed5209c1c57461a0ad76617ee497128863f2c0078a6d9c7b54cac015aa924d24cd803fe055663b7e99e315db656b9aa8f32d4b4aa14108301b9db4bb4b630c41a6c30f96dbd8e78e29f1b08db730ce4d44a315a90e9ce3f0934520540c725cd3d9b76cf42734c8fcd9d5d828c714a7e6931c1fe1ad54e325b682f7e2f6d09da0f2e4c960a845535679243b4eec54b265b2c7271c6df6a993cb923122e46e153ed3ecf436e66e3a0c5b47c6f2c23fc0d4f6f6ade56e2413486710aa9941da3f8979cd5ab7b8492dc14e030ddf355f3456e4c63cc8857746c075cf4ab70c86407009207dda859d23519e4d16b24d1ee700006b2a8e9b3ad72c7565a69fcd8c60118fe16a5b8944ea1cc4a587391d6a8b6a08d36c246ea59af96060ac1886fe25acdb71d6d7460e57d2fa12b5c99576838c0e2a3563b32e71b7fbd48f3222e570491cb66a8dcceccbf2938cd74f3de3b590595f624595a66ddbce178db9a7c7248a46ec6d1fddaad0e238d8e3000cf4eb4ff0038ed2ca36b1ae552839d916ac97ba89ee2e4160153b5321dad31db1f4ead512ab32e5c81ba9d6b3cf6f74c62884b12ae4eeaee5a2b3447327a48b8b991b63f0dd8d246df2827a7f7a9eb7c56dbe653e66795c74a64919c9110f357ad438c7aad46a9c7743f716f3407f9481b4e31da9557773c0ff6bd6a5f2cf96b9c70314c9a4496dc301f2a8e196a6ef639aa4f5458d3ee6356e086057674c73575647b390cb1360edc6dfe5556de458ec80745703fd5eee3ebdaa369e4966c602823855ad2696e8e99559f29a775be7b550ccdce4ecce76d334f5692de5e182edc1ddf4a8a3b96fb3aaa8f9875df4dd3e46fb579bd09186461d6a235251d519c251bdda2c69b088d5d25319423036f5abd7491436b03403f78bfc2aa322aac8db64036edfe2e29c973e5c7b4c7f3638e7835abadcd1b232a955295a258b0d5249ee0a9da3039dc3a574ff681a7d92c93c8aaa4642e7d6b904f2fcb2571e613f356b43225e0885c446738c0dd92457345dbd4568ccdd8a46fb3cb3452118e76af35e8da4dcafd94491a92fe4a965038e95e771c09128450047b71b16ba2d1b563a6dadd2eeddc0da8a3247047f9fa5752e76aed152a6e2b4d11de699a94b71c91b31f2ed535bcb72f1db1cb38c2e76e78c8af33b4d4bfb442483747301f3609ae974bd5a49d658993688c0f9f3ebffeaada9c935aab129d44fdd67b1e95a8f9f6ebb8295f2531b7d715d48f1c26db7b42915bdac6429790e49af21d37559ede14deb1b441728c3827dbf9d6f69ba90d426dad13051187283dfa5696a31f793d4f4284937667d27e10d6bfb36cede459a368465c489feac93ed9e95ec9e1bf1d697e238ce912aa321847dfc18df3d7af3eb5f20f8475e974ddc04523db643f965b8f7af67d2bc4da7d9c89730b5bb90a87c8f933f4e69f2c671d7535a907d114be387c219bc1ba836bda44524da14ab97441fea0f43f871dabc97fd6a97e4678afb1a3f1345e2cd3decda0f2ad6e6228f0c80648c723838af97fe216827c1daf4b64db4479f323ed90c4e00fcabc9a9154e5771392b50e7499cbdd4a6382590ede7a375c5472492cdf2038247de5a92e638e68d9725558534342b2025977018e48cd671e597bc9687952a693b95dbf7119f309200ceec6696d9d6e94aa065da3ef371512c8f2eececc0383cd3f6b4719108593775dcdd2b0737cd6e84ca3ccb71f2452b6d385181eb4fb28ff007d991b93c726a082668dcc6d80b9ab5e427991ef50ddc56d4e5172d4da953947de93d0d755f261dc9cf183835684f24967122b8dca3e65cd57b5583cbb78f6e181fe2fceb50cb1c3098db0b819e95afbd7db437e6e6f796c3776d53e5aab1236fcc48eded5651a4f33276f964763d2b3bcc122feeb7641f9b8f5a9ed64e369fc2af9d4bdd56396553da3d8d6b5923f27ccdddbd738a64b224918724b9078565c8a8563582064e162232573d2991f9de6465915ad24180db8020f39a9768e8d98cb9d6b025be924b936f860a049caa8000159d78f14f70fb36e63e9deaffda22889846495046e6f5ed556fae2358c0651e6e368e39a6a315139ad3a8eecccbab3926512c616438c6d738c54291dd490340709cf557ed4fba5766e301d40f9b3eb54e766915b96048e76544f9396c9d99afbaecefa8b7b198c212ecf818ddd715977512ee3b9403ce768e6adcd23476e1518820643551bcd4208d73712912374dc3ad716bb4a5a1d34dfb46aecf819bc75a74612789e67c124c6d114c8fa9ad69fc75a7ac30a441603245bf74dfc27d07ad7bfeaba7d84b1ed5d3edee2165d852e6043b707ff00d5593ad69da5de4690cba1e9ed2edd85fece99083b6715d9888dd9d7531728a4a28f04b8f136eb8b282cee619e591ff7bbb9e00ab1a458eafe2cd48c3a35ac97d71e680cf183e5a679e5fa0fc6bd874bf08e8375e4bb786349f350ef1235aa06ebc73f515db58589d2f4ff00b3da44b636f1e710c2bb07e95cd184becb32589925792b183e11f82ba66936b136ace6fb5752246f9898d7d80cfeb5d218c2ea588c050ad81b78c607f8d363b7beb8ba05ae6681997eea1c640fff005d6ce9fa57f66c7e6b32b173cb31e69c6328bf7874eb4b9ae91a5636cab146239b7b91cab3723f0a8afe110c4e086c37071e9534114d0932e7ca2ddd291a00d0319f3267fbd5d0dbe9b1b5493aba4d6a624766226578892dcb73ef576dee9a1902b82c319dcbdaa558155ba622071f4ab9711c51b2f950a3ca070edc54ca1cdac4e5519c3646535c3c9200c42a0c93918ed55a5d52196e36db99242a3e6e309fceadac08d21f3e47556ebb7a0a6c1a59923611052a0125d78cd65ec613f766ce4e6e496a656a1aace811e18d0bc673b1fbd67b78b25dd3ef8e3881036ae7eefe3deba6baf0e413dc2cc65650106f8507538f7aada5e86d66f24e5e368e58c0c48bcf539aea51a7156e8755a757e17a1561b796e02182519233bb3c56e416de5c91c59565031bc8e7de9de4a2c92040a3e5fbaa3151c99590639fc6b2b425a0e519d1d3a13b5bab4c5a291860636af4a59a3f3a284bb6e922fe26eb444a5a404602e39a9514f9733100e3a6def551872fc24e8dea436d1ee270d81fddf5ab2b046e5948e76906b261dda74cc58ffac627e53c0ad5864170a46ec71cfbd64e5183d56a250877182c62ba91b780d185e17273fa5547f0cd97d94b34f708eb93bbccf93f2adcb158a25d8bf2b11565ad61995958160c3056b295a72d052726f96291e7eb249a6dd3c458322f21b9e6bacd37505b88d8cd0a61971b739edef5cef88b4c96d668e75566b6231b739c557d2669a48e72a303200e7da938ca9cd5c949decc83529e7d5b5262228e3118f2c322f619ea6a2d2b569f4f92489647da7fb8dd0d6cc36efe4b29017354efac769d8ab1e58024d7abcd08c53ea53a8a0ac8d1b7be17de526d6f3338dc4f5e335797646b83f37a5676976ab671fac84e771ad24649948c1ca8c96ac1cadd0e38d69296a44b106c8ec69de4bc71e481c7f0e691251bb9386ff6692495785cb3923f8ab5d251b5c2353ded0735cf98a471fe155a562abbb1c669eea225cf1cd55b8b9db085de436785a8518c4e9529c5a76269240aa18119c7dd5a9b45ba3be500120e096ace92e42c58c83c7ddcd66d8f9ad33c8494ce3e553d2a25cb277b0a74d543b2bad5570502e40fe26f5acb5b979242573f9d52580c91b6d2391cd55babebab304c581b5491df3c50eaf44552a76f76c6adc5abaaf9bf2e49f5008ac5d77c59a4e8368b2ddea10231e1421de7f4e95e29e38d3757f106a4d789ad488927fcb091e440bf4db5c45c7c39d5af2760baa59346a813e7b87427f03d6b29294b5b9ed51c261dabd4958f55f187c42f0e58ccb2c36704f7f247e6167846593ea3e95c6597c6a3e1d0d63a3595ac16f345995961d9b6439ea075ae5edbe15cf248de76ad6d12aaeddd1e65c63f4fd6b7f47f85be19b6b957bcd4354bf2065920c203d4fe5f8d73ca8cea6eec68a580a2ed6b985ad7c66f14cd7919835eb8b655c6150ece7e9542ebe2178b3c4d3b69e357d42f637408d0c3939ee72457b7e93f0d741b1b88d2c7c376b3b48a36ff006812f9fae735d90d22f747b5630db585acad81ba003031eb8158ba2a2ad23778c82b7b181f299d17c577d00ff8946a92dbafca3f727e9fd2bd4be11fc39d7b4f5fb55f4a2deda75cad948dc83d32476ef5e9d0e8b3c8ad35edc1331079593627e75b3656725a0f3098d971b73e6127f3c56bf02d0e4ab8875d6daf9181378665b38018b6eddd9391c0aa771e1f4bc98976608473b3ae6ba6bad6a082397cc7c05ebb854f0c692420a74906738eb5b41f36c8f36785e6d648f17f147c0db5f125fadd7f6bdd5bb85f2c2b283803a7f5fceb969be13f8b3c3d330b2d42ce58631f2bef7f9b9f4afa47fb1e0ba0e25855d7fdb1fca922d3a2823784c6a508c6dc715d3f02b994a9c69bf74f8e7c6be05f15c7ac2dd6afa6cd7511ca2b5921906d1d381d3359163f0ffc41e28d596db4fd1eed037ddf3e3640074c9cf4afb7ecec52de6ddd531c6de314cbdb936ea36bb6d1d2a255dc97c22e7e77cb7b1f297fc3347899586fb9b055da0eef3b3cfa6315a1a7fecdafe7c62fb5d8d226ebe440c48fcff0afa28dacf7170a7ca0233ef56a3d16de668e5b84f308e818f1511aeef668d629c754ccef06f87ffe11df0c69960b70f791db290249b1bc8cf1d07e159df10bc549a6d8cd630cc45e4a8432c7f7d41e2ba5f117882d7c27a2cb7b3e3a6c86351f79ebc0354d49f59bcb8bdbb62f3c872db8741db8ad1c9493b94b9e6eed9d6f84ee4adb95524349c32f718aec60bc65390dcd79ff00872e205db22e5484d8371efc67f957530de0f386c0f8efbba1aca953d49946da228f8a195a0de517f75dcf07e95e4ff10b53fb3dac662c99664d8aaa381cf5cd779e339c5c0fb56d0b1c6402bbba9e9d2bc63e216a067d4618d2e372471fcd0a372a4d68d5854294b9eed1850485572cdce7bd4fe7fca327ad676e3b70a327b6eab134d12a8191d3d6a634dbd6c7b2e7182b2d08eed628db796524f4cd549252e50a0057bd49330f2f9e4fa537c912af1f2edfe1cd4df5b339b77724f3196448f7fdee00cd13e63c80724545e52ef0fdc5279be7c80647fc0ab58eaec8d3da12fcd8e2a2919b72f606ac8dabdb9fad27cbe6608193fc55728e9a99ca57dc87cbf9b9ef434a216d990062a5b884e1593823f89aabc88ae49fbc475acd46fb20524b4448b2cbb94a104765a75c7ef3736d0580ce0522b065079c8fe1a748a1886e338c5351e5d19ac545eb7339bae6ad40a7cb209078e2a09976b6318a48f0580271e950e3aec6334afa133da9fbc4fe14d69f98c72028c53e46dccbb24c83db3d2a0923f2df079fad16912fdd5765a87114983c67a64d6ff8635a5d37584690aa2b4650b9ff003ed5cc491b49f385e315a16b3ac76991f780e334a34ddefd43492d0f6fd0f558a7b9495ff78180daea71bb35e9564a9ac69f776586559e17824566c70c87bd7ce9e09f11332dbc370722391538e303b1af71f0deaa24ba62e49046d3b7b1cff9fcebad5aa4795ee79f2a7184ee786e9f0cf0df981a365963728fcfa71fe15d40c2c3b540191fc3478af4d3a678db52c72266f3973dc37ff5c54d15b7eef18e40af26b45d3763ba3692ba336e233042c4a1604541ae5d452dbd93440aed054a71c7d6b5a7b55ddbd998103a678ac4be8965cf99c0cfde06b9a297da3a115965dacbd085eb5605e1da16342c49fe1aaeb6bfb9dc194ae31d7ad3adf744dc8c0edcd2827734567d0b9e595525ba1a8645f94051f5a7991d979391f7bad27da7cb24b91d302aa52949d90e56bfba1e646c76807006297cb49180038a259896078e9f7a963999bcb0c147fb557e4d0a5376b2891adbfef3192a87af1524d6a9e500a32781e95619164ca86da71d41a864b7287617071fc55a38c69a5730e593dd59902c3e5e2355038a8f6b47363049153ac8154ee1cff7a9a92b5cc87838ce0328ae9551a8d857b2d3721d85d999c3126a6864755236fca0f1baa778c467cb620ffb54e0c235e795ed5cfa49dad6660df36fb8d695a1542d819aa724415498c1c0eb493c01866324b7f77355a651149f37facc52e47077dca5751b323ba9c2a3a7278208ac899f6c2ae8a40e836e2acdc4855b208c3554bdbe8a58e3842ed1167b707815d308abddee25a6e8ac3748b9979f56aaf79feac98874eb479be563a1cd39658dd4ae39ff0066bb2d240a447671fcd993a91eb562de532ee0c57838da87daabedf997a9edf2d5b5b31106c0500d4c9c932799ad4b0b26e5da3a540e268dbe65e3fd9a7a45e5f0c4107fbb526edadc74a7cae5d0e98c9f2ec2c7348bc1575523f8ba55a8946d2dd0f6aa8d305fbdcd496cd24c0f1f281c74a9d22ac385577b58b0ecac36be41229927cb0aa838038a8db73381d852cf03311b4330c76aca51bebb9954e6d2c8705e91bf4fef55bb57f3610178c55368d9648c30038cd5f1188228d0606e19db9e944a2da239649dee2de347e52b9c061d36f7a6adc0923210e29927ca9b5b041a86491235f9401c63e5add518f2de40e7c8d7b444de608d0f38cf5aa9279724a49e7fdaa556f359b238a3e555da7006376ecd74455351b6e75a95d5e9892b15c11cff00b34f593cd8c0f941c7ad4512fef08cfcb8eb52955fbe30dc7dd5ae56ddf431929c95d1148db9b6316005694702cd18c75c567470ed626451cd598d8c4bb5090718dd45bb19c2328bbb093f77260fddc55db761e4111019c567dd6f91e2552cdebc54a1c491795958bd69ca4dbb48be6be96246b733b9ce70396f6a921d8b1ec0cdf28aaf1b058d865b1f7beb4e58475076fad69caa2ae9895e2ad22682e4b213d87bf5ab0635960f2c4ab103edd4539a085a02136e0af0beb5523896d6e63cc6642c08db9e0528d9bba45c29f3bba26b6c59b2c658b467aefa9a4558e4df9e08fca92da41246eb3796a5870a79a62c124971292a597aeeec6b5a92a6d6f665d4a9522b95c6e4b6f2058ccfbd8e391cf5a5b7904a5a458ca83d7d3345bc6595e2119f2971f32f6e69bf684955c93fbb5ea8fc573dd6c614a5257f74d24d52056f25a262fb71b4608a6cac8d0e00e00c0db510904eb96d8060636fa5115b40cadb589ddfc5bba576412e5ba36b38eaa210660b80a57233f757d2ba1b7ba8e18c98f2081deb123b68636591cc9201d95b19fc6af6977368ac65d8fbd8ff00ab926df820d70c9394b98e5d69caf265f79dee2504190051cef90f3cd6e58df5958dacebe74892c8403e580e41c75f4e2b064b92d7d24e157ca382158fe75ad7df65d434cb4998186f0b1f30a1ea07afe95d3cd6491d74f10e5a495cd1d32fa44682d9e791ce0b33b704575ba46aec923451c8080b929fc8d79a5b3082e936e5b231bf39ae874fd4becf7c10c6a32301fcca75399c6d60942fb2b1e8307898c77d15b3c9216688ed552027d79fa56f5bf8b2ed6cfc80a5662d8f3138e3f3af2fba9cc8ec1b2bc6d058d7436baf4367346ac8cca47cccbfc3f415cd1a6a3f19be1e945743d4b4dd7b5b82cded85e18a2c11b5461cfe35e99a0f8c20b58ec8cf04725c6103bb1c804e07afd0d7867877583a84630c76b7215dc657a839fcabd0743bc874fb494324770490eade9dabd08d54d72d8aa9271767a9f437867c4172d22cd653c33cb1938456ce33c722bd0fc51a2afc4ef0aa493d85aa6af08cc120032403ca7b720f7af997c33aa59caa678e2d9206c975ea39e2bdd3e1f78a352be84c52451bc2abf24ea48273edd2aea53e68dd0aea4ae787dc5acd05c4d6b72af05cc2764a8e3055fe954e41e4b20219f3f2ee415ed3f1abc131cfa6c3e25d39144e0a25faaf561c61feb9e0d78b4d1f9729c9e3b3b74af1dca37b1c1569477285c79db98ab14e7eed58b7630479e4e793b8d3618ede5924f358895c6d5cf4cd48b1ee611965c9e0a67fa572c65ef5a470f3454ad52561bfeb187ca0835a30319a31ce78c75acd89a44bdda8aaca46cc371cd5ed92c3fea8703a856c57446a732b44e8a92e68fb9a9b50c6d1daa9424be39ddd6acb4c3ecc08449371c12c391f8d674378cb2b0ce5790370a3ce451912658f55c1a98c6af36b230a14d4aea5b9723b886098eee3cc5f5c9c8e94c499a48bce129073eb9f6e954b688ee89600e57ae6a612c31aee39233eb5d328a6eeb7329465cdca9a36209c7945d2466e368dff008ff8d492b2f9670471d029accb39208b4d92e9236ce79df26726a659fcc877601c8fbb5c929f33e5349370f756e6bdc5e2c8c080a4b73f2fb565ea570db141901041f9540a92cfcd224450338cfdee0552bc631c917ee8313fc4cdd2a39a5e8632e76b9648acd0cacb248720b0c9fa01502e6652a32188fceaf9d493cbf2bca014c643362aad9d9453c6c6143be35e3b12694e2e51d15c51a7ece494514e65fddee276803ef35675e5ccf326d0d88b1ebd6b4648da45f25e365c75ddd3a5655fa340c52378ca941f788c83cf3fa573b8bb2a6d6a7449aa724a4703a945671b34b0c7234e401e4b9f41c9acab7d0e7b992796f13ca594a6151b3b40ab7e7882137b7929d84fc8aa33c31ae63c43e258e5ba9234ba9502908bb4100e71e9555b9a9cb9dcae1394a9c9f56771a4e8fa7697c5bdb48d2c9f279de6e49ab62c615f3249555777215d801f95713a2f8919619920752216caae7192739cfb66b16c745d4358bc9e6957ed121ce1567c9073eff8d42c7d692b4507b694fe18dcf528750b48a196e038711039c0e956e4912786d186c1133677a9c802b9cd1fc3173f652970cd144ca0b2b3e771ff0022ba082d561862b551fb9030157bd54658876f68d58dfd9a4aeac3eeb534b88d962f9ba307ed4c919d61cf98dc0ddb7b542d00830a7a0a9919ee4e146715ea452b68f52dd4a71d5ee50b7d4229eeae63962532e770dc481fceadc72332e5c6dc7f0af4ae17c5dac5dd8f89b10411dc43e5a3eddbc67382323fcf35b71ead37d8d1994153f981e95cded142566ce7f6ae6f4763a38f4f8e759b92bb978f639ce6acf92b6f188e3958e463763159fa46bd65aadac0103249d4ee6cf38ad13224d24417695e9bb3cfb52ba93e68b33719c757a912affac8c12de67f17f4a735b884f96e0140b9c67ad2f926da45c0e475dd4e9a4326495e00fbd5bca537e48d294d6d32369d7cb0a1400070b549a30cbf2b12c473514da844c0edcf1cee15cf5c6ab7526a914301f263053e5cf27d7f4ada9d2d2e9dcd25caf5bdcea177e142edcf7dd531824dcaaaac4b0a8b48fdfb4acdd49000cf41f5ae82e316306e49082a064641e4fbd295e0fb19f2c5c6f7b1927474d41b126e8b83f37d2b2752b1b8d323f3ed8480003776c7bfd2badb099248c9620fab7ff5a9f25cdbcc1e24c48718ddea2b91295597bc66a8371ba679ede78b2f2cda3f21d559873e60e7f31d2ba0f0eead2de5b4d34cc3ce27846e78f5c9a9b52d2e6f2e558fcb198c98f8c9cfa5735a2eaa96f3186eb78c7c9951bb9a24a54de9b1cd4a528ced2367c4d2896d606670aaac7e4fef1c71fd6b3f41856f2423732955fe1fc8558d7bc9b68bcacb033746519aaf6f20d2ede494bac7b5705df8c0ad652e6b33bbda3768a2d5f4e6cd483eb8538eb5916770cd76d2b0ce49e6b3aeb5c935c9c4115c6f8a1c9fbb8cf4abf6f1a4ad82cc0ffb07a54c954e9aa30a94d4359336a39571eb5245236490783d57d6b3615656dbc05c75cd3e191a363ce6b68cbddd8a96163562a4cbb718dcb2290a41e77739a62ce1a0562067fd9154a6ba7907c9f82fad52fb64b808430939e369e6ad734e3a6814a8f2ee696a1711b202ae2394293b7239ae72f35e8eda1124ac5180c6ec719a4bfbc4501a4dd8fba594f35ccdf6b11347e4c98386de778fcab06dc1ea1594edcb13627d78f96183161eaa6badd374f9a5b58679088c491efdabce2bc626d68c56ed0852c79c74c0cfad77be07f10f893c4b67147652e9e23b38844cb7808048e074f6c50a4e4c74e12714ee74f268b35cc92086e5a253f367a8a17c3da95d0304f3c6c0023cc4719e86abb5bf8f626916d57c3a63618c3b4991efd7f9d4f0c9e3b48d93ecda03388b97de720fe78fd2bd0715cb7454f64db3357e1d855cdcda5a5ecbc64b9c8e3a5665efc3481a4899345d2a50a3f85cc7f98ef5be20f8832a49136a1a2412b0c0dc8703d30403ea7b524fa4f8e2e97ca8f57d0617c73fe8ce07e759462fa0395e36bd8c693c2f2d8b2aa695a5f9431f340d871cf6c8fad5b8f54834d8f79d3e48d0fee4bc7838a99b49f1ab4de5cfa9e8990bc325b3f5aa5a87847c5f791b5b43a8697211c9fdc94079e39a39527ef6e6109414acddc9e3f1569ef32932cb111d1de23d6b534bf176937d3986defe179b04346e761fc8d7117ff0dfc5de4b017fa4a5c30e170405ae3f50f827e2a9afbed373abe93e70c1f3111c90474ac67874dddc8e9e68df73dab50d3a2d72d7cb97779479dd1b01cd4fa6e8bfd9fa7c5022c854648693be6bc1ee3c03e3fd3ecef271e2f9ccb0b078a0849f2cf3d89f6a5b7baf8a1a49894f8ad6580f0c97232718fa544a838ebcda19a4b9bdd7a9ec77da6bc9349e6471803a6dc54f62b2b5dc592a102f21bd2b85d0bc79756b1c9fdbbe64e33947823c67f0abb6fe3ed3752d4ce61bbb738f91d80c631d7dbbd64d5d59337e4a96d59de47004e0b022b22f9beccac2107748768c76aa3ff0945b4b6e4adc0704606d2339fe748ba925cc5e6a1dd9f6a5cb24ad1d45650dcb02778e05c062cc3938a48e192423746e39fbcc2b91d4bc1779ae5ccb713788350832498d2df1f2f39c7514f87e192ccb1b5f788b58be0413b649c8c1fc0ff9c56ae368ee6329c3b1d9181f6b02acbc7f171fcea9f9bb63c2b7fc077f4ae5e4f85f612619b56d51a4c1055ee0b8fd6aa37c3bb1f2cc46eae81d9b03b11c51caa4b4b8f9a36b5b430be276a7773eab0c334f21b616e088fb292791efc62bcb75094fdb99959c0c001bfcfbd743e22d3d74c912192e8c92853f3a499c8191cd71b75a81661b8f4ed584a4d3e5ea5c39a2b4d8ecbc1b21f35a4662db7702b9f51c71f81aebae35616e3a10a064b30ae03c397c8b6e4a961bb04ab0c64f34fd63c58b1dbbb4b26d894125517ad6b194bb96e57f8771bf10bc65069fa79853cb9e49790b9e457925e4df689d24007ef141638ef4b797d3ebd7885860293d7a2826abdf7eee431ee2bb693bdce88f3fda2e0f2e2e465c11c546f18ea076a19d7e5c852474a82e19e69b3c2ae31b53d315aaa925a266b24e5d46dd32edc0eb442db80cf5a8998b37038029b11018b1078a98c6fab771453bf2ad4b7e5ee6e87e5a8da2fdf020103beda7c6c597b8c8e1aa069248e4c06ab437174dea5d93098032d91e951c8a598484718a911b72f3c9a633aae3736dc7bd3751c4ce72bfa04d71ba1e010d8aa2bbd7a640ab3248bd5483c7dda8a390ee24fa7dda509b6f545f2a92ba64b1c9f26483f28ce2a48dfcc3ed551a4063180770ea6acc122ac41b6e69b7cac21ce82ea2495f7a9c2a8e6a9b7de3b7a76ad1871ced181e95527b70b92bc63aae6b0a9295f4138bbdda214cee1838f7a7cc0061839f5151b02a7d0d2f5507355cda6e68a2ac59593cc876a7cb8aabc8e0920679a9a12aa396c71cd45dc9ea3deb38ce77ba663d4d5d3e67b79a371332c78c90bdebdd7c0dac4570d6170b2298668b0dbdb9ce31fcebe7db59be63bdf000c62bb0f04ebd15ade259c9b85bb65c37401b19c67b54bad372329c1d4d99e97f12a25b9f10595c6080d6fe4b1dfdc1acb8a50b0e541c81815d178b245d7bc27652dbc2d05c46e26917bedc10793f5ae434f991620096623f89a94e2a4eecde1eeab326fb52c9c10eaddf70c5572f1c2b70248bcd668f6ad49230b92814498079dc38a64eab0c7b9800074dd5cd529c5ad197ccac632af96c517206795a74cdf329da71deac4d1ef7f354d32489a40a576fbaf7ace2fa234e6e656445b9ee5a58d130b8f5c54ab12490f952024ffb551c2d24678f9477ab11462494960300706adb51d3a9a2927ee6c412462de1240ce070ab5247ba48230ca14ffb357562492de4604f1cf4a48d449b463283a9635ac6724b623adac560a6dcf52455a96613affab3923ef7ad4b0dac730def260ff729b246de60daa707bd6b29de3ef231a916b5dca8248a453091b5b070def4fd3e15d8cbe61f307cc338e7da9cd6dba3ceec4b9fe1151edf988c7cddeb96359dedd0c1735f6d08cc832ff74b776a62ee8940ea298536be4715179c642e3b038ae894aeae8af7dec0d2fde650491d16b39b74d3658f6c55c657865c1185237550d418c6a5d7240e4ed3446337b9b24d6e41a96d80100ab647f0f515837520fbc738cd685c5e7da225254e7eb5424dac00c715d10a334f57a1cd353bdd0d560ca08e476a48a0392c085c7f0af7a50ac645006131536d0a700e6bba338ad0d63513f76411a3658e0e07f155d551208ce79c721875a885b336d01f03bd4ad016638276d6151f33d0892f7ad609f319e46140fcea4b7804adbb246454175b9820ce703d7ad3ecd994e194e40c8a9bcad68b348c79361d2d9a6ece48f5ab2b308790d818fbca69bb7ce6c640a8bcbf30019040ebb4f06a22e517aa06e49ea8b5f2afcc3e73fdda9ad5bb90013ed500d8a038a62cd2c6433ed03a8dbe95b734bac6c5e91d532ddc426394162b8c718aa9b8433923058ff12d43248cec7249069d6ebb9b0082a3a9cd2e54f5b98b9392badcb0b22330cfdf3551265f30a118cf3b5a9f7116e6f94903b1a87ca58d8f3f352bbbdae428c9fc634b18ef1dbcd210818cfe14f9260a14372186777a544cb24b1e1b0bfeed4ab1ee68f91c0c5652baea3b4d2f745b7912e1095242fad317cd590a348dc9e1d476a9cc3e77991a9c05feef4a85564551bb93debb694a2a3ac821293d1965776d3ba42d81fc5534126e8d9581e3f88557858eee87a66adae1971d3359fb4b3bc4d15392d6e4465f2660002770fbcd53471b3f2f827a7cb448a23eb219323ab1a7594ebb361183d4b3529dea6e6aa2ed720685a36ce46cfeed4f0aacc706465c8fbb4d92705b208287a3523479601ba7b511a6fb98eb276b9621b811c71a9381fde5a2e27852659419038e99e86a1918491055006d233bbe953cf134d1c450a91b429e6aaf28e9134f6b2a2edd04662cc1b236e3ee8353dacec819558e48fcaa95ac615f6c8db3eb56adfcb512a872d301c0c719acdc53dd1b2a9cda97605960b7392412b938ea6aac7223477a1f3fbc51b5db93fe7351c924b731f0705781b7a548b66648067123743b456b08ddf91327a69b8b24337907c9e36f5dbde9966775c206c81da9219ae998a200a4f056418a7c71982e732206c72190e452929474523184a76f79971bcb96ed0b4a41886de98eb577fb35a487746ca71273cf6aa856dee641234cea4818057356a3f3a4ba10c0ff00bb946c2cdc76273fa5472493bdcce54a337765adc6251023edc0fbce2afc322dac23ce7dc189016b0da1be9a4798b290b94d8c002307f5abb6b35c79c60942baed1b768e050eacaeae6feed38a459b1565bd7f324edf28c9ff003e95b66346b53e61e41e18fd6b9db8df35d20888825ce3703806b57ecf2edd8cea245f5e45757b4f69127e3dd975af1d238cb92d021e7be6b7bfb48dd347270c8ca08e481d2b8c8e2b9b90dbe630c7b7e64c719ad8b5d48dbdbc30ec562800dec703159b927d4ba6a7bad8f44d3a5b692ea1944a6dae15784cf5aed743d42c9a31335ea88fb2f9bc03ef5e59a6dcc5793797c9703ef2f4e7b568e9b75e45f88da2255482593078c71de945c612f7ae294a359abbb33dbfc33a959c73dd08aeb609473b9b00e39e3f3af41f05f8826b19249ac6e64668c06015b29d7a107e95e11a6eb114b6bbb2d1124801715ddf83753914b450ddb33e41f2e40003804f5aee954fe536e654d59aba3eb9f0cf8c1af2ce237b1c6f6f716df3221df92011faf1c5785fc48d06ebc37ab01359f9563365e093fa1c70315b3e13d7616f22c6431c0d8e194f04f7c57a8f88347b7f1e783e6b4bc9859cf0ae2191589cbe0f54f4af32bd36f58ee572d3a8b447cc77d199381954f55aa53598963daf1eec9cee65e735bb796335adfc96eeb89630095f4cd4126e89f23923ad797774da5519e36228464f543ac18c02208197031893ad5b92d9de43330063272771e9595f6878a625e5050f3cd69dab6eb7c090f249ae8bc29abc5dc5171a71b44bcaff002c481c8ddc0cf6a9ce6de74470ce08de580e9556397702b8000e3e5a94299a00ad7055b181bb9ad29b735691a53b4fdd5b9219d570e55ca9e3814aac19e34076c6df2e5aa3f25becef86cf9679e78cff009355fed0f3cb12fc88a4ff0008cd44e52a4ed067356c3ce32bdf4363c81043e52cb95ea7df8a80dc4f146b80a71eff00d2959a3fb20314cc65ce3663355a5d90b869c0dddb6f3452a8efa8df272ddbd4d696f1da40d1b95888e57ad5791c491e373861c2ed5e87eb55d6631c7bb72e71c77a9e387ced9e78da073d3ad61560e6ef7762610b2e6b90c6a6d6e145c31994b8fbd9e0628d4248a4c49140b11dbc321393fafb532ff3e5dc081c094021171fe3543cf16b889919d82e49cfad6d4ec969a1ba9fb357487dd62458994b444727e6ce4e31fe358f7bb99984ca774aa006618e067fc6b4cc86e1b6a29c8f9be6acabfbaba60aab2b232b1caa81594b9e7f0151a952a6af53e7bf10f8aae7ccb789a558ed6363b768392063afaf4ace9967b8115e4a19a262086db8e3b559bef0cea5677e10d9cd38cf2d1af983fa715d35b68b71796ec9708c8dc653cae83fa573d6a9cfa416a72d5c428bb5bf039db68669af730cd1c11c9c96db839ff3fceba1d07c1a6f2469d26b8432360cdbfeef1cf153e97a3c363b94289a5e7e7750481935d1e8ed1d88997690c578446c7e95cf4e9d452bc91b509c5bd6e6c5bda8b011fcef28031973926adc3379659a3504e33f377aa56fa8099b80c31c7b74ab31cd1c914cd2b05312efdfea2bd99a8f21a54a37bb8ec3159e48dae27dc8719db83599713dcc11dc5e5b4f20f2d09298c62b4ed7507be863f93cb5c9f998f5aced77cdb9b49a06b8115b9043f1db8ac7dde4b9e44a1ecdaeacf3fbfba13de3104b311cf39e7bd6c69fad3da8d91ed559001b9c6707a715cfcd6fe46f54c6f030af8e3f2ab16f0c92804c9bbfdd18af1eb734bc8f422972abad7c8f45d2eccc906e8fca8e7c7de5183c7af14eb986fe2562b0c72953b8375ac5f0bcd32dfaa99e66590e0a6ee3a75fd2bb2dbbd4202467f896bd4c2f3463692b9ade4dda27371f8be4b799849a54b2061f33a7c9823f4fd6b1b50f1ecf71f684485e3b7ce0a3b207c77e95d74da40ca2ca5a619de55c601ae33c43a1ae9ba92cb1411c4926ef9608f0180e467debd5a7454bde9685b738af7916ec6e1eeac219edf0fb8708c7a738c567e97a9ab6b5035d179e533797e5c20679e3d7b0354cadde99730b46648cc6a5fcbce303e95bbe09f079b5d486af74f3032179123c0e4939e4d6b272a6ac98a2bed389e856367b55a110b2296277e299a842905abb9906e8c67fdef6c568c3285b5cb7cbdcedac1f115e451b208f2c76820b1f7e78ae27ced5ed73095a52ba8dd0fd3656fb1acb82d260fdd1d7d2af473476c41930acdeb5069ac5172d8c6dfccd606bda83f996e8930e392db8751c62b18f34fe1468a5cab446beb1a84b05fdb460ff00ac4c6cc7bf5ac9d53c39f6af107dba29b6439e5147a0a816fbfb5758b39a7b88d0c6c0044ea79c9ad2d6f58874f50dc8939023619cd6dcb67a98f33ea50d43525b58d9ae25697cb3f2fcb93fa5655e2de6b9e42c70edb5c659dbdfff00ad56e1b67d4e4cdcc41a320fcae38fcab6fca5db8c2a8c602e2afd9c656b68118f34aed99365e1d86c6ee465c483680368ed57dade2524ac48849e702b4d6ccc918759a35047f10ef4d5b5f22e1d19fcce3ef57445538a36f66aeb98cd31855e07fc0a9bb7c95254e49ec474ad5fb0f9f1ca02f0072d8e955469acb939763ce38c56128c5fc3a15269bee8a5132dbed7913007f1566deea667e48008e8b9ad4d4f4f66daca4e573f29ae6350692c599a6c100f25074ae79536f76673bc5e8cafa95afda2d4b18836d20e14735e5fe31d424b6d600858f94d1a3945031e9d7f0aded7bc5f3dd0b8b6b776822240dea304e3dabcbf5abcb886e95a525d59b1bcb75fc2b4e45cbdd9bc2f25a9d5433c5716e651c657258f0457a67c159a49f48be7565987dabcbddec101e3f126bc4adeeb6dbe4b16561fc278c57ba7c05fdf7856e25531616e1d1b68e7a0ae5a69a96a85529da174cf4e865f27e723248c6dc54f0cc17ccc843b872845416b30f364565c8ed4b22a6e2d96cf1debd292692491c508595d9664db246091823a551693cb9785078a7cd31d9c1c0a882ee525985445ca9bb5852bf464a24f339640a7b739a1a458f9aa1246656562edb47f0e69f6f0aac4d19663dfe635acad6e66b5329f3b5eea12e231e5999467039aafe445784b7cc01ea2ae2b4732b4678cf1549d5229888f3c75acf995ef234a7096f6d4ad75a6412068c2b2291f792b99d534191a6692271c019593d2bb29245c0048154e58e369a50c328c00db5127af91d2a94b7ea79fea1a0a4dd533b7f8b1c63bd56b3f0ac519626352c4119438e2bd061b38e32e08caf53ba90451a3e511578c703b5649aa8f413727a6e7216fa0a45200136c60e76e739ad49a35f27cbd8305b3b80e95a378a15b700771fd6a8331f317756bcce3a233e5935625b595163e3a7d29ad78cce42f0a3fbc3ad246a3736da749b768350e2dbbb1c69cafaa1370db92796aab34ff007b6e4360d48d855c1e0d52d424f26d66db379326c3b5fd0e2b48ed636942db9e21f13b554fed388c56e1d42101e320671d73f8d7985d5e1f9c6c218f39cd77bf13e38d6f2ca44b879b087cc5ebb493debce2ea53231f97b7f157238b8caecde308f2d93346c355961b558005001ce79cd67788754992209e69dd2821941e31dff3a5b59bf778c2273f7ab9e91def6e8f56791b81f5e945a1bdcaf62ae6968a8b1c52c8e376e036f1d304d52d424792e0c8c41ddd31d856a4a1ede18d01c85502b1ae5cb4cd9da47603a0ad14aeae75494631b16a4b90eb10c01850a7f2a88b156c005f8cd31a30cca4b00b8e94e674320f9be9472ab99692d86c8a37ae4e091d314d50639b6e073fde1c53ae17cc05c1ce383512ee9005069f2a4fdd46b1bb5a169a57ebb4547244cdf3a9fc29be5b777e00a219377ca467be6b5d45794f72c4727970e5f9a49245962391827a1a5e3690c4afa51b5768c1ce2b09c9c598caf6e548ad243e5a06c8a36968d9b2718f4cd4974fb5001dea1584b2e4114d49b571c60e28210dbbe55dd9e315342ccbbc63031c2d3ada3023c67e66a4561231248da3be6b4e56f537a7349d992acbe5b734d68d194e338efcd471b09a4c0233fed54df76323353522dee6b524a5a15241c9da38c75a8ab436ed520fdd239aa7347e5e31d2b37151d4e397623f7abb061a300638154b3dbb54d6d2ec6c038ad5b6f42945751369933c60e322a68c4b1ee1bbf878c75a2398336dea6997520f386d2471ce2b2e4b3d4c1fbb2ba3d83c1be2fb7f10e973693783c8ba68480dea3d7ebdea85a37d9e528df31538fcb8af3bb2965b431cd14a639e339575ea0d75361ac1d4e70ceea93679dd4a5786891d718dd5d9d746cbfc1823fd9a8ee238a7921f357e50dcee3c638a82dae3740a032b329c165153c889711953cf15cd523d915cb6d45bab6856631dbc6113a1503bfb564da4c6e09f2964c74dcc2acf2abe5fcd83c65455985648e3306efbab919e2a126ba17a49dd2b199796e6d8464b33b3f5e28823f9946e0323056b5248167850b64845c05f5aa2b10f2e4037019c0a395bd6e54a5ad9217cc6865d919dbc74c54d697ab2e576e40ebf5ab4ae8d6a4655588c7cc2a949f22b15c67d7156936ad108c79bd4b8acb32e002b47306118ee53fc4c6ab2bec507393e8b51c974eb212cc0af655ed453e66acc5ec656bb2591bca6383baa2170bf300accdfecf4a439914b860011c2d472308d432ed523fbdf78d6714efb1838c52eb72adc2bae5b7607fb551c6c769603229d70d2e370dacbf5aa734be540ac7e55c6735d31a6e3d4aa6adab23bcba2b09918e40fe1a6c76ab2681f6e92e562f318854c8e547047e86b1af6e8b4ea33ba26193b475a350bd91b4f82cd1888e125d40f539ff135a7bfd0c6acdf42b4d205e7208ecc2a38e413b1c0e00e69f0b46f1fce39ff006686b73b7e50707b74ad26a4e3a11ef05bcd1acde5bfa641ed52c6c8ac318c9e8cbdea95bc6b3b190820f6e6adc6de5c832463b714e2b4d51ac6969cc8b10dd46ca4960197aafa558b59239c9c9e7fbb55a560d19c11902a08e7312b6c3f31e3e5a7ef49e86d149ee6c5c7930a86230074dbef4d6823994329edd7b1aa8d34b2c7f3b0000ced5a77da24687f84f1fc54e09dc7e43a2f9989e7d36d0b1f96a39e00c734c8a519d8c7e63d299757063912262a14725aba15bb6a6528abd93b965633eb914dba946d2a4f2075f4a3cd4b7611cb208b233f35410cb148c599164005673928abb452718ad5112dd0f2f69c8f46a7da5e796cca47e98cd542c25e5548c1fbb53c690b3fccdf375d99aca2faa4715a6e5a6c4d70d24d20552557193b4f4eb514970bf692b86e00f989eb52dc485769005410287b80ddf0726ba2118b7a9b6a96ac9cccac011d292491a498aafddd9fad1e5991882067b50cab1c80330561d76d672d5dac275637b489add85b2f95c9dd522b18f38393f4e95198d59449bb8c6453c46cd1fad4b8f3230abcb7ba121668fcd77732003eefa0a5697f765c1611819e9496f16d570c739e2a50a932942541e98f5aa8cb93a1d11972c754298a386cc4aaece3afebf4a5b7d8cb9c6723f2a8a38d218c26727a15f4a742acd31f2f270327d2add677d854649bf787490ed886074a5b56e79e9fddab134916d0060e4763512daa2c7b95f93d36f6ac6acf9b64755a17d0786d8a46d07229ccc21f28b13fde0314d8ee5154a9467e39ed8fc69f0a2ba82e7cb5aa8c9b462e8aa97698ab2497c3c8da430e77e2aeaa88ae3cc291c6a5796039cd1234504e230d890a8efdbae2a2f3d158e589624e77567372b5a24ce5caad61f70cab6ece372e3938a6d9de344c0c6c79e4ab0eb51ffcb6c9955c11ca8c545245e4f232548dd4a9c52f5328fb48bba2dde387e5981723eee69d1c73451c7e4a095768ca375a8ed555588c86c0c67d296e2568ae95918aa600db5d31e5b7bc6ad4fa975655da779db2151f2e3a54ab7c9a6c8924a08607864eb550ca1a394b918c6578e2accf62265794b15971c32f407b567193bdb746d1a7392d3605d603b3208582b0e77706a7b49608ee58ca18f99d0e7a1cd530cfe4a09dc49e50fbd8e7fcf14e8f6cf20da3271f7b1d2b45257b35639654dded22df9f1c7969c32a75dbb735af6f3f9724441668a6190ec31dab261b7395967906d887453fceacadc058595395dbfbbc8e8715b7324ac95ce851508dda2e4922dd291149b8e081fcaa0975095b6db305561ef8dd55a39c5bc4ea4f38fe0f7aa2d73e54be734ccb31040676cfe558524d4bde44c1b8fbc91d569bad496b344acb216c9462a71c60f5aeaf48be0d092a4a8627bf239ae1ad6f3cf559526f900c336393d3f2aded36ea18edcefb850fb4b85ec47d7f3ad67cd297ba823cdcd7944f47f0f5beeb79d4dc90a70e1586707bd75fa15f41a7de16131791704165c8c7d2bcb345f103471f951ccebc8cab74ae974ad7997ed01c2b3a9fbd8fd28853ab3d1b475d3a5edafca7bef85fc416da87948ed19947dd65523f3af5ff0003f8927b3d4acbed119beb29c6c96363cfd7eb5f327867c4d7563e7ed9da38b0176c8723a1e95df78335e9ff00b52de1330786e884f3b71f93ae4f15df0a2e3a5c89539d37ca7b8fc6ef0adb6ab6ebe23d322921f20a433dbf978429cf200e7392057832cfe6ac854b7ca48f9c77afa07c11ac452c97ba3cd78b756f2af9c37c9c923a8e7aff00f5abccbe23f82cf8575eb8319596cee5bce5756e573d411dabe5f30a75633fdd994a8fb496ba9c434e22465c6e9597d315a11c8372a142148c74f6aa526d90b6c68ce06032d27da9e48c460b28073bd0f2052a3cee3ef44e3a94a7195ada1bb0b42b130c1ce3af7a8d672c0f52546768155edd7e62412dc679ea6a41ac5bdbb0de24c9e3e415aaab24ac9586a9db54ec3fe56cb9c80dd57b7e55332a26044172070bdaa055fb40f31708319f9bb545a7cab2de2f9a41c8a8b426ed24ee73d4a9294b92c5f568fcaf4fe238e299fbbb811918dc3907af06a548fed2c54a82bfa5125b95fddc585daa00dbed4fd9b5f0bd0bf60a3acb562dbc67c970c14b16fe2ebc53eeefa55b79244c12a3e6c76aa4d726153b40dc7f4a769ff367cc2dbbbab7423d68e5e67ef221d485b96d62cbb22c7b8ae0819e950dc48d76a7117cc07def502a496f9e798baf96ebb08db93daa81d43ed4044b285f2c79653047bfad6b283b7baac4d482a8acaecad72b34dbdda458b819db9e950792cb1b05f9988e0bf4ab17514b1472c7b8859908dcaa1f1f81aa31b496b0c837cf32a0e3ccc0fd05634e4a3795fe46f08ca846e91e7eeb3cd18b82a1a2dbfc27a7bd3a392fe1825558bf7122e0b39c11fad4ba6ead6724de50690c663fb8d171df8eb518bbb7d4a4f39650218c042abdfbd5cea6c9a2ff00775a3cd03384ed6e1b01b38e76e38ab56b1dc35c43308cb2804ee5039cd171188c312540231dfa1a6cfe21834e691a523c851cb671b463d69d4c44610bb7a1ce93e6b345bb5d5bccbc96065da830cacca7391907f9fe95af0c9e658caf1caa0c80a32b0edfe4d62e8378753b786ee158658bcc255fcc0fc7b81ef5a7631feecacd228c93eddea238855b486a6d52334b956c4f6f1ec8c7cd83fde02b99f147ef6cfca94b94f3c317edc678aea7ecbbae042264de3f85a419c7d29ed6b146552611b3c9f7636c1c81deb7b7bbd89faad34efb33cbeeadfa630005c8543da9da6dd2c7fb928483d1d6bd0b5c7d21a4861d41ac22982903cc9911c0c7e7dff9d73b1f87f498984a6fcb443eeb40c1f6fb71f5af26b53751fc5a0ea45446dadd358a89a386376e097707207b62bb7d2671a840b7085b1bbf8b23a1f7ac1b2b8d3f4d965304b2cf26001f2f4f5e78ad3baf16431d94ea2653285251269707f2fcebaf0ea3874b5771c6efde89bab1894b9273c5665e42d15d4be402f83c0f4e2b363f11b60f92a01c70cc739c75ac89bc797d6cd34ab6b6f27c85ff008cf418af47dbc9fc4cce73735efb4ac6eb69e2e2eb33aa92386de3b7b57491f95340bb788f8c7b57955bfc47d67505f321f0b4931607e659709f864525e78bfc58b6eb3693a699ae4000db4d9745207b11fcea6a273d53b1ac36f7a5a1eacde5471b09a4dbb86d5ae6afe289f52fdd97959576f5cf19ae48f8c3c7d7505bfda3c356ff0069e032c71e0631d73bce2b9df12e8fe3cd7a46945fd8e9301013cb8e73148a7d88cf7f7ad69aabca454a904bdd91eb3e74b6d080eac5473d33f8579f6b1a3c3aac039612f39573c73eded58b61a2f8d2d5778d72f350077239919e503a0e013ed5d4e8ba2dfde5d08432c8bdde42508fa8ae952e58fbaf512a907adca6d791c5756d690799bfca055978e456ff0087f4586ee4966b8b976bb6fbbe6672bfe3d2b56cfc3b15acbe6dc15778f3b59474cf5e6b46184451edb789988c7cd8c9ac39afbee2b37ef588e0d3c5aa7cd28381cee15299be402219c2e4f152c7a7fdaae22f39d844bf79578ab36f636f63905cbbb71f3fa51a7430e5517a6e528e19a78f72004953f78e2a5b1b5784e672381c2a9cd5992755936c61631fec8c669eb15c490860a18138183c9ad14a2d598e7b68ee3e39c59db9da7734873b698cccd0e4e01aaab1ca926e2a00eebe9524922eef99801e953ee5ad1461072e6bc991cd0ab5b924e4a8cd790fc52d4e4b58ae228fcb8d0aecdfbb92fd7b7b57a66b17c5ad6e228e36248e18578b7c4451636d29586490cc403b8700e727dfa5446564f991a4652a95355a1c179de7ccaf24b86031f29eb58dae4a91c910752ca14e371e09abf7d78b247088d04443173ef9158dac3457108dce430e9b0f35c752abb5ed63d654a12d99259489e4798e7c9249ca67b57d0bfb3e4e17c0734e504665ba273bb3bc6319fd315f36d9aaf9615b2401f7ba57d1ff0000d47fc2016c1b2b179cfe57a8c1e467eb5853ab393d75392a4a30f76e7a729f3332a704f5c53831f300e79a8e39844acbce0d3bce0bd067fdaaf53da3d92b1cb2707a47725b950aaa3b63ef55765f35542b6de395a9b779d1727005562aaf237ce1768fbbd73cd5d9a5715357f8894c9e59c3ae38fbab5133230cc5b801d558f34915e7ef3180557fbc2a26c4658f243127e5a4a7292d518d4e6e6d361cf942a41eb514d24718c2e7cc3c96aa1ae6ad1e8f64f70e0b88c6d08a6b83d2fe3169f73fbad4e292d675c7cd0c65c3d67af5474d0523d099849190783ef51c93a46caa49cfad71727c56d055b77dab68c1fddb8f9f3dba5489e3ed32f243b666030086da79f5a8938c7a9753da455d58eb9e40ab9ce6a0f3c4ad8415c768fe36b8d735a5b2582de2b405f748bbdce00e3d8738aeaede456538c7fbd50dc9af7511cd7d58b731ee6c820e2a84920f339c1e3f1a9ee632c724f3557cbe4b1cf03eefad6918ca4aed9a29463b166170a0ed1863fa5452ce23521b00776a883fca181c66a2964dea46339ac2726b5e827649388ff3449c01bb8e2b1af2e19564e0191437ca477c569198c709da30d8e0d645ecaad6b7058e1b693bdbb62b2ba9ae68b35546552376cf9ffe214eb04926ef9a799cc2c141c7ca0739af3abc976dc746391d7d2bd17e275f4373750cb11dbb8991fa91926bcbee2e159d829c8fef0157ed125637872c7dd5b9389996360ad8cf7f4a7e8b6ff3198ae48e178a4b6844d082a38ffebd6a2325bdbf030117f90ab95a4b4368d16ddee55ba9f6b329e38e3358f72bb64cff007b9abb35c2cf2fcbfcaaa5d2b6eddbb70fe54a3376b32ea49ecc96483cb8fbf1d735047b4b01f7b3d6ad5cc67c8424e0900d544902e401827bd5dec2f544bb9a3dd10e558607151346633cf18ee29cd2664561825476a7798922a839cff2a232eb734e7bae5b106e3eb562d2648f3bb00fa9a8654dbcf634dda57191c1ab9457432d60ee8983069086c907a51c4654b31f4c29a7794021e3181516e4e0329241eb9a9e6e55a84a4f7166c07c838a4670b8d87b734b33f9cfbb3ce2a2ac94d3d991cdcdb0f520825893f8d3a36c82aabcb0a8d54b1c0a921c066c73c75ad3da49ec42ba63ff00d48dd805ea25662d924e69cd2166da5863fbd446543631bbd1b14e5ef68d973f789e362cb8929261e60c8a6c8dc6d18e69cacb1a8cd28ca31d1b293b2d8acea4638c53455d6db70aabdd7b0a83c8ce42b038aa4d7415f418acbbb904535b1b8e0e47ad252952a7078a5292ec0b71cb210bb4938e957ad5b6aabae09520856e959e3183dea685882177903b0a5ed62f4487cd2be876da4eb11e2344744948e533d2ba0b3b88bce25986e2391dabcd6dee446c0823763b56fe97ac091807cac9c00abd0d72d4e6efa0733bdd9dcfd95ae14cb148bb54e319ebeb51c71acca483cf4dd50dbdd4ab62a366cdc33b71ebeb45bc9b1471924745ae47cd7dcdfdb3ec5b8603e595c9e39dd550465b3b8102afac8b243853f5a8fcb2aa490481ed5b374eda93cd7d4ade5891b1c63b2b525c47b61c6074fce9cdb370203649e31da936b332a647279cd472a4bdd64a9a4ef1dccc8e393cc2eed20e3eee49a9e380c8a7231f85492c4eb21e9ff013505e799132480601e0d55376569bd0d9d6a961adfe8f1b061c67ef2d36697cb650ca182ff7a91a73230439271cd33509563861703a8ebf4a1c9fd964ae67ab295e4b1c16cc0955fe3db9ae56feea49aeb0243b768f941e0d3f58bef367740c49c7af4aaba6d93ea3398d5d54e3259874ae98abeb339dcdbdb52ee8f62750bdda4640524fb7a5477f179772c801ce79dc7a569adac7631cd00b97172ab9dcbc0f5ac5dcbf3ba82c71bb81d6b7a751b7ee6c449c56af708db6c9e58049ef4b3c8d11003141d698ad2c8c1d3009ebbea7f311970f1e1b1c9a2a4d458d252d6e49f678636091125f6fdef5f7a87963b0f5a6a483771d6a685bf7df32e4fad54396d73449cbe122998aaed072c7aeea96d6d4a904b9cfd29e601331720608ab3caa8247158aaaa32d55cbd692d51215dab8355cc7bb3f3e1475f6a9649a16801da77852037f9fc2b3d5cac6013cd6bcf2bfba8e7e6fb5b16f6c70c649e769e31556eb6dc47bb277aff0fad48b223284c8dc47355e661181956f620715aa948a727dc9259a368d4dc125c00372f534fb7c2c8bb482a467e9559d44aa031c0f5ab2b1aa4598f90052a93d371bab68966340f212476fbd55da32b71c139a70bc5465d8a4281caf7a65bdc0b9ba6658c28500722b0837d187bb6bdc9269cccc909255b68fcf9a455fb1c6dbc6589f979a9648e395b76482383b4f4a7348b2c3ba12b2ed1ebdeb6e692d2e43f32bc32b48dcbfe5448cab2e18e71ef4fb58cb47fbc5556a55b356ba0f21cc79fbb4dc9c55b70924d6e49137ca39c003016ac2b168f18c60556589636da4ae7b54c92342d9cee07f86b3e664c6328af20320c7e14e815ffd62ba85030571cd431f973dd48a01561d771ad058556223a64d6beef2fbaf53ae3ec9c6d7b112b053968bcd0472c0f22996ac240c000a5bf3a64f79e40d9f78938e99a9648cb796428c67268e87375d18c96396365002f9607af26ad1fde5b6436d3f4a411acaa11a4119c71cf5a63465176210dc75cd12a90511f3d96ac58d638d40ceee3e6a3cf7926d9245e50c6476e2920ced39507039a5171b9b2557cd190adb4715cf4ea5393bb364d495d097d2341182a0ee3d3da9f1c9e6a96230c3822a12a8b3fcdfbc99872dfe7e956238f76e38c8efb6a954bbf758b979b6448b10484b920d46d36d7c64918fbb56a15895954e391cab76aa8d06d6da195a45382cc6b68be7e84dddf5428dcac42beddc3d2af2db19867939feef6a24b558416ca9c0fbd514572aca620edf375e28b4968a25393b59a092e2281842bb5cf435a925cb6d941fdd939da3d2a111adc4215e18885f9891ed556e99635192d96391b89a8537cdaab0a3292dc8a4b991493c0ff7ab4ec19e6b32cb1afca3ef03d6b2ece48e759031276e335b11dd5bb59ec7dde50001518247a56d29b5ff000c6d2ada68ae2d9c876cad236232001f3605695ac188c4a986565fff005d637996d33a2c1f31271f382335bf75241636505bc4e86419cb29ce3bff005a9755451b43111f8646409a25bab8dcd8cc5b1770c64d57fdcdc298e5ce40dca54f5a2fbecb234799bcd9bfba838a8a3996da4dddb18f9a9c1392e731a95228d5b16578e68a3658d9577ed63d739ad685a68a381bcc8c411aecf9ce3358b69669756e678a411861cfa83e957efee4a4a1981da00c06f6142af3969730a7253bb6ec741a3c12c974e666668540dbcf7cd75d63241136cdc0330c9e7d3ffd75e7f65ac6d1103b096e43c6f938f718adcb2d51a45512c64c83e5de3a1ad68c657d59bc66aacb922ac7b168770b79a64532fdd6c81d38c71dababf0fead1e8d315e16519789d8d794f837565b69a78595a41b43c6aac060f39ea6bb58b548e458daf25f2c0190add067deba2a54e4d8d27cf4534d9eede1df11c5aae9d6931da9315d8d86e7238fe55dac115bf8b3499ed9cac57aca52398e09e3bf3cf6af9efc3be2186d65819e7896de54cae537e300e31e9ce2bd6d7c9961b69d658e545883ab29183900d70d6b72b944ce95f568e0ae63bd5bf92dd80dd1c99676e08ce7d6ad36f8d8000648ceef5aedbc5fa445aae9716ab68b872a80a438208049c9fc0d70cd2a49222e4e483f8578aaa5473e57b19d6a752d7858bcacd092dbc01b795cf4a04d136082aee40278e871cd33c9da00e379eaac3b5491c08b9c8e7a055aea97b54ee73c5ce30f796a3da065907cc012074ed4e78edd647c2b3e20791995b81b79a6cf35bc4bb02c9bc63036d3046b0c05c2e038d857d88e6b99d654dda48852b45f38eb2d41595c34acb851854c8229f2c933797e56ec670475c8aaab222b9f21a357917053a74f6a9ed6e3cb63e690a578663d2aea54a328feeee99cae57ea5bdbe72bb31e38da7f0a62ddfef913606183f35232a79798a50c84f38391500db0ca5cfcd818dcb574e518ab49872b8d9bd49fe4b560cb2aa820e367355ccc256f372cc71c6e1551db6344cb17ccc7f8c72335785bf9eca0154dabc7e5c0a752afb3db5477466e0af1456b89249f6c6d848463e7c649ff0038aaba96db783ca5902ccdc6d6efeffcaa692d77476e0bb348b12060a7f8b18355eff4f8ae8f98d330c8d9b73d4fb5704654dc9b4ecc14b9efcc717a7d8bd989919114b1cc8df418aae6d6deda458a0462266de79e3f0abdaa4c6f04643f9791f36c6ef50b58ced6f1cd17efb231b948caff005af6e51a56bb3cf7cd467783d0b9369693ab187706cf0cc78c57965cfc2dd4db50b8f33551b27dc008d49279cfcff90af60b056b7b770479b9c61bae09eb4e3a6cd71220fb382dd3cc61d3eb5cbccbb11517b67cdd4f31d3fe0fe93a3df35e7db7532ca3ee7da4796e7e80035d3cf6e9636a0181dade451185dd8dbf5aecd6de2b169b744b2a85c15cf7a82dac7fb415b2ad145fde18ebed9ae883825751b1db0a6d479a5239ff000df86b4e56fb6f90e6e1933bd989c83e99fe55078afe1bd8788ae96e2f66ba0443e58f25802307ad7a13476d0daac51009284c0dfcd665c4656076182e3fbb5ac5e8d33375e727ee9e587e15e89a6c827092dd9503fe3e252474ebeb5d5f87348d3a5b168d2d2130ee08136f038fff005569cb6725c46a9b58f9e38dc38e6b7341f0ec1a45acb0a12e24943ee3d8ec03fc6b3f66afe40abb9bb491891e8f656333482de35feeed078a82f74a7919fcc00f4202007f9d6f48b05c02a4c9d3077ae3fa5216fdf053b5b2386ae8f674e4acb464ca2aae9b19b6b6a9b621144170b8c6292182cace394958d5e462a5557ad5f87fd299be568c74dca707f4a3ecc8b300433051fc27d7b9ae594a117c8c8945525cb12b48b148de580ab2aae42aaf4ed4cfb189f2cca0374dc062a61185ba958465642a10b6ece454d0092656280e47f0e2ba2d1a895ce88ce72b2944acb0232a8e8d8fbaa6983488d60584279bc1ddbc75ad29ace2826dcacc580c153eb52b30da0818357d2c635add558ab6ba7411c6a4c6d0e07091b6c1fa559b8b87dbe55a5b492856e188cfbd588f4bfb46d625d723a2d5d8ecd95b6a459c633c62874e56d10a9ae75a9971e97f6a911ae25585b3f34683923eb56619234511a938ed5b16ba70f33716f988fbbe956a2536e3cb50095cfcac322a5535bb46bed5c5fbaae62b69d36db76016342c5d83372463d289ec6269232ebbc0c7cb9c56c48c651f380580c557f2f7441a5c29071f5a5caba686151b9ea41f678be530c2b1823e6651ce6a6f282a85000a8669bcbcaa608c7150dc6a8b616a0ce4993b2af39ad525cb78a39212e6f766ec57d4b6aab0600951fc3d6b93bcbe8ede766dd19c9fba739353ea1af5d190e218c24848dd8e7dab0b528bcd642a08c0f9b9ff003fe4d64a5697bc742715b6a87c7a9497276ab046ff0064039fcebce3e27ccba8797102652df3bc9bb18ec2b7750bc96d675242aa0ff689dd5e7ff12b49bbd52d05e5b8caecd9205e4819ce455ba9cdb6c6d1935aad8f3fbd89a0917732e33eb9cd737a8318ef6025cb18b92beb57371b5902c4c5e28ce7d8d60497d249a94a4a86f9cfca6b99a8377dce9a7796c8e8a39fcc9038202f70c38afa63e08c6d07c37d264023549649642a83ae5cff0080fcabe57b3cdf5d244d911e096dbdebea8f8230aafc35d12257c44b24b8e7d6427afd4d63cbcd2f77626a5376b1e8b234532a9c1522a258cae71b9bfd9a6aecdc17af352cca6320a9d95def963b1cf1a71a5d2ec6abed8ca95c67f3a9d628f69cb726a99566fbcc49fef53e45f37a360fad26d35b92e4adb0af185638c7e751b48be59041ddf4a632885be5000e9bb14fbcc27dd39a70473c6329bf231efec52f2378ae2213c4c3051fb8ae7adbe1de8eb0ce1ac401373f31fbb5d7baf9606e1c9a24c2c67073eb515aa420edd4ea8ca2b4471c7e1de87f67543a7c484480965e73565bc1fa6c06164b61e58cab267820d740eaac339351329922d91fcc738a8518cfdeb1553d9c969a95e0d3eded6274b6852089872a83ad450edb7caf2466a7918c719113026a9f98324b62b592b68727bb1dc56cc926de761e7ad42308d82d91560c9b988c1c01e959b3cfb7271bc638a951707a9bd36a7a343a4b9dd3f9647c87ab54922aab0230176f1eb9aa52481a3e0e1bb5529b507455f30ffc0aa67cb534b1a4a29fc28b57574cac768c63fbc2b1ee7e6b5981cc85836e5e99cf5a92e2e0b283bb72919ac6d5af847096336cda0b74271f8573cb969e86d4dc29fc4cf08f88fa847e6c50c4246896328ea7a07c9c73f4af3d639ed8aecbc7133acf86412091cb171ec3f4ae34fcc6a23c8f6344949dd23674d5db6ab83c9e719a64971fb9937f460718e3b525bca2d6152db81f6a5b891254000057152e4933a399c74899be7b8000e3f0a793e5aab01b87d7bd36e1d5a4e297cc0b195eb91c0ae88b8c95da0f66a4ef71d70e648d1b1818a858863c0e4f6c54d27cb04657a1183df9ff0039aaf4ded77b0f45a264de580704ed6c67e6a22618008e33d4d468a5b3819a9155594a9e0f6a23252768994af6dc49240d90171ef4d4902f18fc691d0c6d834dade2e31dc14975dcb31c9e7295279a6ac6164008e4d32ddc47264f4c629fe60f37209208f4a9949484a4472285908e82867071c0cf39e2964dccc723903f4a60c77eb52a31b16db8ec84fa54d01da338ebdea1ab31e5a2e706b3718277ea1193e6bb445236d62b818a2138c903269d70c19811c7fb22a58ee3e5c28c32818c9cd68e5a1bca7a6c46b08dbb99ba7bd3255dac3bad4aaa648486241a6bafeef038c0ee6b38f2cba8941dae3926449170a00ee69d716bfbc66520aeddc36d56e0f2455a8fe58f00f415ba8d96873cb72b49198f0693cc2401d4fbd1248646cf4f6a6e0d6728dd586a71d90e3195e581028690b30c8c6063a52b4cec304d22e0ab163cf18a51b2d2c68e4d68896de40adcf535219ff7a793b474db55570bd46680d8607155631bf2eaceb341f10cbe635b3cace8dca6f63c1adeb5d485b4d1072481f29f615e7d6aea9751c8790a7247e15d0deeab135f2cbb5910c23e415c5cad4b447446a596a76714ced38302839e4e7a56a3379808e36918ae774ed42dd56dd616de927fcb4ddd3a56fc8ca9f2e7f5a75231b6b12e0b9b5644b0a49332f1c54572adbc842ac7eb4e58554ee04fe74d9db6c818281f4ef5c91715d08e78deccaf2485650bb4ed03ef67bd527ba68f728c9cff007aa68ef15a3959d4865fe1cd61eb7acc10b05457918c7b89661819ed5d6b92aae5468f7b363ef2f23b78c485867fbb5cfeabab3cccd1f99b61c655538aaf248d2b16639aa93223382cd85e99aea8e163495d98ca5ae80aaac0b0259fd7ae696ce77b69b31825c7a1a7e02e157a76abd656a5a307760b0f4a7254f7b12a329684fa95e16955d953732637763dab1fce669194edc91d8629269448cace5982afca314c31897ee0ce29d38416c8c795a65859c46b8c92715048cd2481b078fe1a9bc92cbb7d462a55555623b8f5ab94527a20e46dde2430afccac7e5c75156a45fde232e4a91fc3d6a20a371cf4f4a7c972ebf3edc0a5695b6358d4947464b25e08d709cb63f8aaacb33c8c8649311a8fbabc50cfbf248c544cbe7c7c0c7fbd495252d6467293912c932c647dec7b0a8e560d206738c74a7aaed5232334c93e7465391ef576e4d8ce52b688b11f96ab9efd37532e241362327de9e153ecfcf38fd6a9c9094556c8e4e3ad6aa317ab6572c96b624da766054d19f2a300e4d382fca08e98a21224623a7fbd50f9364ee1cf1bea0a4670475152c2c96f2f76c8e76f414aaab186797800524722f240c06fceb1518a65a8f3eb61df240de6e41320e55699671a45e6b237248f96a4582268f1924e334b0db44b21932471f758f14462ee4d48d4e84d1e5a02554480756639a64922ccae081903eee2a28e15f31fca0db5540f6269235f31b385208e51bb56fcb14af7d4767cba846c64909954ae385f7ab7030925c02463f8987155ee1b6c898c15c72a6a582655f3303000ec3eb5cd5251dada970e5e5b1626cac8c071918dd517da849198a400f1c163d0d33ed233ed52347148cac0120af2add8d38ca9c57bc6b08c76686471ac4a48fbc6a6697cc8ca991d7d90e2abdefeece14f0053a370aa73d48e37535563cd6883fdd7c0b42d6df3a3076b332f4a7c5855c60a9273bbd6a84ff688148917116410ca69892c93c6a3cc3851cb2920d74d5b4237b239e55632d1c7534248d9a4cc7f3003f84d39edd248f20344d820e1bf5a48e411c7f29e71f758d5792ee555e2362fd76ad717baf5b197bc9e8996609469b20724c9c63e71d2a63aa2b4854821bfbd8aab36f68f0c841239f6a8e3518c37a1efd2b49422a3a1a2bb77b13c9299d98ee118236f5a58d556e238e4fbac09dd50f9626b7e4b2fa62a4b3802ec5e4e06ddcdd6b4a5562fa6a6f7718bba2c4f30923f2c1631f4fad2d93347182555b8fcaa38d44736c1d3dea6ba8a2816395a66889e022b707bfd2bab99ad64ae89839453ba2ddac82d661339c2ed3bb777c8aa175a91b96de108c8fcaa7dede5ee6cf038a8648e38a64dbf3823ee5612aab9b444f2b7aad44b7924b7f980562c055f588467cd27fd60070bd38aae104cc1638ca328cfc95a175208d841b640bf7b7376e7a574c67756612972abec4d1c96b24510921f958643fddc1cd4b2c70c7a7f988e044abbb7647f4acd8e78ee14c2c491103b5b38ebd696e11becbe48380dd78ae69528c65ef18d49c6ac5b7a324b7fb3bd9cd36518c78c2f427271504de4496e52419cf4653e94d8f16b180db80e0703af34d5b6463210c77637e1bd09ae85569c742695787c33356e2de3bfb0b5b856f2e25fbd1b3003d323f2a4ba68a5b882d465771f99ba76ff00eb567b4af244b0fcc63897f2a97ce792ce68a30321779663cd79f886d4b9a075f34797dd8686be9f1c76774447bb21481bbd0e0d6adbdd79edb0ee0c3f5ae56dae3743b99be751c56dc7aa18248e19c11285c332f63ffd7ada8372f7a5a17eed28a6ee8e9b48d4a6b9bf36f6f195916220c8c791c63f5af4cb5dff00d97712c83748000bb9f8c71fd01af22d3d44b78be6c8d09dc3b0e79c7f5af5bd3f584b6b1b889002c33b1b20e3ebe9d7f5ae89c79b629fbf6689ecf56b5d261133067108ff0052cd806bd7fe1febc2fa33f67b736f12428648f031cf03f91af10915a7b3dd26d6241cede2ae41ac5f69f711dac0cff65961584946f6e98aba34a16b498ed776b3b1f54695aa47a1c70c323377122aa76f7ae7bc45a4268ba8473dbcbe65bdca9259b18539f5fc0d50f075e4bae2dbda5c6e92e61b38cccec782738ec7eb5d5ccdba1fb05c02aa6071b9bb11d3f9fe95cd8ac3c611ba1d7a09c7dd3988ae228e49642a4703e6f4a8a7ded791c82562a17eea703a525e5bcd6b1b862bcae76af38e94e8db6c3114f948af2e8ce3dce48c5a5cb35a11cd2358b176dd206fef1e6ac712402456628c38553c556ba93ce90216c36396f4a16e3cc66000c81fa569cf194eeccfd9abd916c492b6238ced007f0d3adee967baf28b7c8cbc96ef81503f9ad01912e23319183b474f6cfe340578a38dd5599e31cfa5693f6725eeb42a94e14c5b58aded64750c086c9257029eb790cac70a4293b7e614a6dd963491c283b7271d6a0688cb93139523e63c579d28d3be8f533945545aa2d5c4ebb8b7208848fc4e6a26d425f2a20155888829653ce4669aef1b4244d2a44ecbfc46a94d30f2a530962eb8dbb33cfad436a2accaa2d2d2c17f7d78d1cb90bb635debc7de3fe7fcf4a8b55842c7006b8247fac2a839ce3d7f1abafa95bbec1710486511f99f8ff9cd66dcc31ea1235d1dfb8755ce3007b572c230726d1d0e708ad5ea508b41b85988b95119601d131c6335af69a3a69fb557e52464ae3ad4fa8dcb5c480799b533f8540dab4312acac4bb1e329ce2be9e50508eba3399a85457682681add7f75ba352d9cad433eaf6fa7aca1ee15e6dbc213d4d472ea8d75911218e33fc3d2b27fb2e2babc8add9a4264feee3935cb527caad639d7b3d93b0fd2a76d52ea79659c34d20e13d3f0ae9a051046b17278c7d6a8691e13997f78241008f85678f2e4e2b761b0102b65b7c817ef30ada2df22b6a6bed1534d6e8ce5d326998b285118fe1cf38fa559b0822b7901b8cb1fa7f4abcec201193c1355af35358d4b2c2a0e3019aa959e96335cb25ee8b713da34f1b2346a1570a186cc7af159ba96a1243284825511b2e3a7359d7d6ff69985c0393e613b5bb66acc6a161233d01356e0a2b56454528ab289134e218c161973d6992ea12f98890dae307fd632d436f0dcdc4adb5d401d1587535b71c0f0c6ea650460fccc7dab9e524f4b174632b734b6288bc4ddc9c3374db512c52c923152b1c5ebdea492368172b01998e41da3a7157ecf49babcb212616339c046ea47ad553e44f62b9b9dea5679523cf25b0325b152d8b5f6a0aa5079501e433f15ad6fa67f674c92346030fef1cf5e2a43e63962aa703fbd5d2a2a4f42d53949ef64515d16cb4ddf75752cd348725947207e951f993cb2011c4a9031fbedd4d69c36f1ac3209d0484e4802a558cc9b4ac5b14f1d381472ca0ce7ab463cdef325863da072480386614b1b6e2718f6a96293cb8e418c8dbc7d6aadc5c4514639cb1e1556b2fac4af66cc209295a2cb2d06ec1918a63fbb55daf228db284b64755e83f3aa93dccf2820b71b7038a8ade1665c042147eb4fda3e876ca969eeb2cdc6a2c55b7485f1fc2a2a90f32e94ca398d7ab1e39ab6d63e5c8a18f5f6aa77da90b18a68224001e7711de92f7ddae10a52ebb05d4b1d9c60b0c9c6edb58b3ce6f3e670a0a9fe118a8afb50f3d76c854e39ce3a1a8f6b47c678c77aeca74e291c8e8479bdd22bd65550635fa6eed5cd4ba9af9c438e871d3ad6c5e47248c0a1e3fd9ac6d4ad52332349b38eacddcd73d551bd9a349529d24713e2b816394c10493062bf7c47c11d704fe26bce34cf144ba2ea0bf68011648766d5e79f53f8d7a578994df2a6d761b4f2ca7822bc57c5d1c31f882e64494791e5c78c73d073fad63ece9f2e86f46696e26b9736d3de1b9b68da2cc5865db819f5c7e15cec91a47217055891d5453eeb526b8b3c46f22af1f2601cf3fa552f319df3d38ae36f915b63afdb422f72cda7eee7cc636eefbcded5f4f7c0f589bc1364b6b230da0ee47ec727f9d7cbd6f2379720fbc42962c3b57bdfc2df166a3a2f84f4d486dc5c0986f2fe51039c81cd634dfbd74f426b4e3516a7b649e444a9bc80e47dd0d9a6b4924c729f76b87b6f899a55c37977905cdbcea0b160014247a77adcb3f17e96d1f9a97908468f70491b61fcabd0f6915d0e4e577f75dcdc8e4e7e6e4ff77140c336eed51c3796ed302268db8c9dae2991dc0640ca090df8d689a2dd0949dd8b349e5e4b1022cfdea689c4c37272a3f8aa3988606324fbf14eda605c01f201f768518aea67529a8ad463379c486e950cdf2b471e1db3c7cb4d495a5c203cf52d9a734dba4387e23eb4af17d4e28415ef063e4411e4331000fe1aa50cccaa463e603273532dc25c34849df81f79aabb5e43b57712189da368ce6b96751dec74bd1a8c98859615470064ff0074d40cb05d32b91871fddef4b71324967230223daa4966e7154c49e5a67e63ebf29aa949455d1a4a9a7d47cd2062c091f29c66b364923612e1b88f18f7a86eee12da675c903ae17f3aa175aad9da9d925d4692100f97b86706ab9a6d5cd2d2b5af625320f399f24902aa5d4d6d24623dc7cd07f86b12ebc6da6c6762f9a773105b613c7b5626a5e2f86d6588db59cd3b37cdb1b819a5ed231dd6a68bd9dad23aab8982db8553c01581ac5d450a00c4be47cdf2e40ac5bff16dfea123fd9e25b340360465c9f7e4d501757fa9ee373236d50107cb80715c92a6e72e6912e9c37b9e63e345f2753f2a290b4322f99bb2413c9ce7fcf6ae5abb1f8896fe46ad020386f239c0fe1c9c7f5ae56c6dbed9751c386f98e3e5eb5d3ac5688de9f2c95932e4709f21720918ef4d595630e36e401cfbd5a9e689b880123a6dacd2863674c7cc7fbc29a5ccb546cef1f32b548db767079a8e8a7cce3b2254efa5c28c738a504ed200a5c8182320f7fad54af24110f9a3622ac42cbb373751eb558b73eb4bbb0a40efd6a63cb1454a29ad47cec19860eea8b9f4e28e714e0df2900649a9e6551e863eceef71171dce29718623f2a176ede7ae7ae7a53b680bc1f9856af962b5dcd254a51d7989257758c2b2f6fbd506ef971564cde646738e95576f19ed53793df60bdd582a658f7c608273df1512e3bd0b9ec7f2a717776438c5bdd8f552d91d48e869839e0f4a72a99380718a465dbc1eb4e767a1379a7a6c598e4f323c05e951cd365b819145ac9b5882405f4345cc7e5c83b6455c796c6adca4acc41f32938ebd368a7339fb38c8c1cd3432ab0da091de9b349e63fb63b50e6923197bbd067b8eb532c3ba3c8ea6a25c0e7906ad46f1aae73c56367cd717baf52ab2156db8e68da57391c7d6a59245072bc834fda258f3dcd5c9df41f2eb720924f3181c60d0ed8229846d383452939a5a6a6326e5a20ce0e4715a570ad259c722e48385e4f4acdadff0ddb4377a6eb292a8778ed8bc439ceecf6fca8e6b2db5348b71d12b94acefbc8500e571f2f5e95d969fab1ba58f1f795464eec835c0e50c7b9ba9ab76f7c61c10e42ae3deb395e68d79dc9f29ea31cdb8af61dab3ee750f21879a496feed73f6fe228c2332b485319da56b1ee3589276c3673cfdeae68e1e4d94d28ec69eafe249669a58e01e48db80dc13d79ac69219772cd34cb27d3be6abc36eb1ee690f41c532571c1233c7ca076aec85171d8525a5ee3e6cbf08d8fa542cbe5b107e6caf1df9a55f336b7ca727d6a758f6c60b119c7356e4d68732f522b76da00c6e7cf15ab71a9c76ba6c50c6bfe978f99bfbbce6ac787f468ee6e9a7b990c30c29e616cf07d7fc6b26fa46bc9d9d11429381f4ed587b48b7646d0a9c9b107cd210c00c53fcd11c9b5402c7ad3a4b1da91b0f9188cf5eb4b0eec9193e9f5aa5151576ac0a2e4ee3fcb6dbbb2430a5914348ac0919192ad4edc14726aac8c246675f4c75ada353956f7462e2e3aa649e66e66f45fe2f5a779a6452bbc91dbdaab5b3f6604f3523dab231656183d33da89cb9a3789a463ccae992431b2c6abc6d19c9c54be7f911154419a6c3f363279a4758fcdc8396358fbc913cb7ea4264ee7a9a45532329fb8a79a7ed2d26029fcaa554db18de79156a6f6265097d91b3b0460c0662047cbd80a24c32ae00da071b6ac46db5492998fbf155ee8a98d44215087cf15bfbbcb7b95cb387c4ee25ac1b99b24f4e17352c6e21254e0f1b692693ca91490016feed488cbb5a42aa491c362b07cb7bf52b953d7a91b664cee66c1ed491a956dbb78038a4330662b9e71562585bcb0438071b78ad1723dccd4a5cdae82432859f69c87c646e14ee276709272a39a49a23b448c40e3f2a742ab3673c8c7f0d1352fb275ce0e71bc18ed3da450a0f240ef4a37b02cd8f329d3288e2dca781c6d14b79e5c71a889b27bfe5516e75cb7325f0f2c995648fcd906d24b775c74ab4aa2de3c311b88e8b55e0db1cc1f2471823d69cf2798c3e539ebbb159b4e2bddd49838ad110c9701646445c8c55a59164c8cf0698ab1b499c02dc6768ab9e446b838f988cfcdd6a23aabf5357192d9114f0332a8e08eb9a48555588dc49ff6aa49e34dc33f7b1c35246cad208b69248dc7f0ae98c15aef72e519595d904ccb76c1448c4ff77b1a788bc960a318fef524bfe8fbdf6fc8a334c5533223f999ff0066894a0d5a44ce97324e3215af03163c00071ef56eca46f2dd9c8507eef355db2d66d1b10d8248e3a536d55f6b799b828e9baa5f225ca8b8ab3b5cb52b1927551820d10dbc325f2acd2322ed39e7da9abf2ff09db8fbd4d91999495049fd6897b3e5496e4d55cba5cb13ce9ba3518540bb7e51d2a581b9939f9540f9b154cc6f24914254f4e5bd2aedab085842df3210727f957453e68c4ce935b391208d246cb6eda01e86a39f7cd6a04582bd0330ce39a734a3ccf95b207f7690dd359c2720b93f7437735d1a38dd9bc9ebb12c3219911588dc17ef63038a856391b736700522b4b3461dc6c27aafa536ea265b573f776a93b7d715c939d38ad49f66fe26f4245f9419d5c82070d9ab91335f4529675ccb1ec1eddab36d712468ac5b6b27451d33ef572dbecf03632d98e4246da985dfc24c6a3a8f96da162496285bc9190d1f1baa396e5b702664db8fbb9e69bf6886390b4cca0b7f1b9a89600f78131b93190cc7ad6925cba37a99d4a0edef6c598d7ce85b6032053f32b1ec69b3de2f964b205c1036e79c1a9d2de18239a793f76e38c7a9ec2abcb2c6d3ac65d83373b7071dea395495ac672c3c7952522cd9dd47be49add595586cdb273d39a4f21fcb59ae176ac87a631c62a42a902c6e02c41704aaf7a99ae836d1bccae4ec58d3b66a630516996b0aa315cb52cc40b0431afc87cb3c6d4eb52dccbf69bcbb730e370778db3dfb0aacab2457a8b2a8e3901faf4ed4f6ba1f6c68df11a9fe141c815d2eb4344cb8ca53f7245bb6d4a4925df24b848d402ebc1c8fa576de12f2b56bc89c5c491e439f9a3fbdf8d721a3b4105e22c53c823c67e61d491ebffd6aecbc33aa2417d1bcb16e423f76eb81839ef9ed57f5882d11d6a9f26cf53d11a14b78d9c6360158c6efce9482d820e7afa543e209e55f2396442338c7520d66cd793e9f1cf70d1b18da12bf29e87af4a29ce9deecbe5f77de6cf52f09f885b4f9d2e25be7b42d09fde47f7f39e2bde34dd560d6b478eea198dcca61058b01900f00fb74af97d774505ac630596de346653df1cff3af48f0078fedfc3935bc13ce3c911189fcb8887283ee1fc39abad155159330e569af66cf579e2fb669b3b2c911962cfcafd78e7fc7f2ac385fcb652541e99adb922b48a600334b191bf705cf5a66a5a743e5bdc5a9558572e57fc2be77114210774d84e3534e6306e15a597e51bb8ce28b3cac73f0acc40428ed81d6a05ccd3c8f348f1c38185a8f5366b08cfd9253f39e63620e38eb8aa552318f299b5183b5c9218c5baf924054c97214f1f5fd296779561fdd336c6033cf41534731fb1dae155ee0a80e78f4e7f5aa7e7b286607cbf2c6cd98e3158426a5269339657e6b24695ab3496cec64966318190474ebd2a28e6f3e19327ca4c73b8e0e39a82dee3ecb6f23ee29314c1a6491bf999762c4af3c56153de765a2395e1e725a172e6e2d9648142b9118c8f2c7ad4536f9366d55898e46f61d38ef4db8915ada26c918381b7af7a606dca62c9f336f0dd7ad6319c79b950d2ab08f2dd7ea54bc99bc98996f6390f998291f3dbffad50988c56e26649196407e7561818cf5e69d0cf2c91cb6d300086c6e65c77ed4cd5a6963d2e482199e21c7a1cf4e39ff003c568e0f9d3b68ce9a0a157dde5d45babbdb133aab5c2e321572e7f3e6a90bc8d95191596261d31ce7e9562c20bdbc1fba78f3b826c45c6defcfe15d4597857c880b86737070431fb831e9df15ef7b593d1ee7163273a1a5aecc4b5f0ddfdf342f1218206c65a41839efc574fa7f86ed7479f7f97f68901f96493b7d2b4da38ed6481652d202bcb7a9aab753ed909123b2a8e32dc568a09eb267242b73c6ed5892e1608c02aa23c7562c4ff33547526548cc91c80f1c94208a82ee45fb2bdc60b024657d455192da3933b55b8538cf1576505a23a7e35cc4cd2991577119dbc1355a493736c93e857d2a216a6408cae1412000a327de965b555baf95a343fc5b8f26b0f67ccf9d3297ba9b4432588b784b82cc78f96a691beccd185888f973cf1da9932cd756e56ce232b0209603a56c58f876ea7545bdfdc958f24b9df9f4ace5cd25645c67296e8c3f2659660637556272141c55f8fc3335dae6f65dc80e4283939ae9218228473e5f98472c83b545f6e6495923daca47dead29a74e3aea64f0f2bf349d915161b7b760f88e218fbbec31daaf70bc2e303a5525d3e09e68e5f2cb485b66d6fba2b4e0b7458e52cd970bc29ed4f994a564894941fbaee6698c4b264f985c7237e715a3636ad25c795328dadd361eb4e975083c901487238f618acababc796e06cce303eef7ad7e0d6e7a0a528c74d4d79a386d73100c0f5dadc9accd4b5892dbc9820c88c9dc59979fa555bebc79ae1f01971c04c1181490daf9b279d34aca17a2e2b2751eece5a929d45cb288e5b81b823311bbad346c58442e482c4306c7a7f9fd69df797e50cf918e9572d745dc9fbc7da79f954668f66e51e61d3a7ece37932bfd9d9e32a3ef558b58859867b966002e42f6ab17f3ad8c69dc91855f5e6b02feea4b898ca73e5a8c2ae7b574d35cb1294b9fdd890ea9e249a78731c4916d6f979dff009d5192e4ea118328025ef4f6bc89de38e445539c8555a8776d99ddd8609385ab8dbaad472bd356b905d59c7c005477f98d65dd5c3aab0c292bcf5ad0b99cba8cedc8fee8a8e486158c4e301c614f3dbe94b914b7d0ce34637e66cc592fa6f2182f23fbcbdab2afee9f508da168b82405ddeb5ad79a87ef4e15413c0c74fc6b12fbf7214990c6c3e7f9457254fddbee6b2a8a4ac8e57c59a7cf2584f6c000597ef293c63b578f6bba59b6b766299651c211dabd8750be5d46ea58d26914a9c967e09af29f134b3f99233b98646ca05d873c5674e2aaa3962dc5e870d75088c328022c0ce2a05937479c7cbd2adcd7116e9448fe64b820301541ae3ccdb0f55073b4ff009f7ae6ab78be5b6875f229abb436de55deca6536e08c7998e9f957d7ff000b732fc35f0eed94c91fd9c1dc7b9af8f6dd848d2c6a54e54fcad5f687c399574af00e856ce143c76b1fcb1f4e464e3f126b2bc28b56d4d25f072a4687fc23d69a934a2e2c629d42fcacca01fc08e6b222f05e98c9fea255880e10cc72bfe4d747f6c976fc88012306a231cea72488d1867a57a31a8ada1e67ef212d0c23e09b79a1922b78c41b550077639e063a9a867d066b3d3440b7d22b0ce5fcc3f86067fad6db452799ccacc08c75e29d259f99f78654ff007ab785e4af73a9559cb56ce2e48efe3bb62bac5d11e58f9649739e9fe14d8f56f105ab4b6d079d2caa8e42f979f4efdebb88638a02536af2395c0a9a798ee5e80818e958b9c62ece3727da4e4ec91e676ba878ea4877c7616f329de80ce0238e71fdfcf7ab0b71e3cbefb420b7b3b7f9705668810c71d8d776f6f1c7866e9dcb73556e37c13925d5d4e71b69fb45e46aa9ce2ae99c63dd78e52dc4305ae9a5a4f906c60303f3a8160f1cf97109869f04bd43bb07c575a7122b852cb211c6e18c546276b88fcb700b2f036f7a3955f99a31bb5ad4679d5fe9be35be8268af278648dd76fc8501619ec6a3b8d3f5ff002879ba85d44f9e0acc4fe1c1aee66b88a76683f788d192a55931541976ed52554a9cfad6d2e592b0954974671171e1bbd89a537026b8924cbb49c9e3fc8aa9fd9623396f99b1f7b1d2bbcbb95e651e73633f8564c9b24054c6ac3e61f30cf15854ba5a17cf26d2dce4668ededd665dac030fe15c85ff000a88aa2aa10048879cf5c574b7b6b6f716ac2400ee529f29e959d25ac31db88631ff00eaaca0a36bb476dacb5899ca904f27ce3e5da573e953db6d553131deb9e36d466d9e390c6b149263f89149aaed6d2c1348dbd9028396e38c7353525cbb1cee4e2f5d8f36f8b1b3fb7ad993724bf6750cb83803271cd58f849e136d52e355d667426c34bb69246607f8b6138f7e0356378fef8ea5af074dedfbb58d72012400315ef2b6907c29f812435ba1d4f50b72b2a4cb9df34df2f3df8427fef9aa8d456b6e6bece5a3833e688dbe666cfef5864fe3cd24db98820fcddea3b8322cd86da193e5c2f418a785f3031ce2b751e6b1d5ef5b520989dc0120e063e5a652bfde34953517298ae54eed6a2ab15c1143618e40c525159de6d5cde0dbf40a72a82a4e79f4a6d3e26009ddd08ad35ea5dd37ca844dc4e00cd0d83d80e3b77a1fe56e0f14da4ac9e866fdd7762ab6d6c8a5472a4e07269a016e829554bb600c9ab718ad5a32777ab268c2a8c1279a89d76e71f76a452c5f07b714d7668f2bf741fceb99d3d6fd06ed123a50334940383915be8f62b99bd87c6fe583c73da9db4baefe319e94c6cf19f4a96162d1b03f7579cd52b2d114df33d88594a9c1a9e772f0c7b872bdea3762d8e39ef4f8c6eddf386247dd344add8994a505aa08582865c7de1dfb53cc69b492bc0a5932a11c818feed36e164dbbc8daac3a561c916f521546f623dde60db90028e2a2a923501816e0629ef0aa8e0fcd5a5d4744cae65d511f0380306a455690921b1e86a3590a9a4690b707a5252927b1af3fbba22765118f9c024ff162a39212aa1863dc0ed53c571e62aa60f039a8e453e72aa0c13ef5a39d91972bb5d95eaee997cf6570ad1f008dac3fbd9a8638e36cef621aa58a2f25838059bfba6b0dd5c51537b15e78fca919472a0e334e8630f8e38ef9ad7d5ac258e0b39997645729bc03d6b35591a368feef1c30ada0e3ca0ad7bbdc0bed4748c11b4649cd359cac61fb9eb4d8e75403e5c9c72714d91bce6c8fc8d2e6fb8776ddc734a760c9e4ff000d3e35568ff78bcf6a64319de32074a5983ed0f83b3d7356d3b68c6941bd51248ebb9490060637544b99a60148c375e69eb1865cf246326ad68ba79bcb86917688e3ef21ef5c9256bf33b99f2bbe8ae5bfb5cb63a5cb6b1b6df3c61bd87a565c7be30ea570dfc241eb56b50b6961b821fcb247cdf253eda0f321dec00183f7bb54c236775a1526edac6c326dacb1ee63bf03e551c54658f9830d800540c2498ee51b3dea29246c053cb03d6bb13e656609be5b16918f2ac3e52321f3d29fb8275fcc5432318e34063dc36f43daa69364ac70b85c606eac799df4416b2b9146a36f4c528b99642c36e55471f2d3d50f6e7151cccc576a923239c1aa5afa9b696d10f5666c1273818a45fbdb88c1a5588c6980723eb4d6678e1ea18ff2ab7d9e861cbc8eed134326d90d35ae05ce76a3281fc58c54704e77608ed524cc2352c3f950a94774cdfa5d225799961118fbb506e2ca08001a2394cab9ed48ca238d803c919ad39525cb62253d3424589659572c01c7ddef52dba8818a119527f8a991b6e897785241e3e9520c5c498276f1c564e314ef21b8be5b90c6c2356dd1a82c3078a982b342b8c3af6da6abb3caacc1c0db8e141cd496f398d4606171f74d4465193d7432e571df62c4f6c6450a58f1fc550c2b2c323c6a3391c1f4a9239d9439e3e63cd2c721652e30bfecd6ae5a791aa92487b2bec2323754722b2c63772f8fe1a8fed5b58861f2b7cbf4a7cf340cabb65c36d19acf9fb6c617ec864522ab8cf7fef55d597ccf2c6d240e38ed54562f3d830e702ae411c912b2a725b9aa75147608d4bf418de6b4f260900703776a495a698c63ccc301ce3a62a28a40bb8c9b9136f39ec6ac2b86877a8e76f1ef5928b72e66552ad373b3d48669079e1c024e36eeab11c91c6de6127732e0715045f330493f3ab9750a343194c1e393e95a546a47556727a88d8652586e07b377a886c6002c6d1678e9436e58c019dbfecd57be82793e54da136f7ef59c60a6674fbdaec9d7745b886f3063814a6e639edc36d50f8e197d6a9c52397da63f9c0c1c743524788c1804611b6e43354aa56959bd0ca551b7b59976ddb6c7cb6f3523481a3f9570c01cb2f359bb645e148dc6b42259217009c82a32debeb5d16a74cb85ef76874532471ab9c6ec64b52dbcb1c8c635cb0233ba9d35b06e3afd0d11c62df2095918af0b9c56f194774b409d17ba449fba8e4087019ba5124ff2c516178c659beb50c51092e8ccc7e603017d053eea34dd1ba96071cfbd28d4b3b3d82ea31b58b0d6de548033029d8a9aaf7576d132263746149de0f4a844e27ba8179091f0cae71d6a7be5dca1015e9f76b3a89bd5a2e34e538f3476104e63e1429ce39cf4ab2ab0c774cbe6284931819e9556d63658b69dbb87f76a4b2f36460ed1a803386c67f0ab8b8daf71c79ba326be8c42c429dcb8fe2a82ce39a3d9f3af0a5579e6a691bce9973b005ebb475a7ff67c570c40766551f7b3c8e9512a8a5a3339cea49d92191e5771901dd9ebbb345e5b4b1490b01b99867dc0a9d56488be76e700fcdf9d55d4d859c705d34999e684a08d57a0cfafe158469d4e6bbd5193a73dd2772cab49b95a7883a81f75ba55bb88cac8af194452a0ab2e0f3541566ba50b0b9731ae4afaf6a96f37f9298639036919e2b494a57e5b1b528b8c973ab966d6f165ba13a0f35d863737356ccd258cd713cd62ac19386dc3a0eb59ba5c725b2e02f7e369cf5abba94935e5b96259711ecd919c67d7f4a74a5efda713a254a6ddd2b0905f3cd6e116228a402ae80e3f3adcb5966bcb75b52b126d5ff58cc47e98f526b0a3f3adedc2799950a1514a8ff3d2ad2cb2fee89985b8dbf797b9e2b4ab18c66ac3d617e7bdcf50b06b76025689b03a2ff93515e5dc4aae866021ebfbcc0a3c3bfe9da7cb2bdc472cd342af12ab74e3ff00d558fab6a0f63a85bc38b59c4a3f8c1719e98fd29ca8a96bb18cb11ca972ad4e923d525f29160d9273e5991db1db8c5741a74a91cc33ba6f397cb554391e95c52dd79a0801222a72bc719abba6de36e114d3a92466308302b4528d35f15c8a6e559a6d591f507847c4173ae47b26b6780803122a9c724607f9f4adb6b16d32f6ee15649a0957a9e0815e03e00f185c68fad457cb25cce3c991046b23e38c63d7b8f4afa2eea25d5639a44db237919047249c73cfeb57352ad1bc568767b6e67ece2b430aeacca131a90633fdd1c8accbab716b71e661da499709b8e6b4ecf5382f0344ad891464ab7522a849b5402d22c66204ef718c67debe7674da9356b1e6e22334ed076116e1addbca64cb98f2bf5a198ee25805cf63d2963ba8bcf493f7730c6d0eb83822a29a2967be4dcf2796c09f9d89031e959d3c3c657d4e46a6d72b7a8eb97f3017c1660bb78ed52dbdf5c2b024300dc160714e9ee1ed44c88c045b7f8ea092379eddd1080c067a8cd5b8c6568f41d1a925eec9b2cdfc83c894e796c7cc49e32466a05fddc80acc929c63e5e0d41234ab6ac86393685187520e2a3f2da36f9e353b4ee0c0f359aa34e2ee8da3ccdb6b626d42e7ecf244ccacfdfae2a2d49da4b5dc11067a9dc38c53da41342dba1dd9e8722b3f53b69161699a167555c7dec0e7fcff009e2b487245dab48e8e68c55e2cffd9, 1, 5);
INSERT INTO `users` (`UserId`, `FirstName`, `FatherName`, `GFatherName`, `FamilyName`, `IDN`, `Gender`, `DateOfBirth`, `City`, `Street`, `HomeNumber`, `RegDate`, `Email`, `PhoneNo`, `Hide`, `ToryaDate`, `TestDate`, `Profile`, `LicenceId`, `LessonsNo`) VALUES
(2, '2424', '42', '24', '42', 124, 'c', '2016-11-01', '23', '24', '23', '0000-00-00 00:00:00', 'milad_antabil@hotmail.com', '124', 0, '0000-00-00 00:00:00', '0000-00-00 00:00:00', '', 123, 0),
(3, '213', '2424', '24', '2424', 244444, 'm', '2016-11-16', '244', '244', '24', '0000-00-00 00:00:00', 'milad.antabil2@hotmail.com', '24', 0, '0000-00-00 00:00:00', '0000-00-00 00:00:00', '', 1, 0),
(4, '123123', '2424', '242424', '2424', 1123, 'f', '2016-11-09', '133', '244', '12412', '0000-00-00 00:00:00', 'milad123@hotmail.com', '1414', 0, '0000-00-00 00:00:00', '0000-00-00 00:00:00', '', 1, 0),
(5, '34343', '23423', '35235', '23423', 2343, 'f', '2016-11-23', '244', '3355', '234234', '2016-11-22 00:18:36', 'milad_ant223abil@hotmail.com', '234', 0, '0000-00-00 00:00:00', '0000-00-00 00:00:00', '', 1, 0),
(6, '23124', '244', '424', '244', 113, 'm', '2016-11-01', '424', '244', '242', '2016-11-22 00:27:15', 'milad_Antabil@hotmail.com11', '2233', 0, '0000-00-00 00:00:00', '0000-00-00 00:00:00', '', 5, 0),
(8, 'melo', '2214', '2414', '2214', 2424, 'm', '2016-11-02', '2144', '422', '12321', '2016-11-22 02:15:52', 'melo@hotmail.com', '2424', 0, '0000-00-00 00:00:00', '0000-00-00 00:00:00', '', 5, 0),
(9, 'asd', '12412', '4242', '12412', 4242223, 'm', '2016-11-02', '424d', 'sfsdf', '522', '2016-11-22 18:38:29', '2424@ss.sd', '12312', 0, '0000-00-00 00:00:00', '0000-00-00 00:00:00', '', 5, 0),
(10, '241', '2341', '234124', '2341', 123, 'm', '2016-11-08', '522', '5', '234', '2016-11-22 18:43:05', 'melo@hotmail.com1', '555', 0, '0000-00-00 00:00:00', '0000-00-00 00:00:00', '', 5, 0),
(11, '141', '2424', '2525', '2424', 21441, 'm', '2016-11-23', '422', '442', '5252', '2016-11-22 18:59:14', '2311@sd2.223', '242', 0, '2016-11-17 14:42:00', '0024-02-01 14:04:00', '', 5, 0),
(12, '144', '424', '25215', '424', 144411233, 'm', '2016-11-09', '14422', '2444', '2442', '2016-11-22 19:01:42', '155@23.223', '4114141', 0, '0000-00-00 00:00:00', '0000-00-00 00:00:00', '', 5, 0),
(13, 'firststudent', '123', '123', '123', 1231, 'm', '2016-11-08', '1233', '24', '', '2016-11-23 17:00:30', 'miad@asda.sd', '12312', 0, '0000-00-00 00:00:00', '0000-00-00 00:00:00', '', 5, 0),
(14, '', '', '', '', 0, '', '0000-00-00', '', '', '', '2016-11-24 10:04:47', '', '', 0, '0000-00-00 00:00:00', '0000-00-00 00:00:00', '', 0, 0),
(47, '1241', '14', '24', 'Ø§Ù„Ø¹Ù†Ø·Ø¨ÙŠÙ„', 224422233, 'o', '2016-11-01', '1441', '422', '124', '2016-11-24 14:35:08', 'a2mjad@gg.dd', '124', 0, '0000-00-00 00:00:00', '0000-00-00 00:00:00', '', 5, 0),
(48, 'test', 'test1', 'test2', 'test3', 144332233, 'o', '2016-11-08', '123123', 'university', '22444222', '2016-11-24 14:37:07', 'amjad@2.2', '134356', 0, '0000-00-00 00:00:00', '0000-00-00 00:00:00', '', 5, 0),
(50, '1241', '24', '1412', '142', 159955581, 'f', '2016-11-21', '144', 'Ø§Ù„Ø²Ø¨Ø§Ø¨Ø¯Ø©', '22444222', '2016-11-24 14:42:26', 'milad_antabil@11.com11', '134356', 0, '0000-00-00 00:00:00', '0000-00-00 00:00:00', '', 5, 0),
(51, '124', '124', '142', '142', 142233121, 'f', '2016-11-15', '12424', 'Ø§Ù„Ø²Ø¨Ø§Ø¨Ø¯Ø©', '22444222', '2016-11-24 14:44:15', 'milad@hotmail.com111', '134356', 0, '0000-00-00 00:00:00', '0000-00-00 00:00:00', '', 5, 0),
(52, 'ali', '0ali', '1ali', 'ali2', 875487547, 'f', '2016-01-20', 'Ø¬Ù†ÙŠÙ†/Ø§Ù„Ø²Ø¨Ø§Ø', 'Ø§Ù„Ø²Ø¨Ø§Ø¨Ø¯Ø©', '', '2016-11-29 13:08:27', 'ali@gmail.com', '', 0, '0000-00-00 00:00:00', '0000-00-00 00:00:00', '', 0, 0),
(53, 'ahmad1', 'ahmad2', 'ahmad3', 'ahmad4', 123455432, 'f', '2016-11-01', 'zababdeh', '', '', '2016-11-29 13:12:48', 'ahmad@gmail.com', '', 0, '0000-00-00 00:00:00', '0000-00-00 00:00:00', '', 5, 0),
(59, 'Ù…Ø±ÙˆØ§Ù†', 'Ù…ÙŠÙ„Ø§Ø¯', 'Ø§Ø¨Ø±Ø§Ù‡ÙŠÙ…', 'Ø§Ù„Ø¹Ù†Ø·Ø¨ÙŠÙ„', 159159159, 'f', '2016-12-07', 'zababdeh', 'Ø§Ù„Ø¬Ø§Ù…Ø¹Ø©', '8877', '2016-12-02 23:43:02', 'mario_melan@yahoo.com', '42520087', 0, '0000-00-00 00:00:00', '0000-00-00 00:00:00', '', 5, 0);

-- --------------------------------------------------------

--
-- Table structure for table `userschool`
--

CREATE TABLE `userschool` (
  `UserId` int(20) NOT NULL,
  `SchoolId` int(20) NOT NULL
) ENGINE=InnoDB DEFAULT CHARSET=latin1;

--
-- Dumping data for table `userschool`
--

INSERT INTO `userschool` (`UserId`, `SchoolId`) VALUES
(1, 1),
(1, 4),
(2, 2),
(3, 3),
(4, 4),
(5, 1),
(11, 1),
(13, 5),
(24, 1),
(40, 1),
(44, 1),
(47, 1),
(48, 1),
(50, 1),
(51, 1),
(52, 1),
(59, 1);

-- --------------------------------------------------------

--
-- Table structure for table `video`
--

CREATE TABLE `video` (
  `VideoId` int(10) NOT NULL,
  `VideoName` varchar(50) NOT NULL,
  `VideoDisc` varchar(100) NOT NULL
) ENGINE=InnoDB DEFAULT CHARSET=latin1;

--
-- Indexes for dumped tables
--

--
-- Indexes for table `admin`
--
ALTER TABLE `admin`
  ADD PRIMARY KEY (`AdminId`);

--
-- Indexes for table `book`
--
ALTER TABLE `book`
  ADD PRIMARY KEY (`BookId`);

--
-- Indexes for table `form`
--
ALTER TABLE `form`
  ADD PRIMARY KEY (`FormId`);

--
-- Indexes for table `governorate`
--
ALTER TABLE `governorate`
  ADD PRIMARY KEY (`GovernorateID`);

--
-- Indexes for table `licence`
--
ALTER TABLE `licence`
  ADD PRIMARY KEY (`LicenceId`);

--
-- Indexes for table `login`
--
ALTER TABLE `login`
  ADD PRIMARY KEY (`LoginId`),
  ADD UNIQUE KEY `Email` (`Email`),
  ADD KEY `Email_2` (`Email`);

--
-- Indexes for table `payments`
--
ALTER TABLE `payments`
  ADD PRIMARY KEY (`PaymentId`),
  ADD KEY `UserId` (`UserId`),
  ADD KEY `Schoold` (`SchoolId`);

--
-- Indexes for table `questions`
--
ALTER TABLE `questions`
  ADD KEY `FormId` (`FormId`);

--
-- Indexes for table `schools`
--
ALTER TABLE `schools`
  ADD PRIMARY KEY (`SchoolId`),
  ADD UNIQUE KEY `Email` (`Email`);

--
-- Indexes for table `trafficsigns`
--
ALTER TABLE `trafficsigns`
  ADD PRIMARY KEY (`SignName`),
  ADD UNIQUE KEY `SignName` (`SignName`);

--
-- Indexes for table `users`
--
ALTER TABLE `users`
  ADD PRIMARY KEY (`UserId`),
  ADD UNIQUE KEY `IDN` (`IDN`),
  ADD UNIQUE KEY `Email` (`Email`),
  ADD KEY `LicenceId` (`LicenceId`);

--
-- Indexes for table `userschool`
--
ALTER TABLE `userschool`
  ADD PRIMARY KEY (`UserId`,`SchoolId`),
  ADD KEY `UserId` (`UserId`),
  ADD KEY `UserId_2` (`UserId`),
  ADD KEY `UserId_3` (`UserId`);

--
-- Indexes for table `video`
--
ALTER TABLE `video`
  ADD PRIMARY KEY (`VideoId`);

--
-- AUTO_INCREMENT for dumped tables
--

--
-- AUTO_INCREMENT for table `admin`
--
ALTER TABLE `admin`
  MODIFY `AdminId` int(10) NOT NULL AUTO_INCREMENT, AUTO_INCREMENT=2;
--
-- AUTO_INCREMENT for table `governorate`
--
ALTER TABLE `governorate`
  MODIFY `GovernorateID` int(11) NOT NULL AUTO_INCREMENT, AUTO_INCREMENT=3;
--
-- AUTO_INCREMENT for table `licence`
--
ALTER TABLE `licence`
  MODIFY `LicenceId` int(10) NOT NULL AUTO_INCREMENT, AUTO_INCREMENT=3;
--
-- AUTO_INCREMENT for table `login`
--
ALTER TABLE `login`
  MODIFY `LoginId` int(20) NOT NULL AUTO_INCREMENT, AUTO_INCREMENT=12;
--
-- AUTO_INCREMENT for table `payments`
--
ALTER TABLE `payments`
  MODIFY `PaymentId` int(20) NOT NULL AUTO_INCREMENT, AUTO_INCREMENT=17;
--
-- AUTO_INCREMENT for table `schools`
--
ALTER TABLE `schools`
  MODIFY `SchoolId` int(20) NOT NULL AUTO_INCREMENT, AUTO_INCREMENT=14;
--
-- AUTO_INCREMENT for table `users`
--
ALTER TABLE `users`
  MODIFY `UserId` int(10) NOT NULL AUTO_INCREMENT, AUTO_INCREMENT=60;
/*!40101 SET CHARACTER_SET_CLIENT=@OLD_CHARACTER_SET_CLIENT */;
/*!40101 SET CHARACTER_SET_RESULTS=@OLD_CHARACTER_SET_RESULTS */;
/*!40101 SET COLLATION_CONNECTION=@OLD_COLLATION_CONNECTION */;
